Taxpayer Number	Taxpayer Name	Taxpayer Address	Taxpayer City	Taxpayer State	Taxpayer Zip	Taxpayer County	Location Number	Location Name	Location Address	Location City	Location State	Location Zip	Location County	Inside/Outside City Limits	TABC Permit Number	Responsibility Begin Date	Responsibility End Date	Obligation End Date	Liquor Receipts	Wine Receipts	Beer Receipts	Cover Charge Receipts	Total Receipts
32047970895	HONDURAS MAYA CAFE & BAR LLC	8011 HAZEN ST	HOUSTON	TX	77036	101	1	HONDURAS MAYA CAFE & BAR LLC	5945 BELLAIRE BLVD STE B	HOUSTON	TX	77081	101	Y	MB817033	8/16/2012	9/12/2019	7/31/2019	0	0	0	0	0
17109091326	ROCKET BEVERAGE COMPANY LLC	11770 US HIGHWAY 1 STE 202	N PALM BEACH	FL	33408	0	9	ROCKET BEVERAGE COMPANY LLC	15405 KATY FWY	HOUSTON	TX	77094	101	Y	MB876203	6/25/2014		6/30/2019	934	45	743	0	1722
32063708120	GRAPEFRUIT TREE LLC	3210 W DALLAS ST	HOUSTON	TX	77019	101	1	BOUTIQUE NIGHTCLUB	5316 WASHINGTON AVE	HOUSTON	TX	77007	101	Y	MB105785055	9/7/2018	7/31/2022	11/30/2019	0	0	0	0	0
32050567265	NIGHTINGALE ROOM BAR, L.L.C.	1416 WESTHEIMER RD	HOUSTON	TX	77006	101	1	NIGHTINGALE ROOM BAR, L.L.C	308 MAIN ST STE 100	HOUSTON	TX	77002	101	Y	MB887256	10/16/2014	3/24/2020	8/31/2019	22474	99	5710	0	28283
32040365002	HUACALGO CORP	5819 GULF FWY STE 900	HOUSTON	TX	77023	101	1	OSTIONERIA MICHOACAN #11	5819 GULF FWY STE 900	HOUSTON	TX	77023	101	Y	MB741835	2/8/2010		2/28/2019	45770	0	95041	0	140811
17514764004	THE DOWNTOWN CLUB, INC.	3030 LYNDON B JOHNSON FWY	DALLAS	TX	75234	57	1	THE MET BUSINESS AND SPORTS CLUB AT DOWNTOWN	ONE ALLEN CENTER, 6TH FLOOR, 340 WEST DALLAS	HOUSTON	TX	77002	101	Y	MB502379	10/31/2001		6/30/2019	1614	1428	3158	0	6200
32051822677	VUELVE A LA VIDA MARISCOS, INC.	876 LOOP 337 STE 501	NEW BRAUNFELS	TX	78130	46	1	VIDA MARISCOS	22400 STATE HIGHWAY 249	HOUSTON	TX	77070	101	N	MB858528	12/4/2013		10/31/2019	57830	1852	87804	0	147486
17602437257	VOSS, INC.	3131 ARGONNE ST	HOUSTON	TX	77098	101	1	CARRABBA'S RESTAURANT	1399 S VOSS	HOUSTON	TX	77057	101	Y	MB202066	12/1/1993		4/30/2019	41301	130965	4539	0	176805
32067495682	BISHOP WILLOWBROOK PARK LESSEE LLC	9 W 57TH ST FL 43	NEW YORK	NY	10019	0	1	EMBARK AT WILLOWBROOK PARK	7575 WILLOW CHASE BLVD	HOUSTON	TX	77070	101	Y	MB105966035	12/14/2018	12/14/2022	11/30/2019	0	0	0	0	0
17427780618	BRISTOL-SHANDY GROUP, L.L.C.	230 STARBOARD AVE	ROCKPORT	TX	78382	4	2	WILD WEST - HOUSTON	6101 RICHMOND AVE	HOUSTON	TX	77057	101	Y	MB408838	3/9/1998	7/1/2021	6/30/2019	49440	1114	29513	0	80067
17606610388	INVESCO GROUP, INC.	6115 HILLCROFT ST	HOUSTON	TX	77081	101	3	BABILONIA	6115 HILLCROFT ST	HOUSTON	TX	77081	101	Y	MB540044	6/15/2004	3/4/2019	3/31/2019	0	0	0	0	13241
32065189212	7620 KATY FREEWAY, LLC	13939 NORTHWEST FWY	HOUSTON	TX	77040	101	1	7620 KATY FREEWAY	7620 KATY FWY STE 360	HOUSTON	TX	77024	101	Y	MB200066332	7/20/2018		4/30/2019	0	0	0	0	0
32052171488	B & R BUTCHERS, LTD.	1244 N POST OAK RD STE 100	HOUSTON	TX	77055	101	1	B & B BUTCHERS	1814 WASHINGTON AVE	HOUSTON	TX	77007	101	Y	MB904357	4/9/2015		9/30/2019	86902	187906	8993	0	283801
32056468773	STEAK 48 RIVER OAKS, LLC	7345 E ACOMA DR STE 101	SCOTTSDALE	AZ	85260	0	1	STEAK 48	4444 WESTHEIMER RD STE A01	HOUSTON	TX	77027	101	Y	MB934924	2/11/2016		1/31/2019	208314	312644	9149	0	530107
32051332867	THE HYLTON GROUP LLC	5718 WESTHEIMER RD STE 1000	HOUSTON	TX	77057	101	2	HYLTON'S CARIBBEAN KITCHEN	17020 BEAVER SPRINGS DR STE 10	HOUSTON	TX	77090	101	N	MB961934	10/24/2016	1/1/2019	1/31/2019	0	0	0	0	0
32055905759	IBH BAR, L.L.C.	26886 WELLINGTON CT	KINGWOOD	TX	77339	170	1	IBH BAR	3112 PARKER RD	HOUSTON	TX	77093	101	Y	MB498952	1/1/2015		4/30/2019	382	0	385	0	767
32051875626	SHADY BON TEMPS INC.	1205 W 19TH ST	HOUSTON	TX	77008	101	1	SHADY BON TEMPS INC.	1206 W 20TH ST	HOUSTON	TX	77008	101	Y	MB867616	3/26/2014		8/31/2019	10280	764	17113	0	28157
32054228120	S & KW CORPORATION	6617 CHIMNEY ROCK RD	HOUSTON	TX	77081	101	1	NAZARETH CAFE	6617 CHIMNEY ROCK RD	HOUSTON	TX	77081	101	Y	MB501287	8/1/2014		1/31/2019	3212	0	2509	0	5721
13837117863	THE ARMADILLO PALACE, LP	2422 BARTLETT ST STE 1	HOUSTON	TX	77098	101	1	THE ARMADILLO PALACE	5015 KIRBY DR	HOUSTON	TX	77098	101	Y	MB571652	1/6/2005		6/30/2019	52884	13267	23621	0	89772
32000861685	FOUNTAIN FOODS, INC.	25600 WESTHEIMER PKWY STE 110	KATY	TX	77494	79	2	HARVEST ORGANIC GRILLE	1810 FOUNTAIN VIEW DR	HOUSTON	TX	77057	101	Y	MB817402	8/21/2012	6/1/2019	1/31/2019	0	0	0	0	0
12054730135	PAC H. GREENWAY INC.	2712 SOUTHWEST FWY	HOUSTON	TX	77098	101	1	HOLIDAY INN SELECT NEAR GREENWAY PLAZA	2712 SOUTHWEST FWY	HOUSTON	TX	77098	101	Y	MB666006	7/19/2007		8/31/2019	5428	1759	3452	0	10639
32059274046	IRISH CBMT, LP	2450 LOUISIANA ST STE 400-262	HOUSTON	TX	77006	101	1	IRISH COWBOY	2300 LOUISIANA ST	HOUSTON	TX	77006	101	Y	MB939042	3/28/2016	1/13/2020	11/30/2019	0	0	0	0	0
17606941338	AMKS, INC.	10943 SCARSDALE BLVD	HOUSTON	TX	77089	101	1	PAPAGAYO'S	10943 SCARSDALE BLVD	HOUSTON	TX	77089	101	N	MB512615	4/5/2002		8/31/2019	11562	337	5418	0	17317
32054228120	S & KW CORPORATION	6617 CHIMNEY ROCK RD	HOUSTON	TX	77081	101	1	NAZARETH CAFE	6617 CHIMNEY ROCK RD	HOUSTON	TX	77081	101	Y	MB501287	8/1/2014		9/30/2019	1722	0	2052	0	3774
32030945532	HSIANG E ENTERPRISE, LLC	6315 HIGHWAY 36 S	ROSENBERG	TX	77471	79	1	SASAKI JAPANESE RESTAURANT	8979 WESTHEIMER RD	HOUSTON	TX	77063	101	Y	MB687159	3/18/2008	7/20/2022	4/30/2019	1006	1063	951	0	3020
17601930666	PAPPAS RESTAURANTS, INC.	13939 NORTHWEST FWY	HOUSTON	TX	77040	101	85	PAPPAS BAR B-Q #4	7007 SOUTHWEST FWY	HOUSTON	TX	77074	101	Y	MB671250	9/13/2007		8/31/2019	562	32	1433	0	2027
32059274046	IRISH CBMT, LP	2450 LOUISIANA ST STE 400-262	HOUSTON	TX	77006	101	1	IRISH COWBOY	2300 LOUISIANA ST	HOUSTON	TX	77006	101	Y	MB939042	3/28/2016	1/13/2020	3/31/2019	0	0	0	0	0
17427780618	BRISTOL-SHANDY GROUP, L.L.C.	230 STARBOARD AVE	ROCKPORT	TX	78382	4	2	WILD WEST - HOUSTON	6101 RICHMOND AVE	HOUSTON	TX	77057	101	Y	MB408838	3/9/1998	7/1/2021	1/31/2019	55757	1145	34286	0	91188
32059688088	RICHMOND MIA BELLA, LLC	19 MAYMONT WAY	SPRING	TX	77382	170	1	MIA BELLA TRATTORIA	3773 RICHMOND AVE STE 1A	HOUSTON	TX	77046	101	Y	MB981463	5/9/2017	6/13/2019	1/31/2019	12965	25073	2298	0	40336
32064529400	TWO BIRD'S CARWASH DAIQUIRI & GRILL, LLC.	8711 GRASSWREN RD	RICHMOND	TX	77407	79	1	TWO BIRD'S CARWASH DAIQUIRI & GRILL	6613 BOWLING GREEN ST	HOUSTON	TX	77021	101	Y	MB1008720	3/1/2018	9/1/2020	7/31/2019	0	0	0	0	0
32049370763	OKRA CHARITY SALOON, L.L.C.	1416 WESTHEIMER RD	HOUSTON	TX	77006	101	1	OKRA CHARITY SALOON, L.L.C.	924 CONGRESS ST	HOUSTON	TX	77002	101	Y	MB826889	12/14/2012		8/31/2019	56524	4084	17115	0	77723
32049431060	AXELRAD BEER GARDEN, LTD.	1517 ALABAMA ST	HOUSTON	TX	77004	101	1	AXELRAD BEER GARDEN	3700 ALMEDA RD	HOUSTON	TX	77004	101	Y	MB935069	2/12/2016		4/30/2019	199578	17116	192245	0	408939
32041065668	WILLOWBROOK LODGING GROUP LLC	22790 HIGHWAY 59 N	KINGWOOD	TX	77339	170	1	LAQUINTA INN & SUITES	8383 CYPRESS CREEK PKWY	HOUSTON	TX	77070	101	Y	MB826490	12/10/2012		7/31/2019	220	21	384	0	625
32062812436	RJE ENTERPRISES, INC.	9322 TIMBERSIDE DR	HOUSTON	TX	77025	101	1	TEXADELPHIA RESTAURANT	8383 WESTHEIMER RD STE 114	HOUSTON	TX	77063	101	Y	MB989303	7/25/2017		6/30/2019	620	96	1183	0	1899
17524461674	OUTBACK BEVERAGES OF TEXAS, LLC	2202 N WEST SHORE BLVD STE 500	TAMPA	FL	33607	0	43	OUTBACK STEAKHOUSE	7070 HIGHWAY 6 N	HOUSTON	TX	77095	101	Y	MB547726	1/1/2008		8/31/2019	12368	6954	6618	0	25940
32062604916	HUSTLE AT 2704 GROUP, LP	2117 EVERETT ST	HOUSTON	TX	77009	101	1	NANCY'S HUSTLE	2704 POLK ST STE A	HOUSTON	TX	77003	101	Y	MB995444	9/26/2017		6/30/2019	49296	56096	4377	0	109769
32063440716	GSM WINGS VI, LLC	12660 S KIRKWOOD RD	STAFFORD	TX	77477	79	1	BREWINGZ	5598 NORTH FWY STE B	HOUSTON	TX	77076	101	Y	MB843942	11/1/2017		8/31/2019	4545	30	7264	0	11839
13837173353	APT BAR, LTD.	1701 COMMONWEALTH ST	HOUSTON	TX	77006	101	1	THE FLAT	1701 COMMONWEALTH ST	HOUSTON	TX	77006	101	Y	MB606626	7/1/2005		8/31/2019	42426	2188	4182	0	48796
18002059535	COMMUNITY WINE BAR LLC	1728 W MAIN ST	HOUSTON	TX	77098	101	1	COMMUNITY WINE BAR	2703 SMITH ST	HOUSTON	TX	77006	101	Y	MB702271	8/29/2008		8/31/2019	16377	1362	1563	0	19302
12640695560	ANVIL BAR & REFUGE, LTD.	1416 WESTHEIMER RD	HOUSTON	TX	77006	101	1	ANVIL	1424 WESTHEIMER RD STE B	HOUSTON	TX	77006	101	Y	MB716737	3/10/2009		8/31/2019	190795	2240	4654	0	197689
32055622909	HG HOTEL BEVERAGE LLC	10306 EATON PL STE 430	FAIRFAX	VA	22030	0	1	HG HOTEL BEVERAGE LLC	5353 WESTHEIMER RD	HOUSTON	TX	77056	101	Y	MB902110	3/23/2015		12/31/2019	11485	4036	6961	0	22482
32004534056	CHRISTOS STATHATOS	416 76TH ST	HOUSTON	TX	77012	101	2	DON CARLOS MEXICAN RESTAURANT #2	8385 BROADWAY ST	HOUSTON	TX	77061	101	Y	MB246947	6/22/1994		8/31/2019	11487	42	5662	0	17191
32011973479	DHANU-LAXMI, INC.	6690 SOUTHWEST FWY	HOUSTON	TX	77074	101	1	LONDON SIZZLER INDIAN BAR & GRILL	6690 SOUTHWEST FWY	HOUSTON	TX	77074	101	Y	MB545142	10/20/2003		10/31/2019	9554	1783	9554	0	20891
32064970695	NEPTUNE CONTRACTORS, LLC	9211 HOUSE LAKE DR	MISSOURI CITY	TX	77459	79	1	SWAGGER 2	9880 BUFFALO SPEEDWAY	HOUSTON	TX	77025	101	Y	MB105704524	4/9/2019		8/31/2019	85411	1933	10036	0	97380
32058505416	S KARAOKE, INC.	9504 LONG POINT RD STE J	HOUSTON	TX	77055	101	1	S KARAOKE	9504 LONG POINT RD STE J	HOUSTON	TX	77055	101	Y	MB945400	5/26/2016	11/30/2022	5/31/2019	1720	18	288	0	2026
18611104292	PO GRILL GALLERIA, LLC	1415 S POST OAK LN	HOUSTON	TX	77056	101	1	POST OAK GRILL	1415 S POST OAK LN	HOUSTON	TX	77056	101	Y	MB569477	12/17/2004		6/30/2019	12256	16898	1356	0	30510
32065612262	27TH ST ICE HOUSE LLC	2519 WOODHEAD ST	HOUSTON	TX	77019	101	2	TIKILA'S	2708 N SHEPHERD DR	HOUSTON	TX	77008	101	Y	MB1072652	11/13/2019		12/31/2019	62868	1692	14418	0	78978
32052019083	ASYLUM ENTERTAINMENT, LLC	9668 WESTHEIMER RD STE 200 # 38	HOUSTON	TX	77063	101	1	MARFRELESS	2006 PEDEN ST	HOUSTON	TX	77019	101	Y	MB962437	10/26/2016		3/31/2019	32232	7102	9042	0	48376
17602643805	JOHNATHAN-LLOYD CORPORATION	13180 WESTPARK DR STE 301	HOUSTON	TX	77082	101	3	JUMP'S BAR & GRILL	13180 WESTPARK DR STE 301	HOUSTON	TX	77082	101	Y	MB205374	12/1/1993		8/31/2019	38501	460	15685	0	54646
32054228120	S & KW CORPORATION	6617 CHIMNEY ROCK RD	HOUSTON	TX	77081	101	1	NAZARETH CAFE	6617 CHIMNEY ROCK RD	HOUSTON	TX	77081	101	Y	MB501287	8/1/2014		11/30/2019	1054	0	712	0	1766
32065327820	TEX MEX GRILL & BAR LLC	12620 FM 1960 RD W STE A1	HOUSTON	TX	77065	101	1	TEX MEX GRILL & BAR	17117 FM 529 RD	HOUSTON	TX	77095	101	Y	MB1023749	7/21/2020	7/31/2020	7/31/2019	3469	0	2700	0	6169
32057683230	SPRING BRANCH PUB & GRILL, LLC	PO BOX 430030	HOUSTON	TX	77243	101	1	SPRING BRANCH PUB & GRILL	8510 HAMMERLY BLVD	HOUSTON	TX	77055	101	Y	MB926712	11/12/2015	10/28/2019	3/31/2019	7180	130	9250	0	16560
12642487412	PH LIQUOR CO., LLC	417 OAKBEND DR STE 170 C/O MAGNOLIA LODG	LEWISVILLE	TX	75067	61	1	CULTIVATED F+B	701 TEXAS ST	HOUSTON	TX	77002	101	Y	MB718575	4/1/2009		8/31/2019	16889	19791	2700	0	39380
12605853402	SDG DOWNTOWN BEVERAGE, LLC	5858 WESTHEIMER RD STE 101	HOUSTON	TX	77057	101	2	THE GROVE	1611 LAMAR ST	HOUSTON	TX	77010	101	Y	MB677397	3/1/2008		4/30/2019	62137	62871	20479	0	145487
32064970695	NEPTUNE CONTRACTORS, LLC	9211 HOUSE LAKE DR	MISSOURI CITY	TX	77459	79	1	SWAGGER 2	9880 BUFFALO SPEEDWAY	HOUSTON	TX	77025	101	Y	MB1016995	4/9/2019		4/30/2019	76009	9010	2471	0	87490
32063084811	WLC GROUP LLC	3206 PATRICIA LN	PEARLAND	TX	77581	20	1	HIGH & DRY	306 MAIN ST STE 200	HOUSTON	TX	77002	101	Y	MB989611	7/27/2017	7/1/2023	6/30/2019	62894	2196	7714	0	72804
32046638105	HOUSTON GROOVES, LLC	2300 PIERCE ST	HOUSTON	TX	77003	101	1	GROOVES OF HOUSTON	2300 PIERCE ST	HOUSTON	TX	77003	101	Y	MB776942	5/25/2012		8/31/2019	47604	501	2714	0	50819
17405233309	BRAE-BURN COUNTRY CLUB	8101 BISSONNET ST STE A	HOUSTON	TX	77074	101	1	BRAE-BURN COUNTRY CLUB	8101 BISSONNET ST	HOUSTON	TX	77074	101	Y	MB096819	12/1/1993		6/30/2019	35862	19093	10678	0	65633
32071041555	URBAN 360 CLUB LLC	14518 TIMBERLEAF DR	MAGNOLIA	TX	77355	170	1	URBAN 360 CLUB	5900 MEMORIAL DR STE 102	HOUSTON	TX	77007	101	Y	MB1066616	9/17/2019	12/2/2019	10/31/2019	3139	0	705	0	3844
32044292376	OEAT ENTERPRISES, LLC	26122 ALLENFORD CT	KATY	TX	77494	79	1	ISLAND SPICE MARKET	17802 W LITTLE YORK RD	HOUSTON	TX	77084	101	Y	MB825163	11/20/2012		10/31/2019	4492	127	1256	0	5875
17603293352	PAR THREE INVESTMENT, INC.	3122 DUNVALE RD	HOUSTON	TX	77063	101	1	THE HIDEAWAY ON DUNVALE	3122 DUNVALE RD	HOUSTON	TX	77063	101	Y	MB224302	12/1/1993		10/31/2019	48392	1253	45135	0	94780
32059760796	THE FINAL SCORE, INC.	8422 KIRKBROOK DR	HOUSTON	TX	77089	101	1	THE FINAL SCORE, INC.	12880 BEAMER RD	HOUSTON	TX	77089	101	Y	MB956977	9/7/2016	3/1/2021	10/31/2019	19666	0	13658	0	33324
17519330587	CHILI'S BEVERAGE COMPANY, INC.	3000 OLYMPUS BLVD C/O TAX DEPARTMENT	COPPELL	TX	75019	57	287	CHILI'S GRILL & BAR	13050 NORTHWEST FWY	HOUSTON	TX	77040	101	Y	MB649284	1/22/2007		6/30/2019	17021	723	4757	0	22501
17527408888	ROADHOUSE ENTERPRISES, INC.	6040 DUTCHMANS LN ATTN: TAX DEPT	LOUISVILLE	KY	40205	0	7	TEXAS ROADHOUSE	13345 FM 1960 RD W	HOUSTON	TX	77065	101	Y	MB484473	12/6/2000		2/28/2019	27042	4275	22349	0	53666
17605169741	AY COCULA, INC.	8145 HIGHWAY 6 S STE 144	HOUSTON	TX	77083	101	1	TEQUILA LOPEZ MEXICAN RESTAURANT	8145 HIGHWAY 6 S STE 144	HOUSTON	TX	77083	101	N	MB406618	1/22/1997		3/31/2019	7358	287	9486	0	17131
17604872857	IRMA'S RESTAURANT INC.	22 N CHENEVERT ST	HOUSTON	TX	77002	101	1	IRMA'S	22 N CHENEVERT ST	HOUSTON	TX	77002	101	Y	MB469831	4/7/2000		8/31/2019	41361	140	5100	0	46601
32041065668	WILLOWBROOK LODGING GROUP LLC	22790 HIGHWAY 59 N	KINGWOOD	TX	77339	170	1	LAQUINTA INN & SUITES	8383 CYPRESS CREEK PKWY	HOUSTON	TX	77070	101	Y	MB826490	12/10/2012		6/30/2019	1439	56	745	0	2240
13522355430	PADDY HORAN'S IRISH PUB, INC.	2404 PELHAM DR	HOUSTON	TX	77019	101	1	JOHNNY MCELROY'S IRISH PUB	1223 WAUGH DR	HOUSTON	TX	77019	101	Y	MB663518	6/20/2007		4/30/2019	17854	3307	18583	0	39744
32054484723	SOUTHEAST RESTAURANT GROUP-MAIN, LLC	1201 CANAL ST STE C2	NEW ORLEANS	LA	70112	0	1	TGIFRIDAY'S	12895 GULF FWY	HOUSTON	TX	77034	101	Y	MB885735	9/30/2014	9/12/2019	1/31/2019	26552	1782	7812	0	36146
32052222893	CASS #2 CAJUN RESTAURANTS LLC	12008 EAST FWY	HOUSTON	TX	77029	101	1	BLUE BAYOU CAFE	12008 EAST FWY	HOUSTON	TX	77029	101	Y	MB867748	3/27/2014		6/30/2019	10377	303	12091	0	22771
32063084811	WLC GROUP LLC	3206 PATRICIA LN	PEARLAND	TX	77581	20	1	HIGH & DRY	306 MAIN ST STE 200	HOUSTON	TX	77002	101	Y	MB989611	7/27/2017	7/1/2023	5/31/2019	53574	2367	5386	0	61327
32010676099	MARTIN FLORES	7430 GUINEVERE DR	SUGAR LAND	TX	77479	79	5	LA CASA BLANCA PARTY HALL	1517 GEARS RD	HOUSTON	TX	77067	101	Y	MB956261	8/31/2016	4/30/2024	4/30/2019	1964	0	1075	0	3039
32041274864	LOADED, LLC	3622 MAIN ST STE D	HOUSTON	TX	77002	101	1	DOUBLE TROUBLE CAFFEINE AND COCKTAILS	3622 MAIN ST STE D	HOUSTON	TX	77002	101	Y	MB781335	8/2/2011		10/31/2019	24093	395	3527	0	28015
17606284846	MANDOLA BROS. L.L.C.	4302 RICHMOND AVE	HOUSTON	TX	77027	101	1	RAGIN CAJUN	80 WOODLAKE SQ	HOUSTON	TX	77063	101	Y	MB472201	5/23/2000	2/1/2022	5/31/2019	13982	3855	14643	0	32480
17519330587	CHILI'S BEVERAGE COMPANY, INC.	3000 OLYMPUS BLVD C/O TAX DEPARTMENT	COPPELL	TX	75019	57	225	CHILIS #1106 HOUSTON	2110 HIGHWAY 6 S	HOUSTON	TX	77077	101	Y	MB509925	7/1/2005		4/30/2019	23613	985	6517	0	31115
32043640120	LUCILLE B. SMITH'S FINE FOODS, LLC	5512 LA BRANCH ST	HOUSTON	TX	77004	101	1	LUCILLE'S	5512 LA BRANCH ST	HOUSTON	TX	77004	101	Y	MB810737	6/15/2012		12/31/2019	5613	3807	3175	0	12595
32044292376	OEAT ENTERPRISES, LLC	26122 ALLENFORD CT	KATY	TX	77494	79	1	ISLAND SPICE MARKET	17802 W LITTLE YORK RD	HOUSTON	TX	77084	101	Y	MB825163	11/20/2012		6/30/2019	2178	30	856	0	3064
17606284846	MANDOLA BROS. L.L.C.	4302 RICHMOND AVE	HOUSTON	TX	77027	101	1	RAGIN CAJUN	80 WOODLAKE SQ	HOUSTON	TX	77063	101	Y	MB472201	5/23/2000	2/1/2022	6/30/2019	8139	1909	7491	0	17539
12050009351	MOKU ENTERPRISE LLC	5010 LAKESIDE CT	PASADENA	TX	77504	101	1	WINGS PIZZA N THINGS #1	11510 SPACE CENTER BLVD #G	HOUSTON	TX	77059	101	Y	MB645718	11/27/2006		2/28/2019	8406	473	11263	0	20142
32038555739	VALENCIA ORANGES IV, LLC	4400 POST OAK PKWY STE 1640	HOUSTON	TX	77027	101	3	VALENCIA ORANGES IV, LLC	800 TOWN AND COUNTRY BLVD STE 139	HOUSTON	TX	77024	101	Y	MB790378	11/17/2011	3/20/2020	4/30/2019	10132	3990	1332	0	15454
12639540520	RESERVOIR INC	9950 WESTPARK DR STE 415	HOUSTON	TX	77063	101	1	REBELS HONKY TONK	5002 WASHINGTON AVE	HOUSTON	TX	77007	101	Y	MB718443	3/31/2009	6/24/2019	1/31/2019	15651	1028	9088	0	25767
32078101253	B & G TREE HOUSE, INC.	901 NASA PKWY	HOUSTON	TX	77058	101	1	TREE HOUSE	901 NASA PKWY	HOUSTON	TX	77058	101	Y	MB227149	12/1/1993		3/31/2019	22325	707	10750	0	33782
32059274046	IRISH CBMT, LP	2450 LOUISIANA ST STE 400-262	HOUSTON	TX	77006	101	1	IRISH COWBOY	2300 LOUISIANA ST	HOUSTON	TX	77006	101	Y	MB939042	3/28/2016	1/13/2020	1/31/2019	0	0	0	0	0
17606430464	LIZZARD'S, INC.	2715 SACKETT ST	HOUSTON	TX	77098	101	1	LIZZARD'S PUB	2715 SACKETT ST	HOUSTON	TX	77098	101	Y	MB198066	7/1/2000		8/31/2019	26674	582	14778	0	42034
32061597749	TIMES INFINITY, LLC	37 SCOTSMOOR CT	SUGAR LAND	TX	77479	79	1	STRAYLIGHT	3229 NAVIGATION BLVD STE A	HOUSTON	TX	77003	101	Y	MB989040	7/21/2017	7/20/2021	10/31/2019	0	0	0	0	0
17606284846	MANDOLA BROS. L.L.C.	4302 RICHMOND AVE	HOUSTON	TX	77027	101	1	RAGIN CAJUN	80 WOODLAKE SQ	HOUSTON	TX	77063	101	Y	MB472201	5/23/2000	2/1/2022	11/30/2019	7122	2929	5681	0	15732
32061597749	TIMES INFINITY, LLC	37 SCOTSMOOR CT	SUGAR LAND	TX	77479	79	1	STRAYLIGHT	3229 NAVIGATION BLVD STE A	HOUSTON	TX	77003	101	Y	MB989040	7/21/2017	7/20/2021	9/30/2019	0	0	0	0	0
17602505673	WILLIE G'S POST OAK, LLC	1510 WEST LOOP S ATTNLICENSING DEPT	HOUSTON	TX	77027	101	4	BRENNER'S STEAKHOUSE	10911 KATY FWY	HOUSTON	TX	77079	101	Y	MB528972	1/10/2003		7/31/2019	25225	70187	2258	0	97670
17600480549	TEXANA BRAND, LLC	2422 BARTLETT ST STE 1	HOUSTON	TX	77098	101	2	GOODE COMPANY HAMBURGER	4902 KIRBY DR	HOUSTON	TX	77098	101	Y	MB177556	12/1/1993		2/28/2019	15488	1625	4786	0	21899
32052171488	B & R BUTCHERS, LTD.	1244 N POST OAK RD STE 100	HOUSTON	TX	77055	101	1	B & B BUTCHERS	1814 WASHINGTON AVE	HOUSTON	TX	77007	101	Y	MB904357	4/9/2015		6/30/2019	107885	196760	10281	0	314926
17606555732	ROYAL OAKS HOUSTON BEVERAGE LLC	2910 ROYAL OAKS CLUB DR ATTN: CLUB A/P	HOUSTON	TX	77082	101	1	ROYAL OAKS COUNTRY CLUB	2910 ROYAL OAKS CLUB DR	HOUSTON	TX	77082	101	Y	MB480528	9/25/2000		8/31/2019	26953	29969	7616	0	64538
17519330587	CHILI'S BEVERAGE COMPANY, INC.	3000 OLYMPUS BLVD C/O TAX DEPARTMENT	COPPELL	TX	75019	57	225	CHILIS #1106 HOUSTON	2110 HIGHWAY 6 S	HOUSTON	TX	77077	101	Y	MB509925	7/1/2005		6/30/2019	14455	824	4517	0	19796
32052171488	B & R BUTCHERS, LTD.	1244 N POST OAK RD STE 100	HOUSTON	TX	77055	101	1	B & B BUTCHERS	1814 WASHINGTON AVE	HOUSTON	TX	77007	101	Y	MB904357	4/9/2015		7/31/2019	87406	173591	9674	0	270671
32068696031	JOSE REYES & SONS, INC.	13410 SAND MOUNTAIN LN	HOUSTON	TX	77044	101	1	MANUEL'S MEXICAN RESTUARANT	13083 W LAKE HOUSTON PKWY	HOUSTON	TX	77044	101	Y	MB549969	1/8/2019		8/31/2019	7360	169	3150	0	10679
32058533301	HOUSTON 506 MAIN CONCEPT, L.L.C.	2450 LOUISIANA ST STE 400-935	HOUSTON	TX	77006	101	1	BOOTS 'N SHOOTS	506 MAIN ST	HOUSTON	TX	77002	101	Y	MB927594	11/20/2015	1/5/2023	3/31/2019	150112	2117	29539	0	181768
32039541860	GREEN GINGER INC.	1574 W GRAY ST	HOUSTON	TX	77019	101	2	CAFE GINGER	1574 W GRAY ST	HOUSTON	TX	77019	101	Y	MB734102	4/19/2018		6/30/2019	9534	18251	760	0	28545
32058380380	ALESH CORPORATION	6802 REGAL LAKES DR	KATY	TX	77493	101	1	CENTENARIO POOL & BAR	9890 SOUTHWEST FWY	HOUSTON	TX	77074	101	Y	MB939774	4/4/2016	2/8/2021	11/30/2019	2257	0	6884	0	9141
32010688474	MARIANA LEMESOFF	1603 NORTHWOOD ST	HOUSTON	TX	77009	101	2	AVANT GARDEN	411 WESTHEIMER RD	HOUSTON	TX	77006	101	Y	MB474749	6/29/2000		8/31/2019	21170	2990	9142	0	33302
32056935284	NORBERTO GARZA	6648 AVENUE O	HOUSTON	TX	77011	101	1	THE KICKBACK SPORTS BAR	4401 HARRISBURG BLVD # B	HOUSTON	TX	77011	101	Y	MB911039	6/12/2015		1/31/2019	0	0	0	0	0
15623303383	ROMERO'S LAS BRAZAS, INC.	15703 LONGENBAUGH DR STE A	HOUSTON	TX	77095	101	2	ROMERO'S LAS BRAZAS MEXICAN KITCHEN	15703 LONGENBAUGH DR STE A	HOUSTON	TX	77095	101	Y	MB537036	11/1/2010		2/28/2019	34025	2759	7861	0	44645
32040733837	LARSUNNY LLC	902 CAPITOL ST	HOUSTON	TX	77002	101	1	SUNNY'S	902 CAPITOL ST	HOUSTON	TX	77002	101	Y	MB748920	5/25/2010		10/31/2019	16273	3013	40983	0	60269
32066322630	LIN & CHEN 138 LLC	17278 STATE HIGHWAY 249	HOUSTON	TX	77064	101	1	JUICY CRAB	17278 STATE HIGHWAY 249	HOUSTON	TX	77064	101	Y	MB106105959	2/20/2019		3/31/2019	0	0	0	0	0
32069879081	SOHO CHICKEN, LLC	9393 BELLAIRE BLVD STE A3	HOUSTON	TX	77036	101	1	SOHO CHICKEN	9393 BELLAIRE BLVD STE A3	HOUSTON	TX	77036	101	Y	MB200121165	5/28/2024		10/31/2019	277	0	1086	1613	2976
14709175971	NEW GOLDEN SEA, INC.	4151 SOUTHWEST FWY STE 620	HOUSTON	TX	77027	101	1	GOLDEN SEAFOOD HOUSE	2407 AIRLINE DR	HOUSTON	TX	77009	101	Y	MB661560	6/1/2007		8/31/2019	0	0	40881	0	40881
17601930666	PAPPAS RESTAURANTS, INC.	13939 NORTHWEST FWY	HOUSTON	TX	77040	101	51	PAPPAS BURGER	5815 WESTHEIMER RD	HOUSTON	TX	77057	101	Y	MB502140	10/9/2001		8/31/2019	3075	2502	7039	0	12616
12633325910	TACO DE ORO MEXICAN RESTAURANT INC	9740 BARKER CYPRESS RD STE 105	CYPRESS	TX	77433	101	2	TACO DE ORO MEXICAN RESTAURANT #2	16506 FM 529 RD STE 101	HOUSTON	TX	77095	101	Y	MB945022	5/24/2016		10/31/2019	0	0	0	0	0
32066322630	LIN & CHEN 138 LLC	17278 STATE HIGHWAY 249	HOUSTON	TX	77064	101	1	JUICY CRAB	17278 STATE HIGHWAY 249	HOUSTON	TX	77064	101	Y	MB106105959	2/20/2019		9/30/2019	30683	1389	5255	0	37327
32043640120	LUCILLE B. SMITH'S FINE FOODS, LLC	5512 LA BRANCH ST	HOUSTON	TX	77004	101	1	LUCILLE'S	5512 LA BRANCH ST	HOUSTON	TX	77004	101	Y	MB810737	6/15/2012		7/31/2019	15307	11020	1456	0	27783
32058533301	HOUSTON 506 MAIN CONCEPT, L.L.C.	2450 LOUISIANA ST STE 400-935	HOUSTON	TX	77006	101	1	BOOTS 'N SHOOTS	506 MAIN ST	HOUSTON	TX	77002	101	Y	MB927594	11/20/2015	1/5/2023	2/28/2019	125297	965	26930	0	153192
32052536870	SCLV HOUSTON BEVERAGE LLC	1300 LAMAR ST	HOUSTON	TX	77010	101	1	FOUR SEASON HOTEL HOUSTON	1300 LAMAR ST	HOUSTON	TX	77010	101	Y	MB867638	3/27/2014		8/31/2019	140102	67169	25028	0	232299
32038588961	ACE & ME CORPORATION	9504 LONG POINT RD STE A	HOUSTON	TX	77055	101	2	TREE	9504 LONG POINT RD STE A	HOUSTON	TX	77055	101	Y	MB776173	6/1/2011		10/31/2019	7331	0	618	0	7949
32059009046	EL CABALLO BLANCO RESTAURANT, LLC	6028 S GESSNER RD	HOUSTON	TX	77036	101	1	EL CABALLO BLANCO RESTAURANT	6028 S GESSNER RD	HOUSTON	TX	77036	101	Y	MB990322	8/4/2017		10/31/2019	3122	308	18592	0	22022
32051021346	BREWSKIS NO. 5, LLC	17938 BANDERA RIDGE LN	CYPRESS	TX	77433	101	1	BREWSKIS PUB & PATIO SPORTS BAR & GRILL-BELTWAY	8050 N SAM HOUSTON PKWY W # 500	HOUSTON	TX	77064	101	N	MB857273	11/15/2013	5/30/2024	7/31/2019	21118	191	16936	0	38245
13000370430	1859-BEVERAGE COMPANY	PO BOX 59	GALVESTON	TX	77553	84	6	DOUBLETREE BY HILTON HOUSTON HOBBY AIRPORT	8181 AIRPORT BLVD	HOUSTON	TX	77061	101	Y	MB520304	8/19/2002		8/31/2019	12281	6340	7875	0	26496
17606803124	LE MISTRAL, LTD.	PO BOX 550791	HOUSTON	TX	77255	101	1	LE MISTRAL LTD	1400 ELDRIDGE PKWY	HOUSTON	TX	77077	101	Y	MB506633	12/17/2001	12/31/2019	9/30/2019	6305	27804	1181	0	35290
32052171488	B & R BUTCHERS, LTD.	1244 N POST OAK RD STE 100	HOUSTON	TX	77055	101	1	B & B BUTCHERS	1814 WASHINGTON AVE	HOUSTON	TX	77007	101	Y	MB904357	4/9/2015		2/28/2019	105053	213222	11246	0	329521
17521332019	OLIVE GARDEN OF TEXAS, LLC	PO BOX 695011	ORLANDO	FL	32869	0	106	OLIVE GARDEN OF TEXAS #4477	15770 NORTH FWY	HOUSTON	TX	77090	101	Y	MB860311	12/30/2013		8/31/2019	12085	7049	3157	0	22291
12019039101	MARY'Z MEDITERRANEAN CUISINE, INC.	5825 RICHMOND AVE	HOUSTON	TX	77057	101	1	MARY'Z MEDITERRANEAN CUISINE, INC.	5825 RICHMOND AVE	HOUSTON	TX	77057	101	Y	MB712106	1/12/2009		10/31/2019	12422	8118	3824	0	24364
32065565031	SOUTH SIDE WESTHEIMER RESTAURANT GROUP, L.L.C.	715 E 13TH ST	HOUSTON	TX	77008	101	1	UB PRESERV	1609 WESTHEIMER RD	HOUSTON	TX	77006	101	Y	MB1009255	3/8/2018	6/30/2022	3/31/2019	26050	29016	3070	0	58136
32058533301	HOUSTON 506 MAIN CONCEPT, L.L.C.	2450 LOUISIANA ST STE 400-935	HOUSTON	TX	77006	101	1	BOOTS 'N SHOOTS	506 MAIN ST	HOUSTON	TX	77002	101	Y	MB927594	11/20/2015	1/5/2023	4/30/2019	102822	627	19985	0	123434
32038555739	VALENCIA ORANGES IV, LLC	4400 POST OAK PKWY STE 1640	HOUSTON	TX	77027	101	3	VALENCIA ORANGES IV, LLC	800 TOWN AND COUNTRY BLVD STE 139	HOUSTON	TX	77024	101	Y	MB790378	11/17/2011	3/20/2020	11/30/2019	4562	1338	433	0	6333
32065565031	SOUTH SIDE WESTHEIMER RESTAURANT GROUP, L.L.C.	715 E 13TH ST	HOUSTON	TX	77008	101	1	UB PRESERV	1609 WESTHEIMER RD	HOUSTON	TX	77006	101	Y	MB1009255	3/8/2018	6/30/2022	1/31/2019	22754	24802	2286	0	49842
17412937876	CHAMPIONS GOLF CLUB, INC.	13722 CHAMPIONS DR	HOUSTON	TX	77069	101	1	CHAMPION GOLF CLUB, INC.	13722 CHAMPIONS DR	HOUSTON	TX	77069	101	N	MB239975	12/1/1993		8/31/2019	18790	13239	10676	0	42705
32062576528	MPLANT CORPORATION	3114 WATERS VIEW DR	SUGAR LAND	TX	77478	79	1	SUNRISE BAR & GRILL	8330 W BELLFORT ST STE C	HOUSTON	TX	77071	101	Y	MB983476	5/25/2017	5/28/2019	2/28/2019	0	0	0	0	0
17602974523	COMA BIEN, INC.	12822 WILLOW CENTRE DR STE A	HOUSTON	TX	77066	101	2	TAQUERIA ARANDAS #4	1840 WIRT RD	HOUSTON	TX	77055	101	Y	MB869947	4/21/2014		6/30/2019	2672	0	9405	0	12077
12604652490	IGUANA JOE'S BW8, INC.	9118 N HIGHWAY 146	BAYTOWN	TX	77523	36	1	IGUANA JOE'S MEXICAN RESTAURANT	5710 E SAM HOUSTON PKWY N	HOUSTON	TX	77015	101	Y	MB679831	12/28/2007		10/31/2019	33923	293	13738	0	47954
32064970695	NEPTUNE CONTRACTORS, LLC	9211 HOUSE LAKE DR	MISSOURI CITY	TX	77459	79	1	SWAGGER 2	9880 BUFFALO SPEEDWAY	HOUSTON	TX	77025	101	Y	MB105704524	4/9/2019		12/31/2019	88138	3243	15081	0	106462
32056468773	STEAK 48 RIVER OAKS, LLC	7345 E ACOMA DR STE 101	SCOTTSDALE	AZ	85260	0	1	STEAK 48	4444 WESTHEIMER RD STE A01	HOUSTON	TX	77027	101	Y	MB934924	2/11/2016		4/30/2019	182046	282584	8331	0	472961
32015970729	MEMPHIS BAR & GRILL, INC.	2413 RALPH ST UNIT 1	HOUSTON	TX	77006	101	1	BOONDOCKS	1417 WESTHEIMER RD	HOUSTON	TX	77006	101	Y	MB662903	6/14/2007		10/31/2019	38656	0	8743	0	47399
32041065668	WILLOWBROOK LODGING GROUP LLC	22790 HIGHWAY 59 N	KINGWOOD	TX	77339	170	1	LAQUINTA INN & SUITES	8383 CYPRESS CREEK PKWY	HOUSTON	TX	77070	101	Y	MB826490	12/10/2012		2/28/2019	1269	301	712	0	2282
32069879081	SOHO CHICKEN, LLC	9393 BELLAIRE BLVD STE A3	HOUSTON	TX	77036	101	1	SOHO CHICKEN	9393 BELLAIRE BLVD STE A3	HOUSTON	TX	77036	101	Y	MB200121165	5/28/2024		12/31/2019	289	0	1043	2085	3417
17417148636	THE JOE LEE THOMAS COMPANY, INC.	1925 MILAM ST	HOUSTON	TX	77002	101	2	LONE STAR SALOON	1900 TRAVIS ST	HOUSTON	TX	77002	101	Y	MB070012	12/1/1993		1/31/2019	6322	102	7125	0	13549
32054441475	CARMIKE CONCESSIONS II, LLC	11500 ASH ST	LEAWOOD	KS	66211	0	2	AMC YORKTOWN 15	15900 YORKTOWN CROSSING PKWY	HOUSTON	TX	77084	101	Y	MB1000558	11/21/2017	1/21/2020	4/30/2019	2889	337	1480	0	4706
17526981786	LONE STAR FONDUE CONCEPTS, INC.	1404 WOODMONT BLVD	NASHVILLE	TN	37215	0	1	THE MELTING POT RESTAURANT	6100 WESTHEIMER RD STE 146	HOUSTON	TX	77057	101	Y	MB417651	9/26/1997		1/31/2019	17056	13858	1974	0	32888
32056502837	JESUS VILLALPANDO	10020 JENSEN DR	HOUSTON	TX	77093	101	1	MAXIS SEAFOOD & OYSTER BAR	12106 EASTEX FWY	HOUSTON	TX	77039	101	N	MB909047	5/27/2015		8/31/2019	3220	35	8957	0	12212
32051543133	ROCKET FARM RESTAURANTS, LLC	1175 CHATTAHOOCHEE AVE NW	ATLANTA	GA	30318	0	2	STATE OF GRACE	3256 WESTHEIMER RD	HOUSTON	TX	77098	101	Y	MB877330	8/1/2015		8/31/2019	62918	108095	4991	0	176004
32065327820	TEX MEX GRILL & BAR LLC	12620 FM 1960 RD W STE A1	HOUSTON	TX	77065	101	1	TEX MEX GRILL & BAR	17117 FM 529 RD	HOUSTON	TX	77095	101	Y	MB1023749	7/21/2020	7/31/2020	12/31/2019	800	0	1340	0	2140
32038550839	SHRI BUSINESS, LLC	10555 PEARLAND PKWY STE G	HOUSTON	TX	77089	101	1	2-A-DAYS	10555 PEARLAND PKWY STE G	HOUSTON	TX	77089	101	Y	MB721256	5/6/2009		10/31/2019	52658	409	59337	0	112404
32056468880	REGAL LICENSING, LLC	7132 REGAL LN	KNOXVILLE	TN	37918	0	4	HOUSTON MARQ*E 23	7600 KATY FWY	HOUSTON	TX	77024	101	Y	MB995801	9/29/2017		8/31/2019	3985	2591	11370	0	17946
32055693728	2307 LOUNGE, LLC	4310 WESTHEIMER RD STE 150	HOUSTON	TX	77027	101	1	2307 LOUNGE	2303 MID LN	HOUSTON	TX	77027	101	Y	MB919449	9/3/2015		10/31/2019	5444	2339	1509	0	9292
32018393465	MARIA SANTOS CHAVEZ	3240 FONDREN RD	HOUSTON	TX	77063	101	1	MILA'S TAQUERIA MEXICO	3240 FONDREN RD	HOUSTON	TX	77063	101	Y	MB620023	2/14/2006		6/30/2019	781	0	691	0	1472
32063084811	WLC GROUP LLC	3206 PATRICIA LN	PEARLAND	TX	77581	20	1	HIGH & DRY	306 MAIN ST STE 200	HOUSTON	TX	77002	101	Y	MB989611	7/27/2017	7/1/2023	7/31/2019	53894	1903	6065	0	61862
32067495682	BISHOP WILLOWBROOK PARK LESSEE LLC	9 W 57TH ST FL 43	NEW YORK	NY	10019	0	1	EMBARK AT WILLOWBROOK PARK	7575 WILLOW CHASE BLVD	HOUSTON	TX	77070	101	Y	MB105966035	12/14/2018	12/14/2022	7/31/2019	0	0	0	0	0
32055658705	WE RUN HOU, LLC	1703 SILVER ST	HOUSTON	TX	77007	101	1	ENGINE ROOM	1515 PEASE ST STE 101	HOUSTON	TX	77002	101	Y	MB901299	3/17/2015	3/16/2021	10/31/2019	0	0	0	0	0
32058505416	S KARAOKE, INC.	9504 LONG POINT RD STE J	HOUSTON	TX	77055	101	1	S KARAOKE	9504 LONG POINT RD STE J	HOUSTON	TX	77055	101	Y	MB945400	5/26/2016	11/30/2022	8/31/2019	960	0	174	0	1134
32048633252	GSM WINGS III, LLC	12660 S KIRKWOOD RD	STAFFORD	TX	77477	79	6	BREWINGZ	13516 EAST FWY	HOUSTON	TX	77015	101	Y	MB842365	6/5/2013		8/31/2019	4503	14	11934	0	16451
32068274490	SANMIGUELBEVERAGES, LLC	17030 GLENEVISS DR	HOUSTON	TX	77084	101	1	DAHLIA	2901 FANNIN ST	HOUSTON	TX	77002	101	Y	MB1056866	6/11/2019	11/24/2020	12/31/2019	0	0	0	0	0
32018393465	MARIA SANTOS CHAVEZ	3240 FONDREN RD	HOUSTON	TX	77063	101	1	MILA'S TAQUERIA MEXICO	3240 FONDREN RD	HOUSTON	TX	77063	101	Y	MB620023	2/14/2006		5/31/2019	527	0	578	0	1105
32057636550	HRIL LONESTAR BEVERAGE, LLC	3000 NORTH LOOP W	HOUSTON	TX	77092	101	1	TUXEDO'S/CIMARRON	3000 NORTH LOOP W	HOUSTON	TX	77092	101	Y	MB933133	1/27/2016		10/31/2019	25090	9421	13417	0	47928
32055936457	CAFI TOULOUSE RIVER OAKS DISTRICT, LP	3100 MONTICELLO AVE STE 325	DALLAS	TX	75205	57	1	CAFE TOULOUSE	4444 WESTHEIMER RD STE E100	HOUSTON	TX	77027	101	Y	MB909269	5/29/2015		4/30/2019	92205	152032	6806	0	251043
12639540520	RESERVOIR INC	9950 WESTPARK DR STE 415	HOUSTON	TX	77063	101	1	REBELS HONKY TONK	5002 WASHINGTON AVE	HOUSTON	TX	77007	101	Y	MB718443	3/31/2009	6/24/2019	3/31/2019	22860	2507	21095	0	46462
32051021346	BREWSKIS NO. 5, LLC	17938 BANDERA RIDGE LN	CYPRESS	TX	77433	101	1	BREWSKIS PUB & PATIO SPORTS BAR & GRILL-BELTWAY	8050 N SAM HOUSTON PKWY W # 500	HOUSTON	TX	77064	101	N	MB857273	11/15/2013	5/30/2024	3/31/2019	22699	286	23119	0	46104
32030945532	HSIANG E ENTERPRISE, LLC	6315 HIGHWAY 36 S	ROSENBERG	TX	77471	79	1	SASAKI JAPANESE RESTAURANT	8979 WESTHEIMER RD	HOUSTON	TX	77063	101	Y	MB687159	3/18/2008	7/20/2022	11/30/2019	650	875	366	0	1891
17606246944	ARANA, LLC	13719 NAOMI HOLLOW LN	HOUSTON	TX	77082	101	1	INDIA'S RESTAURANT	5704 RICHMOND AVE	HOUSTON	TX	77057	101	Y	MB500990	9/18/2001		2/28/2019	1872	2895	1511	0	6278
32051485020	300 MAIN ST, LLC	1533 W ALABAMA ST STE 100	HOUSTON	TX	77006	101	1	BOOMTOWN COFFEE MAIN ST CAFE & BAR	300 MAIN ST	HOUSTON	TX	77002	101	Y	MB853398	10/3/2013	7/24/2020	1/31/2019	5974	611	922	0	7507
32058533301	HOUSTON 506 MAIN CONCEPT, L.L.C.	2450 LOUISIANA ST STE 400-935	HOUSTON	TX	77006	101	1	BOOTS 'N SHOOTS	506 MAIN ST	HOUSTON	TX	77002	101	Y	MB927594	11/20/2015	1/5/2023	8/31/2019	141631	1491	28154	0	171276
32052019083	ASYLUM ENTERTAINMENT, LLC	9668 WESTHEIMER RD STE 200 # 38	HOUSTON	TX	77063	101	1	MARFRELESS	2006 PEDEN ST	HOUSTON	TX	77019	101	Y	MB962437	10/26/2016		1/31/2019	42360	8109	4123	0	54592
32000861685	FOUNTAIN FOODS, INC.	25600 WESTHEIMER PKWY STE 110	KATY	TX	77494	79	2	HARVEST ORGANIC GRILLE	1810 FOUNTAIN VIEW DR	HOUSTON	TX	77057	101	Y	MB817402	8/21/2012	6/1/2019	2/28/2019	0	0	0	0	0
10436439193	EMPORIO BRAZILIAN GRILL, INC	12288 WESTHEIMER RD STE 210A	HOUSTON	TX	77077	101	1	EMPORIO BRAZILIAN CAFE	12288 WESTHEIMER RD STE 210A	HOUSTON	TX	77077	101	Y	MB717411	3/18/2009		4/30/2019	4656	1287	1242	0	7185
32054570687	HAWG INTERESTS INC	498 ELENA LN	HIGHLANDS	TX	77562	101	1	SHY GIRLS SALOON	14303 GARRETT RD	HOUSTON	TX	77044	101	N	MB882264	8/22/2014		10/31/2019	9491	0	12128	0	21619
32049121182	REINS TEXAS INTERNATIONAL, INC.	20000 MARINER AVE STE 500	TORRANCE	CA	90503	0	1	GYU-KAKU RESTAURANT	510 GRAY ST	HOUSTON	TX	77002	101	Y	MB836498	4/4/2013		8/31/2019	15368	9120	12317	0	36805
32044723289	ADJEVA LLC	1623 CRESCENT OAK DR	MISSOURI CITY	TX	77459	79	1	ANOTHER BROKEN EGG CAFE	118 VINTAGE PARK BLVD STE A	HOUSTON	TX	77070	101	Y	MB858296	11/26/2013		6/30/2019	4833	10546	0	0	15379
32055298213	EL TIEMPO RICHMOND, LLC	602 SAWYER ST STE 110	HOUSTON	TX	77007	101	1	EL TIEMPO CANTINA	3130 RICHMOND AVE	HOUSTON	TX	77098	101	Y	MB918842	8/28/2015		10/31/2019	172902	6222	15294	0	194418
32016383674	KIRAN'S RESTAURANT, INC.	138 GLYNN WAY DR	HOUSTON	TX	77056	101	2	KIRAN'S RESTAURANT	2925 RICHMOND AVE STE 160	HOUSTON	TX	77098	101	Y	MB577958	2/1/2017		4/30/2019	18953	39233	2728	0	60914
32063397452	TEJAS HOSPITALITY, LLC	610 ARLINGTON ST	HOUSTON	TX	77007	101	1	LOW BROW BAR AND GRILL	1601 W MAIN ST	HOUSTON	TX	77006	101	Y	MB991186	8/11/2017	1/22/2021	11/30/2019	15080	10612	1904	0	27596
17604997019	D'AMICO ENTERPRISES, INC.	5510 MORNINGSIDE DR STE 140	HOUSTON	TX	77005	101	1	D'AMICOS ITALIAN MARKET CAFE	5510 MORNINGSIDE DR STE 140	HOUSTON	TX	77005	101	Y	MB952027	7/21/2016		8/31/2019	8030	26060	3236	0	37326
32064970695	NEPTUNE CONTRACTORS, LLC	9211 HOUSE LAKE DR	MISSOURI CITY	TX	77459	79	1	SWAGGER 2	9880 BUFFALO SPEEDWAY	HOUSTON	TX	77025	101	Y	MB105704524	4/9/2019		10/31/2019	88232	3709	15716	0	107657
32057289681	TOSTADA REGIA WESTHEIMER, LLC	12315 WESTHEIMER RD STE C	HOUSTON	TX	77077	101	1	TOSTADA REGIA	12315 WESTHEIMER RD STE C	HOUSTON	TX	77077	101	Y	MB962248	10/25/2016		4/30/2019	0	0	5894	0	5894
32053106392	BLUEBOX THEATER, INC.	2918 WENTWORTH ST	HOUSTON	TX	77004	101	1	CLUB L2 HOUSTON	2901 FANNIN ST	HOUSTON	TX	77002	101	Y	MB564853	11/20/2017	4/16/2019	3/31/2019	0	0	0	0	44775
32063142130	MELESIO HERRADURA GRILL INC	19407 EGRET WOOD WAY	CYPRESS	TX	77429	101	1	HERRADURA MEXICAN GRILL	16245 FM 529 RD	HOUSTON	TX	77095	101	Y	MB939371	10/1/2017		8/31/2019	6433	239	2491	0	9163
32043529158	7227 ANTOINE, INC.	7723 ALLEGRO DR	HOUSTON	TX	77040	101	1	7227 ANTOINE, INC.	7227 ANTOINE DR STE 1	HOUSTON	TX	77088	101	Y	MB611849	3/4/2011		10/31/2019	7021	85	4264	0	11370
32046696129	GUDER, LLC	2727 KIRBY DR APT 21E	HOUSTON	TX	77098	101	1	LUCY ETHIOPIAN RESTAURANT & BAR	6800 SOUTHWEST FWY STE D	HOUSTON	TX	77074	101	Y	MB808261	5/24/2012		8/31/2019	4182	5234	2740	0	12156
32058505416	S KARAOKE, INC.	9504 LONG POINT RD STE J	HOUSTON	TX	77055	101	1	S KARAOKE	9504 LONG POINT RD STE J	HOUSTON	TX	77055	101	Y	MB945400	5/26/2016	11/30/2022	1/31/2019	3600	81	1092	0	4773
32078101253	B & G TREE HOUSE, INC.	901 NASA PKWY	HOUSTON	TX	77058	101	1	TREE HOUSE	901 NASA PKWY	HOUSTON	TX	77058	101	Y	MB227149	12/1/1993		5/31/2019	18504	921	9469	0	28894
32058505416	S KARAOKE, INC.	9504 LONG POINT RD STE J	HOUSTON	TX	77055	101	1	S KARAOKE	9504 LONG POINT RD STE J	HOUSTON	TX	77055	101	Y	MB945400	5/26/2016	11/30/2022	11/30/2019	0	0	0	0	0
32051485020	300 MAIN ST, LLC	1533 W ALABAMA ST STE 100	HOUSTON	TX	77006	101	1	BOOMTOWN COFFEE MAIN ST CAFE & BAR	300 MAIN ST	HOUSTON	TX	77002	101	Y	MB853398	10/3/2013	7/24/2020	7/31/2019	5755	1724	783	0	8262
32067865900	DANNY-LEE ENTERTAINMENT, LLC	1011 CORINTH ST	DALLAS	TX	75215	57	1	BAR 9940	9940 FONDREN RD	HOUSTON	TX	77096	101	Y	MB1036470	11/6/2018	1/14/2020	10/31/2019	0	0	0	0	0
32041065668	WILLOWBROOK LODGING GROUP LLC	22790 HIGHWAY 59 N	KINGWOOD	TX	77339	170	1	LAQUINTA INN & SUITES	8383 CYPRESS CREEK PKWY	HOUSTON	TX	77070	101	Y	MB826490	12/10/2012		9/30/2019	287	21	247	0	555
19105150585	NORDSTROM, INC.	PO BOX 2229 C/O SALES & USE TAX	SEATTLE	WA	98111	0	7	NORDSTROM BAZILLE AND HABITANT	5192 HIDALGO ST	HOUSTON	TX	77056	101	Y	MB796500	4/4/2014		11/30/2019	9619	17467	973	0	28059
17602483475	LANDRY'S SEAFOOD INN & OYSTER BAR - GALVESTON, INC	1510 WEST LOOP S	HOUSTON	TX	77027	101	2	GROTTO RISTORANTE	4715 WESTHEIMER RD	HOUSTON	TX	77027	101	Y	MB552812	2/25/2004		8/31/2019	24420	53123	5313	0	82856
17606679375	BRASIL LLC	2604 DUNLAVY ST	HOUSTON	TX	77006	101	1	BRASIL	2604 DUNLAVY ST	HOUSTON	TX	77006	101	Y	MB984166	6/1/2017		8/31/2019	11509	12698	7485	0	31692
32051021346	BREWSKIS NO. 5, LLC	17938 BANDERA RIDGE LN	CYPRESS	TX	77433	101	1	BREWSKIS PUB & PATIO SPORTS BAR & GRILL-BELTWAY	8050 N SAM HOUSTON PKWY W # 500	HOUSTON	TX	77064	101	N	MB857273	11/15/2013	5/30/2024	4/30/2019	22045	426	19588	0	42059
32054228120	S & KW CORPORATION	6617 CHIMNEY ROCK RD	HOUSTON	TX	77081	101	1	NAZARETH CAFE	6617 CHIMNEY ROCK RD	HOUSTON	TX	77081	101	Y	MB501287	8/1/2014		7/31/2019	1042	0	1705	0	2747
32055658705	WE RUN HOU, LLC	1703 SILVER ST	HOUSTON	TX	77007	101	1	ENGINE ROOM	1515 PEASE ST STE 101	HOUSTON	TX	77002	101	Y	MB901299	3/17/2015	3/16/2021	7/31/2019	15863	0	206	0	16069
17606731713	JUST A BAR, INC.	13548 BEECHNUT ST STE 300	HOUSTON	TX	77083	101	5	JUST A BAR	13548 BEECHNUT ST STE 300	HOUSTON	TX	77083	101	N	MB659569	8/23/2007		8/31/2019	13621	315	9051	0	22987
32068959777	RBHJ ENTERTAINMENT LLC	9930 NORTH FWY STE B	HOUSTON	TX	77037	101	1	HOUSTON DOLLS CABARET	313 RANKIN RD STE H	HOUSTON	TX	77073	101	N	MB106132838	4/4/2019		7/31/2019	15215	72	10204	0	25491
19108474867	RED ROBIN INTERNATIONAL, INC.	10000 E GEDDES AVE STE 500	ENGLEWOOD	CO	80112	0	12	RED ROBIN #504	7620 KATY FWY STE 465	HOUSTON	TX	77024	101	Y	MB947173	6/10/2016		5/31/2019	10074	1244	9574	0	20892
32051543133	ROCKET FARM RESTAURANTS, LLC	1175 CHATTAHOOCHEE AVE NW	ATLANTA	GA	30318	0	2	STATE OF GRACE	3256 WESTHEIMER RD	HOUSTON	TX	77098	101	Y	MB877330	8/1/2015		10/31/2019	49190	89526	5648	0	144364
32040783451	MANGUM STEAKHOUSE BEVERAGE INC	PO BOX 571505	HOUSTON	TX	77257	101	1	MANGUM STEAKHOUSE	2425 MANGUM RD	HOUSTON	TX	77092	101	Y	MB741956	2/10/2010		8/31/2019	41667	2454	22398	0	66519
32004534056	CHRISTOS STATHATOS	416 76TH ST	HOUSTON	TX	77012	101	2	DON CARLOS MEXICAN RESTAURANT #2	8385 BROADWAY ST	HOUSTON	TX	77061	101	Y	MB246947	6/22/1994		2/28/2019	12061	134	4997	0	17192
32010676099	MARTIN FLORES	7430 GUINEVERE DR	SUGAR LAND	TX	77479	79	5	LA CASA BLANCA PARTY HALL	1517 GEARS RD	HOUSTON	TX	77067	101	Y	MB956261	8/31/2016	4/30/2024	9/30/2019	3344	0	2775	0	6119
32044329418	OUR HOTELS, LLC	1785 STATE HIGHWAY 26 STE 400	GRAPEVINE	TX	76051	220	17	AC HOTEL BY MARRIOTT HOUSTON	723 MAIN ST	HOUSTON	TX	77002	101	Y	MB1057367	6/17/2019	6/17/2023	11/30/2019	15634	3601	6588	0	25823
17527408888	ROADHOUSE ENTERPRISES, INC.	6040 DUTCHMANS LN ATTN: TAX DEPT	LOUISVILLE	KY	40205	0	7	TEXAS ROADHOUSE	13345 FM 1960 RD W	HOUSTON	TX	77065	101	Y	MB484473	12/6/2000		6/30/2019	35797	5443	30927	0	72167
32059760796	THE FINAL SCORE, INC.	8422 KIRKBROOK DR	HOUSTON	TX	77089	101	1	THE FINAL SCORE, INC.	12880 BEAMER RD	HOUSTON	TX	77089	101	Y	MB956977	9/7/2016	3/1/2021	4/30/2019	5432	0	6212	0	11644
30117413697	LOS CUCOS MEXICAN CAFE, INC.	876 LOOP 337 STE 501	NEW BRAUNFELS	TX	78130	46	2	LOS CUCOS MEXICAN CAFE	16216 CLAY RD	HOUSTON	TX	77084	101	Y	MB545061	10/2/2003		4/30/2019	54289	1723	13316	0	69328
32054730422	COCKY 16 ENTERPRISES, LLC	9575 KATY FWY STE 150	HOUSTON	TX	77024	101	1	TEXAS T TAVERN	1535 BRITTMOORE RD	HOUSTON	TX	77043	101	Y	MB896488	1/29/2015		8/31/2019	97297	1738	70183	0	169218
32059760796	THE FINAL SCORE, INC.	8422 KIRKBROOK DR	HOUSTON	TX	77089	101	1	THE FINAL SCORE, INC.	12880 BEAMER RD	HOUSTON	TX	77089	101	Y	MB956977	9/7/2016	3/1/2021	9/30/2019	18380	4	12002	0	30386
32065565031	SOUTH SIDE WESTHEIMER RESTAURANT GROUP, L.L.C.	715 E 13TH ST	HOUSTON	TX	77008	101	1	UB PRESERV	1609 WESTHEIMER RD	HOUSTON	TX	77006	101	Y	MB1009255	3/8/2018	6/30/2022	5/31/2019	26175	24187	2747	0	53109
17602156279	EL PALENQUE MEXICAN RESTAURANT AND CANTINA, INC.	1485 SPRING CYPRESS RD	SPRING	TX	77373	101	2	EL PALENQUE MEXICAN RESTAURANT AND CANTINA	21161 TOMBALL PKWY	HOUSTON	TX	77070	101	N	MB208202	12/1/1993		10/31/2019	30958	583	4639	0	36180
32062576528	MPLANT CORPORATION	3114 WATERS VIEW DR	SUGAR LAND	TX	77478	79	1	SUNRISE BAR & GRILL	8330 W BELLFORT ST STE C	HOUSTON	TX	77071	101	Y	MB983476	5/25/2017	5/28/2019	3/31/2019	0	0	0	0	0
15623220512	TEOTIHUACAN, INC,	15840 FM 529 RD STE 210	HOUSTON	TX	77095	101	1	TEOTIHUACAN MEXICAN CAFE #1	4624 IRVINGTON BLVD	HOUSTON	TX	77009	101	Y	MB665103	7/9/2007		8/31/2019	3837	0	1479	0	5316
32061756238	LOS CAPORALES MEXICAN GRILL RESTAURANT LLC	18718 STATE HIGHWAY 249	HOUSTON	TX	77070	101	1	LOS CAPORALES MEXICAN GRILL RESTAURANT LLC	18718 STATE HIGHWAY 249	HOUSTON	TX	77070	101	Y	MB493726	1/6/2017		8/31/2019	1004	38	619	0	1661
12317173321	ARAMARK EDUCATIONAL SERVICES OF TEXAS, LLC	PO BOX 7548	PHILADELPHIA	PA	19101	0	66	ARAMARK EDUCATIONAL SERVICES OF TEXAS INC	4800 CALHOUN CONRAD IN HILTON COLLEGE	HOUSTON	TX	77004	101	Y	MB604805	8/17/2005		8/31/2019	0	0	0	0	0
32059688088	RICHMOND MIA BELLA, LLC	19 MAYMONT WAY	SPRING	TX	77382	170	1	MIA BELLA TRATTORIA	3773 RICHMOND AVE STE 1A	HOUSTON	TX	77046	101	Y	MB981463	5/9/2017	6/13/2019	6/30/2019	5119	13760	599	0	19478
17606765547	EL PATIO RESTAURANT & CLUB, L.L.C.	PO BOX 1524	HOUSTON	TX	77251	101	1	EL PATIO MEXICAN RESTAURANT	6444 WESTHEIMER RD	HOUSTON	TX	77057	101	Y	MB497628	7/25/2001		2/28/2019	61162	5647	6060	0	72869
32058505416	S KARAOKE, INC.	9504 LONG POINT RD STE J	HOUSTON	TX	77055	101	1	S KARAOKE	9504 LONG POINT RD STE J	HOUSTON	TX	77055	101	Y	MB945400	5/26/2016	11/30/2022	12/31/2019	0	0	0	0	0
32008089545	ELIAS Y DEEK	6448 FM 1960 RD W	HOUSTON	TX	77069	101	1	CLEMENTINE'S EATING PARLOR	6448 FM 1960 WEST	HOUSTON	TX	77069	101	N	MB238795	12/1/1993		6/30/2019	8558	5027	1775	0	15360
32034990286	SDG POST OAK, L.P.	5858 WESTHEIMER RD STE 101	HOUSTON	TX	77057	101	1	CAFE ANNIE	1800 POST OAK BLVD # 6170	HOUSTON	TX	77056	101	Y	MB722896	5/29/2009		4/30/2019	16680	49974	3229	0	69883
32047432029	RAMIREZ NOYOLA, LLC	10906 FUQUA ST	HOUSTON	TX	77089	101	1	BRAVOS MEXICAN RESTAURANT	10906 FUQUA ST	HOUSTON	TX	77089	101	Y	MB838251	4/22/2013		8/31/2019	4057	0	1699	0	5756
17427780618	BRISTOL-SHANDY GROUP, L.L.C.	230 STARBOARD AVE	ROCKPORT	TX	78382	4	2	WILD WEST - HOUSTON	6101 RICHMOND AVE	HOUSTON	TX	77057	101	Y	MB408838	3/9/1998	7/1/2021	12/31/2019	55763	1894	35557	0	93214
32064529400	TWO BIRD'S CARWASH DAIQUIRI & GRILL, LLC.	8711 GRASSWREN RD	RICHMOND	TX	77407	79	1	TWO BIRD'S CARWASH DAIQUIRI & GRILL	6613 BOWLING GREEN ST	HOUSTON	TX	77021	101	Y	MB1008720	3/1/2018	9/1/2020	10/31/2019	0	0	0	0	0
19108474867	RED ROBIN INTERNATIONAL, INC.	10000 E GEDDES AVE STE 500	ENGLEWOOD	CO	80112	0	15	RED ROBIN #510	22455 STATE HIGHWAY 249	HOUSTON	TX	77070	101	Y	MB949443	6/29/2016		5/31/2019	3319	560	4225	0	8104
32056318788	SHOHAG CORPORATION	125 E EDGEBROOK DR STE B	HOUSTON	TX	77034	101	1	JOE'S PLACE	125 E EDGEBROOK DR STE B	HOUSTON	TX	77034	101	Y	MB918082	8/20/2015	10/14/2020	8/31/2019	3050	3450	7248	0	13748
32060674549	AJAN CORP	16107 WOODBEND TRAIL DR	HOUSTON	TX	77070	101	2	PUB ZERO	7925 CYPRESS CREEK PKWY	HOUSTON	TX	77070	101	Y	MB971243	2/1/2017		8/31/2019	42951	240	24521	0	67712
32055658705	WE RUN HOU, LLC	1703 SILVER ST	HOUSTON	TX	77007	101	1	ENGINE ROOM	1515 PEASE ST STE 101	HOUSTON	TX	77002	101	Y	MB901299	3/17/2015	3/16/2021	11/30/2019	0	0	0	0	0
32067495682	BISHOP WILLOWBROOK PARK LESSEE LLC	9 W 57TH ST FL 43	NEW YORK	NY	10019	0	1	EMBARK AT WILLOWBROOK PARK	7575 WILLOW CHASE BLVD	HOUSTON	TX	77070	101	Y	MB1040035	12/14/2018	12/14/2022	1/31/2019	0	0	0	0	0
32062942910	TAQUERIA D.J. BAR AND GRILL, INC	408 HOUSTON BLVD	SOUTH HOUSTON	TX	77587	101	1	TAQUERIA D.J. BAR AND GRILL, INC	12036 VETERANS MEMORIAL DR	HOUSTON	TX	77067	101	Y	MB997956	10/19/2017	10/10/2019	10/31/2019	0	0	0	0	0
32049121182	REINS TEXAS INTERNATIONAL, INC.	20000 MARINER AVE STE 500	TORRANCE	CA	90503	0	1	GYU-KAKU RESTAURANT	510 GRAY ST	HOUSTON	TX	77002	101	Y	MB836498	4/4/2013		6/30/2019	15897	11124	13604	0	40625
32058505416	S KARAOKE, INC.	9504 LONG POINT RD STE J	HOUSTON	TX	77055	101	1	S KARAOKE	9504 LONG POINT RD STE J	HOUSTON	TX	77055	101	Y	MB945400	5/26/2016	11/30/2022	6/30/2019	1956	0	664	0	2620
17606567885	LE CEP, INC.	11112 WESTHEIMER RD	HOUSTON	TX	77042	101	1	BISTRO LE CEP	11112 WESTHEIMER RD	HOUSTON	TX	77042	101	Y	MB484540	12/5/2000		10/31/2019	1722	14337	307	0	16366
32063397452	TEJAS HOSPITALITY, LLC	610 ARLINGTON ST	HOUSTON	TX	77007	101	1	LOW BROW BAR AND GRILL	1601 W MAIN ST	HOUSTON	TX	77006	101	Y	MB991186	8/11/2017	1/22/2021	5/31/2019	25027	10819	2936	0	38782
32059009046	EL CABALLO BLANCO RESTAURANT, LLC	6028 S GESSNER RD	HOUSTON	TX	77036	101	1	EL CABALLO BLANCO RESTAURANT	6028 S GESSNER RD	HOUSTON	TX	77036	101	Y	MB990322	8/4/2017		11/30/2019	3982	79	16403	0	20464
32067495682	BISHOP WILLOWBROOK PARK LESSEE LLC	9 W 57TH ST FL 43	NEW YORK	NY	10019	0	1	EMBARK AT WILLOWBROOK PARK	7575 WILLOW CHASE BLVD	HOUSTON	TX	77070	101	Y	MB105966035	12/14/2018	12/14/2022	9/30/2019	0	0	0	0	0
32052222893	CASS #2 CAJUN RESTAURANTS LLC	12008 EAST FWY	HOUSTON	TX	77029	101	1	BLUE BAYOU CAFE	12008 EAST FWY	HOUSTON	TX	77029	101	Y	MB867748	3/27/2014		8/31/2019	8139	234	9379	0	17752
32058380380	ALESH CORPORATION	6802 REGAL LAKES DR	KATY	TX	77493	101	1	CENTENARIO POOL & BAR	9890 SOUTHWEST FWY	HOUSTON	TX	77074	101	Y	MB939774	4/4/2016	2/8/2021	9/30/2019	3500	0	6700	0	10200
17519330587	CHILI'S BEVERAGE COMPANY, INC.	3000 OLYMPUS BLVD C/O TAX DEPARTMENT	COPPELL	TX	75019	57	265	CHILI'S GRILL & BAR	5841 HIGHWAY 6 N	HOUSTON	TX	77084	101	Y	MB632416	9/1/2006		6/30/2019	16999	516	5481	0	22996
32010676099	MARTIN FLORES	7430 GUINEVERE DR	SUGAR LAND	TX	77479	79	5	LA CASA BLANCA PARTY HALL	1517 GEARS RD	HOUSTON	TX	77067	101	Y	MB956261	8/31/2016	4/30/2024	7/31/2019	1964	0	1913	0	3877
17604873608	LOS CUCOS MEXICAN CAFE II, INC.	876 LOOP 337 STE 501	NEW BRAUNFELS	TX	78130	46	2	LOS CUCOS MEXICAN CAFE #2	22390 TOMBALL PKWY	HOUSTON	TX	77070	101	Y	MB261924	8/1/2000		4/30/2019	73876	2434	14465	0	90775
32054484723	SOUTHEAST RESTAURANT GROUP-MAIN, LLC	1201 CANAL ST STE C2	NEW ORLEANS	LA	70112	0	1	TGIFRIDAY'S	12895 GULF FWY	HOUSTON	TX	77034	101	Y	MB885735	9/30/2014	9/12/2019	4/30/2019	26546	1696	7867	0	36109
32045561027	BOMBSHELLS, LLC	4926 N MCCARTY ST	HOUSTON	TX	77013	101	1	SMOKE'N HONEY HOUSE	8801 NORTH LOOP E	HOUSTON	TX	77029	101	Y	MB884620	9/19/2014		8/31/2019	19598	28	18920	0	38546
32043640120	LUCILLE B. SMITH'S FINE FOODS, LLC	5512 LA BRANCH ST	HOUSTON	TX	77004	101	1	LUCILLE'S	5512 LA BRANCH ST	HOUSTON	TX	77004	101	Y	MB810737	6/15/2012		5/31/2019	18463	11550	1898	0	31911
17602584405	TIED FLY, INC.	2011 ELLA BLVD	HOUSTON	TX	77008	101	2	RAINBOW LODGE RESTAURANT	1706 W 21ST ST	HOUSTON	TX	77008	101	Y	MB204987	12/1/2006		4/30/2019	20302	56935	3348	0	80585
32010676099	MARTIN FLORES	7430 GUINEVERE DR	SUGAR LAND	TX	77479	79	5	LA CASA BLANCA PARTY HALL	1517 GEARS RD	HOUSTON	TX	77067	101	Y	MB956261	8/31/2016	4/30/2024	12/31/2019	1964	0	1525	0	3489
12026040894	KONA TEXAS RESTAURANTS, INC.	6900 E CAMELBACK RD STE 602	SCOTTSDALE	AZ	85251	0	4	KONA GRILL	5061 WESTHEIMER RD SPC 8040	HOUSTON	TX	77056	101	Y	MB634947	8/1/2006	7/8/2019	7/31/2019	0	0	0	0	0
17514764004	THE DOWNTOWN CLUB, INC.	3030 LYNDON B JOHNSON FWY	DALLAS	TX	75234	57	3	HOUSTON CENTER CLUB	1100 CAROLINE ST FL 11	HOUSTON	TX	77002	101	Y	MB441459	10/1/2002		4/30/2019	455	546	195	0	1196
17606210817	I.C.I.T., INC.	15643 SCOLTY REACH LN	HUMBLE	TX	77346	101	1	I.C.I.T., INC.	9115 BLUEBERRY ST	HOUSTON	TX	77049	101	N	MB465452	1/21/2000		1/31/2019	3350	3350	3350	0	10050
32058533301	HOUSTON 506 MAIN CONCEPT, L.L.C.	2450 LOUISIANA ST STE 400-935	HOUSTON	TX	77006	101	1	BOOTS 'N SHOOTS	506 MAIN ST	HOUSTON	TX	77002	101	Y	MB927594	11/20/2015	1/5/2023	6/30/2019	134786	698	25824	0	161308
32051085341	HORSERADISH MAYONNAISE, L.L.C.	6412 N MAIN ST STE C	HOUSTON	TX	77009	101	1	LEI LOW	6412 N MAIN ST STE C	HOUSTON	TX	77009	101	Y	MB850404	8/30/2013		10/31/2019	59784	177	1496	0	61457
32061456045	LAS FLORES RESTAURANT #2, LLC	12822 WILLOW CENTRE DR STE A	HOUSTON	TX	77066	101	1	LAS FLORES MEXICAN RESTAURANT #2	14243 STUEBNER AIRLINE RD STE F	HOUSTON	TX	77069	101	N	MB844334	11/9/2016		6/30/2019	5472	69	1753	0	7294
32047432029	RAMIREZ NOYOLA, LLC	10906 FUQUA ST	HOUSTON	TX	77089	101	1	BRAVOS MEXICAN RESTAURANT	10906 FUQUA ST	HOUSTON	TX	77089	101	Y	MB838251	4/22/2013		10/31/2019	3504	0	815	0	4319
12606695315	MELYS INVESTMENT GROUP, LP	4025 BLUEBIRD WAY	PEARLAND	TX	77584	20	2	EDUARDO'S MEXICAN KITCHEN	911 NASA PKWY	HOUSTON	TX	77058	101	Y	MB680221	4/28/2011		10/31/2019	5627	195	955	0	6777
32058380380	ALESH CORPORATION	6802 REGAL LAKES DR	KATY	TX	77493	101	1	CENTENARIO POOL & BAR	9890 SOUTHWEST FWY	HOUSTON	TX	77074	101	Y	MB939774	4/4/2016	2/8/2021	3/31/2019	2910	0	6620	0	9530
32010676099	MARTIN FLORES	7430 GUINEVERE DR	SUGAR LAND	TX	77479	79	5	LA CASA BLANCA PARTY HALL	1517 GEARS RD	HOUSTON	TX	77067	101	Y	MB956261	8/31/2016	4/30/2024	3/31/2019	1352	0	1811	0	3163
12325735848	ARAMARK SPORTS AND ENTERTAINMENT SERVICES OF TEXAS	PO BOX 7548 ATTN: KIM KEENAN	PHILADELPHIA	PA	19101	0	47	UNIVERSITY OF HOUSTON - TDECU STADIUM	3750 CULLEN BLVD	HOUSTON	TX	77004	101	Y	MB546692	1/29/2015	8/5/2019	8/31/2019	0	0	0	0	0
32058533301	HOUSTON 506 MAIN CONCEPT, L.L.C.	2450 LOUISIANA ST STE 400-935	HOUSTON	TX	77006	101	1	BOOTS 'N SHOOTS	506 MAIN ST	HOUSTON	TX	77002	101	Y	MB927594	11/20/2015	1/5/2023	10/31/2019	111144	1137	25974	0	138255
17605169741	AY COCULA, INC.	8145 HIGHWAY 6 S STE 144	HOUSTON	TX	77083	101	1	TEQUILA LOPEZ MEXICAN RESTAURANT	8145 HIGHWAY 6 S STE 144	HOUSTON	TX	77083	101	N	MB406618	1/22/1997		4/30/2019	11468	342	10468	0	22278
17527927499	SSP AMERICA TEXAS, INC.	20408 BASHAN DR STE 300	ASHBURN	VA	20147	0	20	EXECUTIVE LOUNGE: TERMINAL D, ACROSS GATE D6.	3875 N TERMINAL RD	HOUSTON	TX	77032	101	Y	MB104402609	7/1/2015		9/30/2019	0	0	0	0	0
17605968605	CHILOS SEAFOOD RESTAURANT, INC.	8334 GULF FWY	HOUSTON	TX	77017	101	1	CHILOS SEAFOOD RESTAURANT	8334 GULF FWY	HOUSTON	TX	77017	101	Y	MB449820	5/7/1999		10/31/2019	3197	0	13993	0	17190
17601930666	PAPPAS RESTAURANTS, INC.	13939 NORTHWEST FWY	HOUSTON	TX	77040	101	53	PAPPADEAUX SEAFOOD KITCHEN	2410 RICHMOND AVE	HOUSTON	TX	77098	101	Y	MB496443	7/6/2001		8/31/2019	60904	17945	7392	0	86241
32051021346	BREWSKIS NO. 5, LLC	17938 BANDERA RIDGE LN	CYPRESS	TX	77433	101	1	BREWSKIS PUB & PATIO SPORTS BAR & GRILL-BELTWAY	8050 N SAM HOUSTON PKWY W # 500	HOUSTON	TX	77064	101	N	MB857273	11/15/2013	5/30/2024	1/31/2019	23718	251	17348	0	41317
32044519216	LOS REYES MEXICAN FOOD INC	5050 FM 1960 RD W STE 136	HOUSTON	TX	77069	101	1	LOS REYES MEXICAN RESTAURANT	5050 CYPRESS CREEK PKWY STE 136	HOUSTON	TX	77069	101	Y	MB692662	2/15/2012		8/31/2019	8495	917	4068	0	13480
12639540520	RESERVOIR INC	9950 WESTPARK DR STE 415	HOUSTON	TX	77063	101	1	REBELS HONKY TONK	5002 WASHINGTON AVE	HOUSTON	TX	77007	101	Y	MB718443	3/31/2009	6/24/2019	2/28/2019	21337	1621	18908	0	41866
10436439193	EMPORIO BRAZILIAN GRILL, INC	12288 WESTHEIMER RD STE 210A	HOUSTON	TX	77077	101	1	EMPORIO BRAZILIAN CAFE	12288 WESTHEIMER RD STE 210A	HOUSTON	TX	77077	101	Y	MB717411	3/18/2009		3/31/2019	3291	1705	875	0	5871
32054484723	SOUTHEAST RESTAURANT GROUP-MAIN, LLC	1201 CANAL ST STE C2	NEW ORLEANS	LA	70112	0	1	TGIFRIDAY'S	12895 GULF FWY	HOUSTON	TX	77034	101	Y	MB885735	9/30/2014	9/12/2019	2/28/2019	28628	1386	7872	0	37886
32055977360	OUTLAW UNLIMITED, LLC	12712 WOODFOREST BLVD	HOUSTON	TX	77015	101	1	JOHNNY B'S OUTLAW SALOON	12712 WOODFOREST BLVD	HOUSTON	TX	77015	101	Y	MB907646	5/12/2015		8/31/2019	20609	76	25836	0	46521
32058434427	SNOOZETOWN, LLC	3001 BRIGHTON BLVD STE 303	DENVER	CO	80216	0	5	SNOOZE	600 W SAM HOUSTON PKWY N STE 500	HOUSTON	TX	77024	101	Y	MB985841	6/19/2017		10/31/2019	6708	11740	587	0	19035
17602505673	WILLIE G'S POST OAK, LLC	1510 WEST LOOP S ATTNLICENSING DEPT	HOUSTON	TX	77027	101	4	BRENNER'S STEAKHOUSE	10911 KATY FWY	HOUSTON	TX	77079	101	Y	MB528972	1/10/2003		10/31/2019	27770	77563	3217	0	108550
32056318788	SHOHAG CORPORATION	125 E EDGEBROOK DR STE B	HOUSTON	TX	77034	101	1	JOE'S PLACE	125 E EDGEBROOK DR STE B	HOUSTON	TX	77034	101	Y	MB918082	8/20/2015	10/14/2020	1/31/2019	2692	5720	0	0	8412
32057413588	WILLIE'S GRILL & ICEHOUSE LLC	10627 TOWER OAKS BLVD	HOUSTON	TX	77070	101	14	WILLIE'S GRILL & ICEHOUSE	19905 KATY FWY	HOUSTON	TX	77094	101	Y	MB930359	12/22/2015		8/31/2019	17556	1402	10443	0	29401
32041065668	WILLOWBROOK LODGING GROUP LLC	22790 HIGHWAY 59 N	KINGWOOD	TX	77339	170	1	LAQUINTA INN & SUITES	8383 CYPRESS CREEK PKWY	HOUSTON	TX	77070	101	Y	MB826490	12/10/2012		4/30/2019	625	129	424	0	1178
32059688088	RICHMOND MIA BELLA, LLC	19 MAYMONT WAY	SPRING	TX	77382	170	1	MIA BELLA TRATTORIA	3773 RICHMOND AVE STE 1A	HOUSTON	TX	77046	101	Y	MB981463	5/9/2017	6/13/2019	5/31/2019	16955	25172	4101	0	46228
32063084811	WLC GROUP LLC	3206 PATRICIA LN	PEARLAND	TX	77581	20	1	HIGH & DRY	306 MAIN ST STE 200	HOUSTON	TX	77002	101	Y	MB989611	7/27/2017	7/1/2023	4/30/2019	45602	1384	4817	0	51803
32051542705	YACHLU INC.	2424 DUNSTAN RD STE 125	HOUSTON	TX	77005	101	1	LOCAL FOODS	2555 KIRBY DR	HOUSTON	TX	77019	101	Y	MB857769	11/20/2013		8/31/2019	5677	9591	2708	0	17976
32062213619	PINOY LONESTARS LLC	10607 BROWN BRIDGE CT	SUGAR LAND	TX	77498	79	2	GERRY'S GRILL	6833 W SAM HOUSTON PKWY S STE 109-113	HOUSTON	TX	77072	101	Y	MB996490	10/5/2017		8/31/2019	288	0	17009	0	17297
17606933467	BLOWFISH, INC.	309 GRAY ST STE 107B	HOUSTON	TX	77002	101	1	THE FISH	309 W GRAY ST STE 107	HOUSTON	TX	77019	101	Y	MB509812	2/19/2002		8/31/2019	11011	11383	3509	0	25903
32052171488	B & R BUTCHERS, LTD.	1244 N POST OAK RD STE 100	HOUSTON	TX	77055	101	1	B & B BUTCHERS	1814 WASHINGTON AVE	HOUSTON	TX	77007	101	Y	MB904357	4/9/2015		8/31/2019	137969	253211	13432	0	404612
32058533301	HOUSTON 506 MAIN CONCEPT, L.L.C.	2450 LOUISIANA ST STE 400-935	HOUSTON	TX	77006	101	1	BOOTS 'N SHOOTS	506 MAIN ST	HOUSTON	TX	77002	101	Y	MB927594	11/20/2015	1/5/2023	12/31/2019	119860	1921	26320	0	148101
32066322630	LIN & CHEN 138 LLC	17278 STATE HIGHWAY 249	HOUSTON	TX	77064	101	1	JUICY CRAB	17278 STATE HIGHWAY 249	HOUSTON	TX	77064	101	Y	MB106105959	2/20/2019		11/30/2019	27942	1117	5018	0	34077
32066322630	LIN & CHEN 138 LLC	17278 STATE HIGHWAY 249	HOUSTON	TX	77064	101	1	JUICY CRAB	17278 STATE HIGHWAY 249	HOUSTON	TX	77064	101	Y	MB106105959	2/20/2019		7/31/2019	30523	1707	8191	0	40421
17602729208	LANDRY'S SEAFOOD INN & OYSTER BAR - SUGAR CREEK, L	1510 WEST LOOP S	HOUSTON	TX	77027	101	3	CADILLAC BAR	1802 SHEPHERD DR	HOUSTON	TX	77007	101	Y	MB426942	2/20/1998		2/28/2019	70118	8205	21142	0	99465
32054691970	JAA EXPRESS, A TEXAS LIMITED LIABILITY COMPANY	6406 BROOKFIELD DR APT B	HOUSTON	TX	77085	101	2	JABASTIAN'S MEXICAN RESTAURANT #6	11460 FUQUA ST STE 900	HOUSTON	TX	77089	101	Y	MB976158	5/18/2018	9/11/2019	6/30/2019	1510	0	1215	0	2725
32018393465	MARIA SANTOS CHAVEZ	3240 FONDREN RD	HOUSTON	TX	77063	101	1	MILA'S TAQUERIA MEXICO	3240 FONDREN RD	HOUSTON	TX	77063	101	Y	MB620023	2/14/2006		12/31/2019	489	0	595	0	1084
17526981786	LONE STAR FONDUE CONCEPTS, INC.	1404 WOODMONT BLVD	NASHVILLE	TN	37215	0	1	THE MELTING POT RESTAURANT	6100 WESTHEIMER RD STE 146	HOUSTON	TX	77057	101	Y	MB417651	9/26/1997		3/31/2019	18149	14447	2151	0	34747
32066111132	SABOR SEAFOOD, LLC	8830 LONG POINT RD STE 700	HOUSTON	TX	77055	101	1	SABOR SEAFOOD	18955 STATE HIGHWAY 249	HOUSTON	TX	77070	101	N	MB1043055	1/29/2019		1/31/2019	0	0	0	0	0
17603537758	LUNA'S MEXICAN RESTAURANT OF TEXAS CITY, INC.	PO BOX 8085	BAYTOWN	TX	77522	101	3	LUNA'S MEXICAN RESTAURANT	263 GREENSPOINT MALL	HOUSTON	TX	77060	101	Y	MB649174	1/19/2007		8/31/2019	0	0	0	0	0
32041077622	APLIN NEW HORIZON, INC.	9603 STONECROSS BEND DR	HOUSTON	TX	77070	101	1	BLUEWATER SEAFOOD	12914 FM 1960 RD W STE I	HOUSTON	TX	77065	101	Y	MB744251	3/17/2010		8/31/2019	23036	1659	11921	0	36616
32057930557	FRANKLIN STREET HOLDINGS, LLC	2000 WEST LOOP S STE 2100	HOUSTON	TX	77027	101	1	MINISTRY	709 FRANKLIN ST	HOUSTON	TX	77002	101	Y	MB921541	9/24/2015		10/31/2019	0	0	0	0	0
32039269983	JOYCES RVS, LLC	6415 SAN FELIPE ST STE K&L	HOUSTON	TX	77057	101	1	JOYCE'S OYSTER RESORT	6415 SAN FELIPE ST # K&L	HOUSTON	TX	77057	101	Y	MB749436	6/2/2010		2/28/2019	9901	19254	1115	0	30270
32059760796	THE FINAL SCORE, INC.	8422 KIRKBROOK DR	HOUSTON	TX	77089	101	1	THE FINAL SCORE, INC.	12880 BEAMER RD	HOUSTON	TX	77089	101	Y	MB956977	9/7/2016	3/1/2021	2/28/2019	6230	0	7489	0	13719
32054484723	SOUTHEAST RESTAURANT GROUP-MAIN, LLC	1201 CANAL ST STE C2	NEW ORLEANS	LA	70112	0	3	TGIFRIDAY'S	7728 CYPRESS CREEK PKWY	HOUSTON	TX	77070	101	Y	MB885736	9/30/2014	9/12/2019	1/31/2019	23891	1684	3918	0	29493
32057683230	SPRING BRANCH PUB & GRILL, LLC	PO BOX 430030	HOUSTON	TX	77243	101	1	SPRING BRANCH PUB & GRILL	8510 HAMMERLY BLVD	HOUSTON	TX	77055	101	Y	MB926712	11/12/2015	10/28/2019	4/30/2019	7180	130	9250	0	16560
17606274805	EL MESON SPANISH RESTAURANT, INC.	2425 UNIVERSITY BLVD	HOUSTON	TX	77005	101	1	EL MESON SPANISH MEXICAN RESTAURANT	2425 UNIVERSITY BLVD	HOUSTON	TX	77005	101	Y	MB152365	7/1/2000		2/28/2019	9870	20158	1809	0	31837
32070720860	SPIVEY'S UPTOWN, INC.	2802 FRANCIS ST	HOUSTON	TX	77004	101	1	SPIVEY'S UPTOWN	1419 S LOOP W	HOUSTON	TX	77054	101	Y	MB106369290	9/18/2019	9/30/2022	10/31/2019	0	0	0	0	0
17604303390	TMC BEVERAGES OF HOUSTON, INC.	PO BOX 571505	HOUSTON	TX	77257	101	1	TMC BEVERAGES OF HOUSTON, INC.	3303 SAGE RD STE 100	HOUSTON	TX	77056	101	Y	MB248784	9/7/1994		8/31/2019	127382	163695	29849	0	320926
32056024089	THE SECRET GROUP LLC	2101 POLK ST STE A	HOUSTON	TX	77003	101	1	THE SECRET GROUP	2101 POLK ST STE A	HOUSTON	TX	77003	101	Y	MB920851	9/17/2015		8/31/2019	47709	378	28045	0	76132
13837833477	TEPATITLAN INC.	4720 N MAIN ST	HOUSTON	TX	77009	101	1	TEPATITLAN INC	4720 N MAIN ST	HOUSTON	TX	77009	101	Y	MB745749	4/8/2010		4/30/2019	4202	0	4278	0	8480
17601930666	PAPPAS RESTAURANTS, INC.	13939 NORTHWEST FWY	HOUSTON	TX	77040	101	6	PAPPAS BROS STEAKHOUSE	5839 WESTHEIMER RD	HOUSTON	TX	77057	101	Y	MB153105	12/1/1993		8/31/2019	100524	307422	9190	0	417136
17606210817	I.C.I.T., INC.	15643 SCOLTY REACH LN	HUMBLE	TX	77346	101	1	I.C.I.T., INC.	9115 BLUEBERRY ST	HOUSTON	TX	77049	101	N	MB465452	1/21/2000		7/31/2019	3735	3735	3735	0	11205
32057317813	HOST H8 IAH FB I, LLC	6905 ROCKLEDGE DR	BETHESDA	MD	20817	0	24	HUGO'S COCINA	3701 N TERMINAL RD	HOUSTON	TX	77032	101	Y	MB912934	5/1/2016		6/30/2019	20878	13792	31581	0	66251
32053681907	SSJA LLC	6166 HIGHWAY 6 N UNIT 22	HOUSTON	TX	77084	101	1	AGUIRRES TEX MEX	6166 HIGHWAY 6 N UNIT 22	HOUSTON	TX	77084	101	Y	MB910198	6/8/2015	7/11/2023	5/31/2019	1435	266	442	0	2143
17601930666	PAPPAS RESTAURANTS, INC.	13939 NORTHWEST FWY	HOUSTON	TX	77040	101	52	PAPPAS SEAFOOD HOUSE AND OYSTER BAR	6894 SOUTHWEST FWY	HOUSTON	TX	77074	101	Y	MB496285	7/9/2001		8/31/2019	0	0	0	0	0
32058062095	T & D RESTAURANTS, LLC	11901 ALDINE WESTFIELD RD	HOUSTON	TX	77093	101	1	CULICHI TOWN	11901 ALDINE WESTFIELD RD	HOUSTON	TX	77093	101	N	MB990033	6/30/2016		10/31/2019	58143	40	37243	0	95426
32063538857	CHECO HC HOUSTON CY, LLC	11410 COMMON OAKS DR	RALEIGH	NC	27614	0	1	COURTYARD HOUSTON INTERCONTINENTAL AP	15838 JOHN F KENNEDY BLVD	HOUSTON	TX	77032	101	Y	MB997842	10/19/2017		8/31/2019	0	0	14934	0	14934
32065327820	TEX MEX GRILL & BAR LLC	12620 FM 1960 RD W STE A1	HOUSTON	TX	77065	101	1	TEX MEX GRILL & BAR	17117 FM 529 RD	HOUSTON	TX	77095	101	Y	MB1023749	7/21/2020	7/31/2020	3/31/2019	3162	0	5016	0	8178
32059688088	RICHMOND MIA BELLA, LLC	19 MAYMONT WAY	SPRING	TX	77382	170	1	MIA BELLA TRATTORIA	3773 RICHMOND AVE STE 1A	HOUSTON	TX	77046	101	Y	MB981463	5/9/2017	6/13/2019	4/30/2019	14188	22360	2332	0	38880
17605749906	PARICUTIN, INC.	2218 ADDISON RD	HOUSTON	TX	77030	101	1	THE VOLCANO	2349 BISSONNET ST	HOUSTON	TX	77005	101	Y	MB439217	9/25/1998		10/31/2019	40072	3895	12607	0	56574
32051021346	BREWSKIS NO. 5, LLC	17938 BANDERA RIDGE LN	CYPRESS	TX	77433	101	1	BREWSKIS PUB & PATIO SPORTS BAR & GRILL-BELTWAY	8050 N SAM HOUSTON PKWY W # 500	HOUSTON	TX	77064	101	N	MB857273	11/15/2013	5/30/2024	10/31/2019	24850	298	23096	0	48244
32055594579	MARY'Z MEDITERRANEAN RESTAURANT, INC	4500 WASHINGTON AVE STE 200	HOUSTON	TX	77007	101	1	MARY'Z MEDITERRANEAN RESTAURANT	4500 WASHINGTON AVE STE 200	HOUSTON	TX	77007	101	Y	MB896056	1/23/2015		10/31/2019	1956	2225	1507	0	5688
32037679050	BRENDA'S TAQUERIA'S INC.	3100 S GESSNER RD STE 320	HOUSTON	TX	77063	101	3	BRENDA'S TAQUERIA #3	6803 HIGHWAY 6 S	HOUSTON	TX	77083	101	Y	MB869398	4/14/2014		8/31/2019	8742	0	11672	0	20414
32063670601	HADLEY ENTERTAINMENT GROUP, LLC	3704 FANNIN ST	HOUSTON	TX	77004	101	1	PLAE HOUSTON	3704 FANNIN ST	HOUSTON	TX	77004	101	Y	MB993866	9/12/2017	2/8/2019	1/31/2019	0	0	0	0	58048
32070720860	SPIVEY'S UPTOWN, INC.	2802 FRANCIS ST	HOUSTON	TX	77004	101	1	SPIVEY'S UPTOWN	1419 S LOOP W	HOUSTON	TX	77054	101	Y	MB106369290	9/18/2019	9/30/2022	12/31/2019	0	0	0	0	0
32051485020	300 MAIN ST, LLC	1533 W ALABAMA ST STE 100	HOUSTON	TX	77006	101	1	BOOMTOWN COFFEE MAIN ST CAFE & BAR	300 MAIN ST	HOUSTON	TX	77002	101	Y	MB853398	10/3/2013	7/24/2020	9/30/2019	4577	1500	887	0	6964
32065565031	SOUTH SIDE WESTHEIMER RESTAURANT GROUP, L.L.C.	715 E 13TH ST	HOUSTON	TX	77008	101	1	UB PRESERV	1609 WESTHEIMER RD	HOUSTON	TX	77006	101	Y	MB1009255	3/8/2018	6/30/2022	9/30/2019	20691	19924	2151	0	42766
17601144730	PEPPE MAURO, INC.	2120 ELLA BLVD	HOUSTON	TX	77008	101	1	CAVATORE ITALIAN RESTAURANT	2120 ELLA BLVD	HOUSTON	TX	77008	101	Y	MB166783	12/1/1993		6/30/2019	5999	22242	1808	0	30049
17603293352	PAR THREE INVESTMENT, INC.	3122 DUNVALE RD	HOUSTON	TX	77063	101	1	THE HIDEAWAY ON DUNVALE	3122 DUNVALE RD	HOUSTON	TX	77063	101	Y	MB224302	12/1/1993		8/31/2019	44408	1122	40083	0	85613
32004057355	JACK AND HECTOR'S, INC.	12589 WHITTINGTON DR	HOUSTON	TX	77077	101	1	THE FIRST TEE	12589 WHITTINGTON DR	HOUSTON	TX	77077	101	Y	MB511349	3/28/2002		8/31/2019	54008	2750	26999	0	83757
12636651262	CHACHO'S SOUTH LOOP 610 LLC	4320 INDUSTRIAL CTR	SAN ANTONIO	TX	78217	15	1	CHACHO'S	2700 S LOOP W	HOUSTON	TX	77054	101	Y	MB738930	12/18/2009		8/31/2019	74579	0	4390	0	78969
32064529400	TWO BIRD'S CARWASH DAIQUIRI & GRILL, LLC.	8711 GRASSWREN RD	RICHMOND	TX	77407	79	1	TWO BIRD'S CARWASH DAIQUIRI & GRILL	6613 BOWLING GREEN ST	HOUSTON	TX	77021	101	Y	MB1008720	3/1/2018	9/1/2020	3/31/2019	0	0	0	0	0
32054441475	CARMIKE CONCESSIONS II, LLC	11500 ASH ST	LEAWOOD	KS	66211	0	2	AMC YORKTOWN 15	15900 YORKTOWN CROSSING PKWY	HOUSTON	TX	77084	101	Y	MB1000558	11/21/2017	1/21/2020	8/31/2019	1684	210	1228	0	3122
32051485020	300 MAIN ST, LLC	1533 W ALABAMA ST STE 100	HOUSTON	TX	77006	101	1	BOOMTOWN COFFEE MAIN ST CAFE & BAR	300 MAIN ST	HOUSTON	TX	77002	101	Y	MB853398	10/3/2013	7/24/2020	5/31/2019	7506	822	990	0	9318
17606567885	LE CEP, INC.	11112 WESTHEIMER RD	HOUSTON	TX	77042	101	1	BISTRO LE CEP	11112 WESTHEIMER RD	HOUSTON	TX	77042	101	Y	MB484540	12/5/2000		8/31/2019	2637	17721	471	0	20829
32053010222	STANFORD STREET HOLDINGS, LLC	15722 WALKWOOD DR	HOUSTON	TX	77079	101	1	EAGLE HOUSTON	611 HYDE PARK BLVD	HOUSTON	TX	77006	101	Y	MB869614	4/16/2014		10/31/2019	175250	1170	46338	0	222758
32056318788	SHOHAG CORPORATION	125 E EDGEBROOK DR STE B	HOUSTON	TX	77034	101	1	JOE'S PLACE	125 E EDGEBROOK DR STE B	HOUSTON	TX	77034	101	Y	MB918082	8/20/2015	10/14/2020	9/30/2019	4882	3487	5579	0	13948
32058533301	HOUSTON 506 MAIN CONCEPT, L.L.C.	2450 LOUISIANA ST STE 400-935	HOUSTON	TX	77006	101	1	BOOTS 'N SHOOTS	506 MAIN ST	HOUSTON	TX	77002	101	Y	MB927594	11/20/2015	1/5/2023	11/30/2019	137162	663	32714	0	170539
32051021346	BREWSKIS NO. 5, LLC	17938 BANDERA RIDGE LN	CYPRESS	TX	77433	101	1	BREWSKIS PUB & PATIO SPORTS BAR & GRILL-BELTWAY	8050 N SAM HOUSTON PKWY W # 500	HOUSTON	TX	77064	101	N	MB857273	11/15/2013	5/30/2024	8/31/2019	24999	243	21317	0	46559
32064529400	TWO BIRD'S CARWASH DAIQUIRI & GRILL, LLC.	8711 GRASSWREN RD	RICHMOND	TX	77407	79	1	TWO BIRD'S CARWASH DAIQUIRI & GRILL	6613 BOWLING GREEN ST	HOUSTON	TX	77021	101	Y	MB1008720	3/1/2018	9/1/2020	9/30/2019	0	0	0	0	0
32039367068	HURACAN DISCO INC.	8235 MISSION ESTATES DR	HOUSTON	TX	77083	79	1	HURACAN BALLROOM	137 W DYNA DR # 137	HOUSTON	TX	77037	101	Y	MB493646	7/15/2009		10/31/2019	4024	0	37022	0	41046
32067495682	BISHOP WILLOWBROOK PARK LESSEE LLC	9 W 57TH ST FL 43	NEW YORK	NY	10019	0	1	EMBARK AT WILLOWBROOK PARK	7575 WILLOW CHASE BLVD	HOUSTON	TX	77070	101	Y	MB105966035	12/14/2018	12/14/2022	5/31/2019	0	0	0	0	0
17519330587	CHILI'S BEVERAGE COMPANY, INC.	3000 OLYMPUS BLVD C/O TAX DEPARTMENT	COPPELL	TX	75019	57	111	CHILI'S GRILL & BAR	3215 SOUTHWEST FWY	HOUSTON	TX	77027	101	Y	MB166951	4/16/1998		4/30/2019	26126	1394	5952	0	33472
17519330587	CHILI'S BEVERAGE COMPANY, INC.	3000 OLYMPUS BLVD C/O TAX DEPARTMENT	COPPELL	TX	75019	57	111	CHILI'S GRILL & BAR	3215 SOUTHWEST FWY	HOUSTON	TX	77027	101	Y	MB166951	4/16/1998		6/30/2019	19190	999	4490	0	24679
32030945532	HSIANG E ENTERPRISE, LLC	6315 HIGHWAY 36 S	ROSENBERG	TX	77471	79	1	SASAKI JAPANESE RESTAURANT	8979 WESTHEIMER RD	HOUSTON	TX	77063	101	Y	MB687159	3/18/2008	7/20/2022	10/31/2019	566	500	501	0	1567
17526981786	LONE STAR FONDUE CONCEPTS, INC.	1404 WOODMONT BLVD	NASHVILLE	TN	37215	0	1	THE MELTING POT RESTAURANT	6100 WESTHEIMER RD STE 146	HOUSTON	TX	77057	101	Y	MB417651	9/26/1997		10/31/2019	12730	10098	1220	0	24048
32048633302	GSM WINGS II, LLC	12660 S KIRKWOOD RD	STAFFORD	TX	77477	79	5	BREWINGZ	12250 GULF FWY	HOUSTON	TX	77034	101	Y	MB842371	6/5/2013		8/31/2019	11190	15	19254	0	30459
32043575151	GLORIA'S MIDTOWN HOUSTON, INC.	16816 DALLAS PKWY	DALLAS	TX	75248	57	1	GLORIA'S RESTAURANT	2616 LOUISIANA ST STE 101	HOUSTON	TX	77006	101	Y	MB793443	12/28/2011		4/30/2019	132095	13461	15065	0	160621
32054228120	S & KW CORPORATION	6617 CHIMNEY ROCK RD	HOUSTON	TX	77081	101	1	NAZARETH CAFE	6617 CHIMNEY ROCK RD	HOUSTON	TX	77081	101	Y	MB501287	8/1/2014		3/31/2019	2546	0	2886	0	5432
32065327820	TEX MEX GRILL & BAR LLC	12620 FM 1960 RD W STE A1	HOUSTON	TX	77065	101	1	TEX MEX GRILL & BAR	17117 FM 529 RD	HOUSTON	TX	77095	101	Y	MB1023749	7/21/2020	7/31/2020	10/31/2019	2500	0	1600	0	4100
32051021346	BREWSKIS NO. 5, LLC	17938 BANDERA RIDGE LN	CYPRESS	TX	77433	101	1	BREWSKIS PUB & PATIO SPORTS BAR & GRILL-BELTWAY	8050 N SAM HOUSTON PKWY W # 500	HOUSTON	TX	77064	101	N	MB857273	11/15/2013	5/30/2024	6/30/2019	26691	266	20861	0	47818
32058533301	HOUSTON 506 MAIN CONCEPT, L.L.C.	2450 LOUISIANA ST STE 400-935	HOUSTON	TX	77006	101	1	BOOTS 'N SHOOTS	506 MAIN ST	HOUSTON	TX	77002	101	Y	MB927594	11/20/2015	1/5/2023	5/31/2019	119351	1444	26260	0	147055
32063397452	TEJAS HOSPITALITY, LLC	610 ARLINGTON ST	HOUSTON	TX	77007	101	1	LOW BROW BAR AND GRILL	1601 W MAIN ST	HOUSTON	TX	77006	101	Y	MB991186	8/11/2017	1/22/2021	9/30/2019	19686	14712	2370	0	36768
12622914799	MCCORMICK & SCHMICK TEXAS, INC.	1510 WEST LOOP S	HOUSTON	TX	77027	101	1	MCCORMICK & SCHMICK'S SEAFOOD RESTAURANT	1201 FANNIN ST	HOUSTON	TX	77002	101	Y	MB699754	7/31/2008		8/31/2019	33693	27974	8158	0	69825
32051193806	R. VELAZCO PROPERTIES, LLC	4109 GRACELAND DR	DEER PARK	TX	77536	101	1	R. VELAZCO PROPERTIES, LLC	13217 SUNDALE RD	HOUSTON	TX	77038	101	N	MB864241	2/19/2014		6/30/2019	0	0	0	0	0
32030945532	HSIANG E ENTERPRISE, LLC	6315 HIGHWAY 36 S	ROSENBERG	TX	77471	79	1	SASAKI JAPANESE RESTAURANT	8979 WESTHEIMER RD	HOUSTON	TX	77063	101	Y	MB687159	3/18/2008	7/20/2022	9/30/2019	924	1050	850	0	2824
17604846489	FIRST CLASS EVENTS, INCORPORATED	3408 DELANO ST	HOUSTON	TX	77004	101	2	THE WUNDERBAR	2305 ALABAMA ST	HOUSTON	TX	77004	101	Y	MB750740	6/21/2010	5/1/2022	9/30/2019	0	0	0	0	0
17514764004	THE DOWNTOWN CLUB, INC.	3030 LYNDON B JOHNSON FWY	DALLAS	TX	75234	57	1	THE MET BUSINESS AND SPORTS CLUB AT DOWNTOWN	ONE ALLEN CENTER, 6TH FLOOR, 340 WEST DALLAS	HOUSTON	TX	77002	101	Y	MB502379	10/31/2001		4/30/2019	1688	2000	3507	0	7195
32066322630	LIN & CHEN 138 LLC	17278 STATE HIGHWAY 249	HOUSTON	TX	77064	101	1	JUICY CRAB	17278 STATE HIGHWAY 249	HOUSTON	TX	77064	101	Y	MB106105959	2/20/2019		8/31/2019	34908	1423	7180	0	43511
32065565031	SOUTH SIDE WESTHEIMER RESTAURANT GROUP, L.L.C.	715 E 13TH ST	HOUSTON	TX	77008	101	1	UB PRESERV	1609 WESTHEIMER RD	HOUSTON	TX	77006	101	Y	MB1009255	3/8/2018	6/30/2022	10/31/2019	19605	18635	2104	0	40344
32053814086	SPIRITS DISTILLING COMPANY LLC	9850 DRYSDALE LN	HOUSTON	TX	77041	101	1	SPIRITS DISTILLING COMPANY	9850 DRYSDALE LN	HOUSTON	TX	77041	101	Y	D 918706	8/27/2015		4/30/2019	0	0	0	0	0
32059009046	EL CABALLO BLANCO RESTAURANT, LLC	6028 S GESSNER RD	HOUSTON	TX	77036	101	1	EL CABALLO BLANCO RESTAURANT	6028 S GESSNER RD	HOUSTON	TX	77036	101	Y	MB990322	8/4/2017		1/31/2019	3008	0	13592	0	16600
32042170129	EDWARD MARQUIS ENTERPRISES, INC.	6124 TYNE ST	HOUSTON	TX	77007	101	1	FRATELLI'S RISTORANTE	1330 WIRT RD STE D	HOUSTON	TX	77055	101	Y	MB766487	1/27/2011		6/30/2019	8252	23293	855	0	32400
32004534056	CHRISTOS STATHATOS	416 76TH ST	HOUSTON	TX	77012	101	3	DON CARLOS RESTAURANT	416 76TH ST	HOUSTON	TX	77012	101	Y	MB431785	5/15/1998		2/28/2019	15494	108	6947	0	22549
17602729208	LANDRY'S SEAFOOD INN & OYSTER BAR - SUGAR CREEK, L	1510 WEST LOOP S	HOUSTON	TX	77027	101	3	CADILLAC BAR	1802 SHEPHERD DR	HOUSTON	TX	77007	101	Y	MB426942	2/20/1998		12/31/2019	95811	24236	30351	0	150398
32068959777	RBHJ ENTERTAINMENT LLC	9930 NORTH FWY STE B	HOUSTON	TX	77037	101	1	HOUSTON DOLLS CABARET	313 RANKIN RD STE H	HOUSTON	TX	77073	101	N	MB106132838	4/4/2019		9/30/2019	10214	64	5620	0	15898
17606210817	I.C.I.T., INC.	15643 SCOLTY REACH LN	HUMBLE	TX	77346	101	1	I.C.I.T., INC.	9115 BLUEBERRY ST	HOUSTON	TX	77049	101	N	MB465452	1/21/2000		8/31/2019	905	905	905	0	2715
17521332019	OLIVE GARDEN OF TEXAS, LLC	PO BOX 695011	ORLANDO	FL	32869	0	95	OLIVE GARDEN OF TEXAS #1850	15525 WALLISVILLE RD	HOUSTON	TX	77049	101	Y	MB781309	8/2/2011		8/31/2019	8811	5189	2608	0	16608
17606284580	LOS GALLITOS MEXICAN CAFE II, INC.	12030 WILCREST DR	HOUSTON	TX	77031	101	3	LOS GALLITOS MEXICAN CAFE II	12030 WILCREST DR	HOUSTON	TX	77031	101	N	MB469832	10/1/2016		10/31/2019	7606	2353	178	0	10137
32043640120	LUCILLE B. SMITH'S FINE FOODS, LLC	5512 LA BRANCH ST	HOUSTON	TX	77004	101	1	LUCILLE'S	5512 LA BRANCH ST	HOUSTON	TX	77004	101	Y	MB810737	6/15/2012		4/30/2019	12278	8179	1482	0	21939
32014461050	DUVIS E AYALA	8443 MISTY VALE LN	HOUSTON	TX	77075	101	1	EDUARDO'S BAR	7233 LONG DR	HOUSTON	TX	77087	101	Y	MB776341	6/3/2011		10/31/2019	185	0	17776	0	17961
32030452018	YUMMY GROUP INC.	2390 W ALABAMA ST	HOUSTON	TX	77098	101	1	AKA SUSHI HOUSE	2390 W ALABAMA ST	HOUSTON	TX	77098	101	Y	MB671947	9/21/2007		8/31/2019	12988	18892	8077	0	39957
12008452679	DOON, INC.	14124 STUEBNER AIRLINE RD C/O OLDE CITY	HOUSTON	TX	77069	101	1	OLDE CITY PUB	14124 STUEBNER AIRLINE RD	HOUSTON	TX	77069	101	N	MB557281	5/12/2004		4/30/2019	31095	285	23218	0	54598
17606210817	I.C.I.T., INC.	15643 SCOLTY REACH LN	HUMBLE	TX	77346	101	1	I.C.I.T., INC.	9115 BLUEBERRY ST	HOUSTON	TX	77049	101	N	MB465452	1/21/2000		11/30/2019	6349	6349	6349	0	19047
32037706739	FRONTERA KITCHEN, LLC	2121 SAGE RD STE 383	HOUSTON	TX	77056	101	1	SYLVIA'S ENCHILADA KITCHEN	6401 WOODWAY DR STE 105	HOUSTON	TX	77057	101	Y	MB715142	2/18/2009		7/31/2019	38464	6051	4609	0	49124
32061756238	LOS CAPORALES MEXICAN GRILL RESTAURANT LLC	18718 STATE HIGHWAY 249	HOUSTON	TX	77070	101	1	LOS CAPORALES MEXICAN GRILL RESTAURANT LLC	18718 STATE HIGHWAY 249	HOUSTON	TX	77070	101	Y	MB493726	1/6/2017		10/31/2019	1251	31	518	0	1800
32058505416	S KARAOKE, INC.	9504 LONG POINT RD STE J	HOUSTON	TX	77055	101	1	S KARAOKE	9504 LONG POINT RD STE J	HOUSTON	TX	77055	101	Y	MB945400	5/26/2016	11/30/2022	9/30/2019	0	0	0	0	0
32010676099	MARTIN FLORES	7430 GUINEVERE DR	SUGAR LAND	TX	77479	79	5	LA CASA BLANCA PARTY HALL	1517 GEARS RD	HOUSTON	TX	77067	101	Y	MB956261	8/31/2016	4/30/2024	1/31/2019	998	0	856	0	1854
32065327820	TEX MEX GRILL & BAR LLC	12620 FM 1960 RD W STE A1	HOUSTON	TX	77065	101	1	TEX MEX GRILL & BAR	17117 FM 529 RD	HOUSTON	TX	77095	101	Y	MB1023749	7/21/2020	7/31/2020	4/30/2019	3155	0	3064	0	6219
32031953949	ARENA CONCESSIONS, INC.	1818 RODEO DR	MESQUITE	TX	75149	57	1	ARENA THEATRE	7326 SOUTHWEST FWY	HOUSTON	TX	77074	101	Y	MB672939	10/3/2007		4/30/2019	85401	3339	28947	0	117687
19108474867	RED ROBIN INTERNATIONAL, INC.	10000 E GEDDES AVE STE 500	ENGLEWOOD	CO	80112	0	15	RED ROBIN #510	22455 STATE HIGHWAY 249	HOUSTON	TX	77070	101	Y	MB949443	6/29/2016		4/30/2019	2858	450	4182	0	7490
32052171488	B & R BUTCHERS, LTD.	1244 N POST OAK RD STE 100	HOUSTON	TX	77055	101	1	B & B BUTCHERS	1814 WASHINGTON AVE	HOUSTON	TX	77007	101	Y	MB904357	4/9/2015		5/31/2019	119547	216715	11787	0	348049
32068959777	RBHJ ENTERTAINMENT LLC	9930 NORTH FWY STE B	HOUSTON	TX	77037	101	1	HOUSTON DOLLS CABARET	313 RANKIN RD STE H	HOUSTON	TX	77073	101	N	MB106132838	4/4/2019		8/31/2019	10740	56	10148	9882	30826
32041065668	WILLOWBROOK LODGING GROUP LLC	22790 HIGHWAY 59 N	KINGWOOD	TX	77339	170	1	LAQUINTA INN & SUITES	8383 CYPRESS CREEK PKWY	HOUSTON	TX	77070	101	Y	MB826490	12/10/2012		8/31/2019	641	14	287	0	942
32030945532	HSIANG E ENTERPRISE, LLC	6315 HIGHWAY 36 S	ROSENBERG	TX	77471	79	1	SASAKI JAPANESE RESTAURANT	8979 WESTHEIMER RD	HOUSTON	TX	77063	101	Y	MB687159	3/18/2008	7/20/2022	12/31/2019	519	1000	759	0	2278
17425233644	FUGATE CLUB, INC.	PO BOX 75278	HOUSTON	TX	77234	101	1	FUGATE CLUB INC	10055 FUQUA ST	HOUSTON	TX	77089	101	Y	MB203640	12/1/1993		4/30/2019	7771	108	12967	0	20846
12048818178	GOLDEN OAKS CORP.	5855 SOVEREIGN DR STE A	HOUSTON	TX	77036	101	1	NORTH CHINA RESTAURANT	14525 KATY FWY	HOUSTON	TX	77079	101	Y	MB705756	10/13/2008		8/31/2019	550	3760	1582	0	5892
32061079953	LA FRESCA CLUB NP	250 W 20TH ST STE 300	HOUSTON	TX	77008	101	1	LA FRESCA CLUB	250 W 20TH ST STE 300	HOUSTON	TX	77008	101	Y	NB961673	10/20/2016		6/30/2019	0	0	0	0	0
17606595761	MHI HOUSTON BEVERAGES, L.L.C.	6404 IVY LN STE 800	GREENBELT	MD	20770	0	1	PART & PARCEL/EDGAR'S HERMANO	1700 SMITH ST	HOUSTON	TX	77002	101	Y	MB489873	3/28/2001	3/26/2020	2/28/2019	33449	12503	18157	232	64341
32050567265	NIGHTINGALE ROOM BAR, L.L.C.	1416 WESTHEIMER RD	HOUSTON	TX	77006	101	1	NIGHTINGALE ROOM BAR, L.L.C	308 MAIN ST STE 100	HOUSTON	TX	77002	101	Y	MB887256	10/16/2014	3/24/2020	4/30/2019	22571	153	3525	0	26249
17604219067	SPANISH FLOWERS, INC.	4701 N MAIN ST	HOUSTON	TX	77009	101	1	SPANISH FLOWERS	4701 N MAIN ST	HOUSTON	TX	77009	101	Y	MB427025	2/23/1998		8/31/2019	36483	525	7347	0	44355
32057634951	ACMJKPR AMUSEMENT, LLC	9110 JONES RD STE 100	HOUSTON	TX	77065	101	1	JB'S PUB & GRILL	9110 JONES RD STE 100	HOUSTON	TX	77065	101	Y	MB970936	1/31/2017		8/31/2019	28457	335	14647	0	43439
32055658705	WE RUN HOU, LLC	1703 SILVER ST	HOUSTON	TX	77007	101	1	ENGINE ROOM	1515 PEASE ST STE 101	HOUSTON	TX	77002	101	Y	MB901299	3/17/2015	3/16/2021	8/31/2019	0	0	0	0	0
17405031224	BAYOU CLUB OF HOUSTON	8550 MEMORIAL DR	HOUSTON	TX	77024	101	1	BAYOU CLUB OF HOUSTON	8550 MEMORIAL DR	HOUSTON	TX	77024	101	Y	N 037429	12/1/1993		8/31/2019	0	0	0	0	0
32054228120	S & KW CORPORATION	6617 CHIMNEY ROCK RD	HOUSTON	TX	77081	101	1	NAZARETH CAFE	6617 CHIMNEY ROCK RD	HOUSTON	TX	77081	101	Y	MB501287	8/1/2014		4/30/2019	1282	0	1779	0	3061
32059274046	IRISH CBMT, LP	2450 LOUISIANA ST STE 400-262	HOUSTON	TX	77006	101	1	IRISH COWBOY	2300 LOUISIANA ST	HOUSTON	TX	77006	101	Y	MB939042	3/28/2016	1/13/2020	2/28/2019	0	0	0	0	0
32000861685	FOUNTAIN FOODS, INC.	25600 WESTHEIMER PKWY STE 110	KATY	TX	77494	79	2	HARVEST ORGANIC GRILLE	1810 FOUNTAIN VIEW DR	HOUSTON	TX	77057	101	Y	MB817402	8/21/2012	6/1/2019	3/31/2019	0	0	0	0	0
32067495682	BISHOP WILLOWBROOK PARK LESSEE LLC	9 W 57TH ST FL 43	NEW YORK	NY	10019	0	1	EMBARK AT WILLOWBROOK PARK	7575 WILLOW CHASE BLVD	HOUSTON	TX	77070	101	Y	MB105966035	12/14/2018	12/14/2022	12/31/2019	0	0	0	0	0
17606284846	MANDOLA BROS. L.L.C.	4302 RICHMOND AVE	HOUSTON	TX	77027	101	1	RAGIN CAJUN	80 WOODLAKE SQ	HOUSTON	TX	77063	101	Y	MB472201	5/23/2000	2/1/2022	8/31/2019	6622	2158	6555	0	15335
32066322630	LIN & CHEN 138 LLC	17278 STATE HIGHWAY 249	HOUSTON	TX	77064	101	1	JUICY CRAB	17278 STATE HIGHWAY 249	HOUSTON	TX	77064	101	Y	MB106105959	2/20/2019		10/31/2019	31373	1116	4565	0	37054
32052019083	ASYLUM ENTERTAINMENT, LLC	9668 WESTHEIMER RD STE 200 # 38	HOUSTON	TX	77063	101	1	MARFRELESS	2006 PEDEN ST	HOUSTON	TX	77019	101	Y	MB962437	10/26/2016		2/28/2019	36802	11159	5363	0	53324
12604652490	IGUANA JOE'S BW8, INC.	9118 N HIGHWAY 146	BAYTOWN	TX	77523	36	1	IGUANA JOE'S MEXICAN RESTAURANT	5710 E SAM HOUSTON PKWY N	HOUSTON	TX	77015	101	Y	MB679831	12/28/2007		8/31/2019	40060	414	15198	0	55672
17603801998	B.J.'S ICE HOUSE, LTD.	12640 BRIAR FOREST DR	HOUSTON	TX	77077	101	1	BIG JOHN'S ICE HOUSE	12640 BRIAR FOREST DR	HOUSTON	TX	77077	101	Y	MB234180	12/1/1993		8/31/2019	22885	1714	19410	0	44009
32065565031	SOUTH SIDE WESTHEIMER RESTAURANT GROUP, L.L.C.	715 E 13TH ST	HOUSTON	TX	77008	101	1	UB PRESERV	1609 WESTHEIMER RD	HOUSTON	TX	77006	101	Y	MB1009255	3/8/2018	6/30/2022	7/31/2019	26277	22663	2044	0	50984
32055658705	WE RUN HOU, LLC	1703 SILVER ST	HOUSTON	TX	77007	101	1	ENGINE ROOM	1515 PEASE ST STE 101	HOUSTON	TX	77002	101	Y	MB901299	3/17/2015	3/16/2021	5/31/2019	75143	125	948	0	76216
17412937876	CHAMPIONS GOLF CLUB, INC.	13722 CHAMPIONS DR	HOUSTON	TX	77069	101	1	CHAMPION GOLF CLUB, INC.	13722 CHAMPIONS DR	HOUSTON	TX	77069	101	N	MB239975	12/1/1993		4/30/2019	24087	17205	16058	0	57350
32052043786	DELIGHT HOOKAH LOUNGE CORPORATION	4719 TAHOE CANYON LN	HOUSTON	TX	77084	101	1	DELIGHT HOOKAH LOUNGE	9421 HIGHWAY 6 S	HOUSTON	TX	77083	79	Y	MB1020665	6/27/2018	1/30/2020	7/31/2019	0	0	594	0	594
32041065668	WILLOWBROOK LODGING GROUP LLC	22790 HIGHWAY 59 N	KINGWOOD	TX	77339	170	1	LAQUINTA INN & SUITES	8383 CYPRESS CREEK PKWY	HOUSTON	TX	77070	101	Y	MB826490	12/10/2012		11/30/2019	418	7	256	0	681
17604846489	FIRST CLASS EVENTS, INCORPORATED	3408 DELANO ST	HOUSTON	TX	77004	101	2	THE WUNDERBAR	2305 ALABAMA ST	HOUSTON	TX	77004	101	Y	MB750740	6/21/2010	5/1/2022	2/28/2019	0	0	0	0	0
32055658705	WE RUN HOU, LLC	1703 SILVER ST	HOUSTON	TX	77007	101	1	ENGINE ROOM	1515 PEASE ST STE 101	HOUSTON	TX	77002	101	Y	MB901299	3/17/2015	3/16/2021	2/28/2019	60912	118	785	0	61815
32047970895	HONDURAS MAYA CAFE & BAR LLC	8011 HAZEN ST	HOUSTON	TX	77036	101	1	HONDURAS MAYA CAFE & BAR LLC	5945 BELLAIRE BLVD STE B	HOUSTON	TX	77081	101	Y	MB817033	8/16/2012	9/12/2019	8/31/2019	0	0	0	0	0
32041427686	MR. WHITE RESTAURANT, LLC	1962 W GRAY ST	HOUSTON	TX	77019	101	1	BRASSERIE 19	1962 W GRAY ST	HOUSTON	TX	77019	101	Y	MB768266	2/18/2011		6/30/2019	61595	169983	5324	0	236902
32057683230	SPRING BRANCH PUB & GRILL, LLC	PO BOX 430030	HOUSTON	TX	77243	101	1	SPRING BRANCH PUB & GRILL	8510 HAMMERLY BLVD	HOUSTON	TX	77055	101	Y	MB926712	11/12/2015	10/28/2019	5/31/2019	17527	178	18591	0	36296
32052615492	FAMECI FOOD, LLC	5895 S GESSNER RD	HOUSTON	TX	77036	101	1	OSTIONERIA MICHOACAN # 5	5895 S GESSNER RD	HOUSTON	TX	77036	101	Y	MB870191	4/23/2014		2/28/2019	3785	0	17111	0	20896
32062576528	MPLANT CORPORATION	3114 WATERS VIEW DR	SUGAR LAND	TX	77478	79	1	SUNRISE BAR & GRILL	8330 W BELLFORT ST STE C	HOUSTON	TX	77071	101	Y	MB983476	5/25/2017	5/28/2019	5/31/2019	0	0	0	0	0
32055103934	DDD999, LLC	6968 WILCREST DR STE A	HOUSTON	TX	77072	101	1	VIBE LOUNGE KTV & RESTAURANT	6968 WILCREST DR STE A	HOUSTON	TX	77072	101	Y	MB957596	9/13/2016	5/30/2019	5/31/2019	0	0	0	0	0
32016941299	EDUARDO SANCHEZ	PO BOX 30167	HOUSTON	TX	77249	101	1	CATTY-CORNER ICE HOUSE	895 WAKEFIELD DR	HOUSTON	TX	77018	101	Y	MB951296	7/18/2016		10/31/2019	4019	105	13009	0	17133
17527927499	SSP AMERICA TEXAS, INC.	20408 BASHAN DR STE 300	ASHBURN	VA	20147	0	20	EXECUTIVE LOUNGE: TERMINAL D, ACROSS GATE D6.	3875 N TERMINAL RD	HOUSTON	TX	77032	101	Y	MB104402609	7/1/2015		11/30/2019	28896	8052	63740	0	100688
32056444147	PROMOCIONES RODEO, LLC	9919 OLIVE BROOK LN	HOUSTON	TX	77095	101	1	EL RODEO DISCO	10531 GULF FWY	HOUSTON	TX	77034	101	Y	MB914436	7/16/2015		2/28/2019	13810	0	31164	0	44974
17604846489	FIRST CLASS EVENTS, INCORPORATED	3408 DELANO ST	HOUSTON	TX	77004	101	2	THE WUNDERBAR	2305 ALABAMA ST	HOUSTON	TX	77004	101	Y	MB750740	6/21/2010	5/1/2022	3/31/2019	0	0	0	0	0
32051021346	BREWSKIS NO. 5, LLC	17938 BANDERA RIDGE LN	CYPRESS	TX	77433	101	1	BREWSKIS PUB & PATIO SPORTS BAR & GRILL-BELTWAY	8050 N SAM HOUSTON PKWY W # 500	HOUSTON	TX	77064	101	N	MB857273	11/15/2013	5/30/2024	2/28/2019	20851	265	16870	0	37986
32065175807	NIYAH JC MANAGEMENT, LLC	4935 GAMMAGE ST	HOUSTON	TX	77021	101	2	THE RETREAT	6556 PEERLESS ST STE A	HOUSTON	TX	77021	101	Y	MB1050304	4/9/2019		5/31/2019	0	0	0	0	0
32037904862	SWANSON GOLF GROUP, LP	6224 THEALL RD	HOUSTON	TX	77066	101	2	SWANSON GOLF CENTER	6224 THEALL RD	HOUSTON	TX	77066	101	N	MB759312	10/12/2010		8/31/2019	12220	1340	17040	0	30600
32050922080	DON BURRITO LLC	4410 WESTWAY PARK BLVD STE 1100	HOUSTON	TX	77041	101	1	SENOR BURRITO	4410 WESTWAY PARK BLVD STE 1100	HOUSTON	TX	77041	101	Y	MB850940	9/9/2013		8/31/2019	385	0	438	0	823
32061510809	2900 SET CITY HOUSTON, L.L.C.	1225 NORTH LOOP W STE 640	HOUSTON	TX	77008	101	1	SET	2900 TRAVIS ST STE A	HOUSTON	TX	77006	101	Y	MB970041	1/24/2017	12/27/2021	10/31/2019	67831	3211	4746	405	76193
32065565031	SOUTH SIDE WESTHEIMER RESTAURANT GROUP, L.L.C.	715 E 13TH ST	HOUSTON	TX	77008	101	1	UB PRESERV	1609 WESTHEIMER RD	HOUSTON	TX	77006	101	Y	MB1009255	3/8/2018	6/30/2022	2/28/2019	26494	25597	2614	0	54705
32054855526	LJX ENTERPRISES, L.L.C.	10 TWILIGHT GLEN CT	SPRING	TX	77381	170	1	SPANISH FLOWERS	14915 NORTH FWY	HOUSTON	TX	77090	101	Y	MB957802	9/15/2016		8/31/2019	24087	180	6426	0	30693
17519234359	AMERICAN LIBERTY HOSPITALITY, INC.	2901 WILCREST DR STE 120	HOUSTON	TX	77042	101	4	EMBASSY SUITES HOUSTON DOWNTOWN	1515 DALLAS ST	HOUSTON	TX	77010	101	Y	MB767786	2/14/2011		8/31/2019	4827	436	1046	0	6309
32067495682	BISHOP WILLOWBROOK PARK LESSEE LLC	9 W 57TH ST FL 43	NEW YORK	NY	10019	0	1	EMBARK AT WILLOWBROOK PARK	7575 WILLOW CHASE BLVD	HOUSTON	TX	77070	101	Y	MB105966035	12/14/2018	12/14/2022	3/31/2019	0	0	0	0	0
32067495682	BISHOP WILLOWBROOK PARK LESSEE LLC	9 W 57TH ST FL 43	NEW YORK	NY	10019	0	1	EMBARK AT WILLOWBROOK PARK	7575 WILLOW CHASE BLVD	HOUSTON	TX	77070	101	Y	MB105966035	12/14/2018	12/14/2022	4/30/2019	0	0	0	0	0
32059683485	THE EDISON HOUSTON, LLC	2419 CENTER ST	HOUSTON	TX	77007	101	1	EDISON & PATTON	515 PATTON ST	HOUSTON	TX	77009	101	Y	MB953961	8/9/2016		11/30/2019	13760	1919	2581	0	18260
17602483475	LANDRY'S SEAFOOD INN & OYSTER BAR - GALVESTON, INC	1510 WEST LOOP S	HOUSTON	TX	77027	101	4	LAGRIGLIA	2002 W GRAY ST	HOUSTON	TX	77019	101	Y	MB552914	2/25/2004		8/31/2019	28093	68464	2873	0	99430
32054691970	JAA EXPRESS, A TEXAS LIMITED LIABILITY COMPANY	6406 BROOKFIELD DR APT B	HOUSTON	TX	77085	101	2	JABASTIAN'S MEXICAN RESTAURANT #6	11460 FUQUA ST STE 900	HOUSTON	TX	77089	101	Y	MB976158	5/18/2018	9/11/2019	4/30/2019	1231	0	1362	0	2593
32065565031	SOUTH SIDE WESTHEIMER RESTAURANT GROUP, L.L.C.	715 E 13TH ST	HOUSTON	TX	77008	101	1	UB PRESERV	1609 WESTHEIMER RD	HOUSTON	TX	77006	101	Y	MB1009255	3/8/2018	6/30/2022	12/31/2019	22793	21589	2220	0	46602
17406935407	HOUSTON COUNTRY CLUB	1 POTOMAC DR	HOUSTON	TX	77057	101	1	HOUSTON COUNTRY CLUB	1 POTOMAC DR	HOUSTON	TX	77057	101	Y	N 037621	12/1/1993		6/30/2019	90120	88270	12939	0	191329
12325735848	ARAMARK SPORTS AND ENTERTAINMENT SERVICES OF TEXAS	PO BOX 7548 ATTN: KIM KEENAN	PHILADELPHIA	PA	19101	0	16	ARAMARK SPORTS & ENTERTAINMENT SERVICES OF TEXAS	2000 S LOOP W	HOUSTON	TX	77054	101	Y	MB260970	12/8/1995		8/31/2019	351	527	2194	0	3072
32035438608	SSS LAND DEVELOPMENT, LP	9401 KNIGHT RD	HOUSTON	TX	77045	101	1	BAYOU CITY EVENT CENTER	9400 ALMEDA RD.	HOUSTON	TX	77054	101	Y	MB751140	6/25/2010		8/31/2019	16588	3504	3271	0	23363
17605462294	PERRY'S RESTAURANTS, LTD.	9805 KATY FWY STE 650	HOUSTON	TX	77024	101	6	PERRY'S STEAKHOUSE & GRILLE	9730 CYPRESSWOOD DR	HOUSTON	TX	77070	101	Y	MB679716	12/21/2007		6/30/2019	84243	108922	6498	0	199663
10437161069	WGC BEVERAGES INC.	12000 ALMEDA RD	HOUSTON	TX	77045	101	1	WILDCAT GOLF CLUB	12000 ALMEDA RD	HOUSTON	TX	77045	101	Y	MB526865	12/5/2002		8/31/2019	6116	17	19214	0	25347
12017192548	ERSO ENTERPRISES, L.L.C.	12822 WILLOW CENTRE DR STE A	HOUSTON	TX	77066	101	1	EL JALAPENO MEXICAN CAFE	10775 EASTEX FWY	HOUSTON	TX	77093	101	Y	MB621908	3/13/2006	11/30/2021	6/30/2019	11121	0	8984	0	20105
19001015791	RED FISH SEAFOOD GRILL INC.	19550 STATE HIGHWAY 249	HOUSTON	TX	77070	101	1	RED FISH GRILL	19550 TOMBALL PKWY	HOUSTON	TX	77070	101	Y	MB547851	11/18/2003		4/30/2019	5956	10255	3119	0	19330
32064970695	NEPTUNE CONTRACTORS, LLC	9211 HOUSE LAKE DR	MISSOURI CITY	TX	77459	79	1	SWAGGER 2	9880 BUFFALO SPEEDWAY	HOUSTON	TX	77025	101	Y	MB105704524	4/9/2019		11/30/2019	98031	3432	17302	0	118765
32065565031	SOUTH SIDE WESTHEIMER RESTAURANT GROUP, L.L.C.	715 E 13TH ST	HOUSTON	TX	77008	101	1	UB PRESERV	1609 WESTHEIMER RD	HOUSTON	TX	77006	101	Y	MB1009255	3/8/2018	6/30/2022	8/31/2019	24429	24921	2919	0	52269
17603409925	LA PLACITA, INC.	6219 BELLAIRE BLVD	HOUSTON	TX	77081	101	1	TAQUERIA MEXICO	6219 BELLAIRE BLVD	HOUSTON	TX	77081	101	Y	MB671713	5/14/1998		10/31/2019	205	0	648	0	853
32048654712	MAGGIE RITA'S FIRST CITY LTD- LLC	5382 BLUE MOUNTAIN LN	SUGAR LAND	TX	77479	79	1	MAGGIE RITA'S DOWNTOWN LTD	1001 FANNIN ST STE M162	HOUSTON	TX	77002	101	Y	MB854422	10/14/2013	3/26/2019	1/31/2019	547	0	91	0	638
32059760796	THE FINAL SCORE, INC.	8422 KIRKBROOK DR	HOUSTON	TX	77089	101	1	THE FINAL SCORE, INC.	12880 BEAMER RD	HOUSTON	TX	77089	101	Y	MB956977	9/7/2016	3/1/2021	6/30/2019	5203	0	4682	0	9885
32063397452	TEJAS HOSPITALITY, LLC	610 ARLINGTON ST	HOUSTON	TX	77007	101	1	LOW BROW BAR AND GRILL	1601 W MAIN ST	HOUSTON	TX	77006	101	Y	MB991186	8/11/2017	1/22/2021	1/31/2019	21717	9315	2537	0	33569
32061251248	SCG-VP, INC.	1650 HIGHWAY 6 STE 170	SUGAR LAND	TX	77478	79	1	STAR CINEMA GRILL	114 VINTAGE PARK BLVD STE J	HOUSTON	TX	77070	101	Y	MB975118	3/8/2017		10/31/2019	20186	5597	11723	0	37506
32038555739	VALENCIA ORANGES IV, LLC	4400 POST OAK PKWY STE 1640	HOUSTON	TX	77027	101	3	VALENCIA ORANGES IV, LLC	800 TOWN AND COUNTRY BLVD STE 139	HOUSTON	TX	77024	101	Y	MB790378	11/17/2011	3/20/2020	8/31/2019	1240	1165	194	0	2599
32052043786	DELIGHT HOOKAH LOUNGE CORPORATION	4719 TAHOE CANYON LN	HOUSTON	TX	77084	101	1	DELIGHT HOOKAH LOUNGE	9421 HIGHWAY 6 S	HOUSTON	TX	77083	79	Y	MB1020665	6/27/2018	1/30/2020	2/28/2019	0	0	509	0	509
32054228120	S & KW CORPORATION	6617 CHIMNEY ROCK RD	HOUSTON	TX	77081	101	1	NAZARETH CAFE	6617 CHIMNEY ROCK RD	HOUSTON	TX	77081	101	Y	MB501287	8/1/2014		5/31/2019	1869	0	1571	0	3440
17606595761	MHI HOUSTON BEVERAGES, L.L.C.	6404 IVY LN STE 800	GREENBELT	MD	20770	0	1	PART & PARCEL/EDGAR'S HERMANO	1700 SMITH ST	HOUSTON	TX	77002	101	Y	MB489873	3/28/2001	3/26/2020	3/31/2019	40316	14458	24133	232	79139
32030945532	HSIANG E ENTERPRISE, LLC	6315 HIGHWAY 36 S	ROSENBERG	TX	77471	79	1	SASAKI JAPANESE RESTAURANT	8979 WESTHEIMER RD	HOUSTON	TX	77063	101	Y	MB687159	3/18/2008	7/20/2022	1/31/2019	1198	1800	1700	0	4698
32065175807	NIYAH JC MANAGEMENT, LLC	4935 GAMMAGE ST	HOUSTON	TX	77021	101	2	THE RETREAT	6556 PEERLESS ST STE A	HOUSTON	TX	77021	101	Y	MB1050304	4/9/2019		4/30/2019	0	0	0	0	0
32059009046	EL CABALLO BLANCO RESTAURANT, LLC	6028 S GESSNER RD	HOUSTON	TX	77036	101	1	EL CABALLO BLANCO RESTAURANT	6028 S GESSNER RD	HOUSTON	TX	77036	101	Y	MB990322	8/4/2017		6/30/2019	4456	0	18619	0	23075
32057317813	HOST H8 IAH FB I, LLC	6905 ROCKLEDGE DR	BETHESDA	MD	20817	0	5	CADILLAC MEXICAN KITCHEN & BAR	3500 N TERMINAL RD	HOUSTON	TX	77032	101	Y	MB912931	7/1/2015		4/30/2019	72691	10100	33067	0	115858
32058380380	ALESH CORPORATION	6802 REGAL LAKES DR	KATY	TX	77493	101	1	CENTENARIO POOL & BAR	9890 SOUTHWEST FWY	HOUSTON	TX	77074	101	Y	MB939774	4/4/2016	2/8/2021	5/31/2019	1800	0	5570	0	7370
32051021346	BREWSKIS NO. 5, LLC	17938 BANDERA RIDGE LN	CYPRESS	TX	77433	101	1	BREWSKIS PUB & PATIO SPORTS BAR & GRILL-BELTWAY	8050 N SAM HOUSTON PKWY W # 500	HOUSTON	TX	77064	101	N	MB857273	11/15/2013	5/30/2024	12/31/2019	22581	650	14325	0	37556
17427780618	BRISTOL-SHANDY GROUP, L.L.C.	230 STARBOARD AVE	ROCKPORT	TX	78382	4	2	WILD WEST - HOUSTON	6101 RICHMOND AVE	HOUSTON	TX	77057	101	Y	MB408838	3/9/1998	7/1/2021	9/30/2019	43022	1031	26085	0	70138
15508413372	T & P INTERESTS, INC.	1704 HIGHWAY 6 S	HOUSTON	TX	77077	101	1	PAUL'S SEAFOOD & OYSTER BAR	1704 HIGHWAY 6 S	HOUSTON	TX	77077	101	Y	MB544356	10/7/2003		4/30/2019	5544	222	5267	0	11033
32067865900	DANNY-LEE ENTERTAINMENT, LLC	1011 CORINTH ST	DALLAS	TX	75215	57	1	BAR 9940	9940 FONDREN RD	HOUSTON	TX	77096	101	Y	MB1036470	11/6/2018	1/14/2020	2/28/2019	0	0	0	0	0
32041150981	SHILO CLUB, INC.	10010 SENECA TRL	MAGNOLIA	TX	77354	170	1	SHILO CLUB	1321 STUDEWOOD ST	HOUSTON	TX	77008	101	Y	MB507441	4/15/2010		2/28/2019	23647	429	20567	0	44643
32053062215	HEIGHTS HOTELS, INC.	1811 RAVENEL LN	SUGAR LAND	TX	77479	79	1	COURTYARD BY MARRIOTT	3220 KATY FWY	HOUSTON	TX	77007	101	Y	MB1066228	9/11/2019		10/31/2019	3720	3680	1974	0	9374
32043640120	LUCILLE B. SMITH'S FINE FOODS, LLC	5512 LA BRANCH ST	HOUSTON	TX	77004	101	1	LUCILLE'S	5512 LA BRANCH ST	HOUSTON	TX	77004	101	Y	MB810737	6/15/2012		1/31/2019	6279	4823	687	0	11789
17602505673	WILLIE G'S POST OAK, LLC	1510 WEST LOOP S ATTNLICENSING DEPT	HOUSTON	TX	77027	101	4	BRENNER'S STEAKHOUSE	10911 KATY FWY	HOUSTON	TX	77079	101	Y	MB528972	1/10/2003		6/30/2019	28695	84805	3300	0	116800
12006647981	TIMMONS RESTAURANT PARTNERS, LTD.	11 GREENWAY PLZ STE 515	HOUSTON	TX	77046	101	1	TONY'S	3755 RICHMOND AVE	HOUSTON	TX	77046	101	Y	MB568385	11/24/2004		4/30/2019	22369	87336	1484	0	111189
32042620289	TIMEOUT #1 SPORTS BAR, INC.	PO BOX 1364	FRIENDSWOOD	TX	77549	84	2	TIMEOUT #1 SPORTS BAR	11460 FUQUA ST STE 100	HOUSTON	TX	77089	101	Y	MB848722	8/13/2013		10/31/2019	62546	741	64801	0	128088
32067215684	PALMER'S ICE HOUSE LLC	PO BOX 73523	HOUSTON	TX	77273	101	1	PALMER'S ICE HOUSE	7315 LYONS AVE	HOUSTON	TX	77020	101	Y	MB959117	4/26/2019	1/21/2020	6/30/2019	1575	0	2000	0	3575
32051902776	HOUSTON STAMPEDE, LLC	PO BOX 111187	HOUSTON	TX	77293	101	1	STAMPEDE	11925 EASTEX FWY	HOUSTON	TX	77039	101	N	MB855031	10/21/2013		2/28/2019	124879	1172	92179	0	218230
32059274046	IRISH CBMT, LP	2450 LOUISIANA ST STE 400-262	HOUSTON	TX	77006	101	1	IRISH COWBOY	2300 LOUISIANA ST	HOUSTON	TX	77006	101	Y	MB939042	3/28/2016	1/13/2020	4/30/2019	0	0	0	0	0
32055622909	HG HOTEL BEVERAGE LLC	10306 EATON PL STE 430	FAIRFAX	VA	22030	0	1	HG HOTEL BEVERAGE LLC	5353 WESTHEIMER RD	HOUSTON	TX	77056	101	Y	MB902110	3/23/2015		9/30/2019	10916	5274	10216	0	26406
32011817288	MARY A BOWERSOX	1248 WITTE RD	HOUSTON	TX	77055	101	2	BLUE LAGOON	1248 WITTE RD	HOUSTON	TX	77055	101	Y	MB141385	12/1/1993		10/31/2019	30664	1095	18557	0	50316
17605462294	PERRY'S RESTAURANTS, LTD.	9805 KATY FWY STE 650	HOUSTON	TX	77024	101	6	PERRY'S STEAKHOUSE & GRILLE	9730 CYPRESSWOOD DR	HOUSTON	TX	77070	101	Y	MB679716	12/21/2007		4/30/2019	66561	98272	5740	0	170573
32057683230	SPRING BRANCH PUB & GRILL, LLC	PO BOX 430030	HOUSTON	TX	77243	101	1	SPRING BRANCH PUB & GRILL	8510 HAMMERLY BLVD	HOUSTON	TX	77055	101	Y	MB926712	11/12/2015	10/28/2019	2/28/2019	8856	137	10687	0	19680
32059683485	THE EDISON HOUSTON, LLC	2419 CENTER ST	HOUSTON	TX	77007	101	1	EDISON & PATTON	515 PATTON ST	HOUSTON	TX	77009	101	Y	MB953961	8/9/2016		3/31/2019	21492	2411	3991	0	27894
32010676099	MARTIN FLORES	7430 GUINEVERE DR	SUGAR LAND	TX	77479	79	5	LA CASA BLANCA PARTY HALL	1517 GEARS RD	HOUSTON	TX	77067	101	Y	MB956261	8/31/2016	4/30/2024	8/31/2019	2685	0	2788	0	5473
32044416306	KIRBY BEVERAGE, L.L.C.	110 VENICE ST	SUGAR LAND	TX	77478	79	1	TWIN PEAKS	4527 LOMITAS ST	HOUSTON	TX	77098	101	Y	MB786281	9/30/2011		6/30/2019	75965	1613	141355	0	218933
32018393465	MARIA SANTOS CHAVEZ	3240 FONDREN RD	HOUSTON	TX	77063	101	1	MILA'S TAQUERIA MEXICO	3240 FONDREN RD	HOUSTON	TX	77063	101	Y	MB620023	2/14/2006		11/30/2019	385	0	618	0	1003
17601930666	PAPPAS RESTAURANTS, INC.	13939 NORTHWEST FWY	HOUSTON	TX	77040	101	8	PAPPASITO'S CANTINA	6445 RICHMOND AVE	HOUSTON	TX	77057	101	Y	MB155132	12/1/1993		8/31/2019	74362	1871	11983	0	88216
12639540520	RESERVOIR INC	9950 WESTPARK DR STE 415	HOUSTON	TX	77063	101	1	REBELS HONKY TONK	5002 WASHINGTON AVE	HOUSTON	TX	77007	101	Y	MB718443	3/31/2009	6/24/2019	4/30/2019	15705	2851	18755	0	37311
17605167117	P.F.C.C.B. TEXAS, INC.	7676 E PINNACLE PEAK RD	SCOTTSDALE	AZ	85255	0	6	P F CHANG'S CHINA BISTRO	11685 WESTHEIMER RD	HOUSTON	TX	77077	101	Y	MB529125	2/5/2003		10/31/2019	9725	7707	2656	0	20088
17519234359	AMERICAN LIBERTY HOSPITALITY, INC.	2901 WILCREST DR STE 120	HOUSTON	TX	77042	101	5	HAMPTON INN BY HILTON HOUSTON DOWNTOWN	710 CRAWFORD ST	HOUSTON	TX	77002	101	Y	MB937629	3/11/2016		10/31/2019	11555	3161	8654	0	23370
32065565031	SOUTH SIDE WESTHEIMER RESTAURANT GROUP, L.L.C.	715 E 13TH ST	HOUSTON	TX	77008	101	1	UB PRESERV	1609 WESTHEIMER RD	HOUSTON	TX	77006	101	Y	MB1009255	3/8/2018	6/30/2022	4/30/2019	27131	24930	2567	0	54628
12601774768	4016 TELEPHONE, LLC	4016 TELEPHONE RD	HOUSTON	TX	77087	101	1	THE HAPPY GO LUCKY CLUB	4016 TELEPHONE RD	HOUSTON	TX	77087	101	Y	MB227481	8/1/2007		4/30/2019	2224	2	1042	0	3268
32052171488	B & R BUTCHERS, LTD.	1244 N POST OAK RD STE 100	HOUSTON	TX	77055	101	1	B & B BUTCHERS	1814 WASHINGTON AVE	HOUSTON	TX	77007	101	Y	MB904357	4/9/2015		10/31/2019	99789	203228	10416	0	313433
32051543133	ROCKET FARM RESTAURANTS, LLC	1175 CHATTAHOOCHEE AVE NW	ATLANTA	GA	30318	0	2	STATE OF GRACE	3256 WESTHEIMER RD	HOUSTON	TX	77098	101	Y	MB877330	8/1/2015		2/28/2019	57157	102035	5359	0	164551
13837117863	THE ARMADILLO PALACE, LP	2422 BARTLETT ST STE 1	HOUSTON	TX	77098	101	1	THE ARMADILLO PALACE	5015 KIRBY DR	HOUSTON	TX	77098	101	Y	MB571652	1/6/2005		2/28/2019	93365	20139	50364	0	163868
32059724503	BLR BARS, LLC	4835 CALHOUN RD STE A1	HOUSTON	TX	77004	101	1	THE DEN	4835 CALHOUN RD STE A1	HOUSTON	TX	77004	101	Y	MB959102	9/27/2016		8/31/2019	24409	720	22034	0	47163
32057683230	SPRING BRANCH PUB & GRILL, LLC	PO BOX 430030	HOUSTON	TX	77243	101	1	SPRING BRANCH PUB & GRILL	8510 HAMMERLY BLVD	HOUSTON	TX	77055	101	Y	MB926712	11/12/2015	10/28/2019	1/31/2019	13348	77	13136	0	26561
32015558185	CYPRESS LOUNGE, LLC	11945 BARWOOD BEND DR STE I	HOUSTON	TX	77065	101	1	CYPRESS LOUNGE	11945 BARWOOD BEND DR STE I	HOUSTON	TX	77065	101	Y	MB565021	10/1/2004		2/28/2019	16619	111	10039	0	26769
32058533301	HOUSTON 506 MAIN CONCEPT, L.L.C.	2450 LOUISIANA ST STE 400-935	HOUSTON	TX	77006	101	1	BOOTS 'N SHOOTS	506 MAIN ST	HOUSTON	TX	77002	101	Y	MB927594	11/20/2015	1/5/2023	7/31/2019	118829	1699	26740	0	147268
17419565928	MERINO'S LA PLAYA, INC.	PO BOX 9028	HOUSTON	TX	77261	101	1	MERINO'S LOUNGE & LA PLAYA RESTAURANT	7143 HARRISBURG BLVD	HOUSTON	TX	77011	101	Y	MB105716	12/1/1993		10/31/2019	3091	0	10287	0	13378
32037443770	TERESA IGLESIAS	18174 RIVER SAGE DR STE 108	HOUSTON	TX	77084	101	1	LOS FAROLES MEXICAN RESTAURANT	18174 RIVER SAGE DR STE 108	HOUSTON	TX	77084	101	Y	MB703249	9/10/2008		8/31/2019	8927	155	2338	0	11420
32053681907	SSJA LLC	6166 HIGHWAY 6 N UNIT 22	HOUSTON	TX	77084	101	1	AGUIRRES TEX MEX	6166 HIGHWAY 6 N UNIT 22	HOUSTON	TX	77084	101	Y	MB910198	6/8/2015	7/11/2023	3/31/2019	1123	155	371	0	1649
32059688088	RICHMOND MIA BELLA, LLC	19 MAYMONT WAY	SPRING	TX	77382	170	1	MIA BELLA TRATTORIA	3773 RICHMOND AVE STE 1A	HOUSTON	TX	77046	101	Y	MB981463	5/9/2017	6/13/2019	3/31/2019	12895	23463	2319	0	38677
32042544414	TINY BOXWOOD'S NO.1, LLC	1400 ANDERSON ST	BELLAIRE	TX	77401	101	1	TINY BOXWOOD'S	3614 W ALABAMA ST	HOUSTON	TX	77027	101	Y	MB933855	2/3/2016		6/30/2019	23708	42655	1269	0	67632
32059418841	INTERNATIONAL MEXICAN CUISINE, INC.	12822 WILLOW CENTRE DR STE A	HOUSTON	TX	77066	101	1	OSTIONERIA LAS ROCAS	7220 AIRLINE DR STE 3A	HOUSTON	TX	77076	101	Y	MB480201	8/19/2016		8/31/2019	7768	0	33086	0	40854
17601930666	PAPPAS RESTAURANTS, INC.	13939 NORTHWEST FWY	HOUSTON	TX	77040	101	135	PAPPASITOS CANTINA	1600 LAMAR ST	HOUSTON	TX	77010	101	Y	MB871051	5/2/2014		8/31/2019	101678	4738	27328	0	133744
32054228120	S & KW CORPORATION	6617 CHIMNEY ROCK RD	HOUSTON	TX	77081	101	1	NAZARETH CAFE	6617 CHIMNEY ROCK RD	HOUSTON	TX	77081	101	Y	MB501287	8/1/2014		10/31/2019	1744	0	985	0	2729
32041077622	APLIN NEW HORIZON, INC.	9603 STONECROSS BEND DR	HOUSTON	TX	77070	101	1	BLUEWATER SEAFOOD	12914 FM 1960 RD W STE I	HOUSTON	TX	77065	101	Y	MB744251	3/17/2010		10/31/2019	15118	1430	7653	0	24201
17602437257	VOSS, INC.	3131 ARGONNE ST	HOUSTON	TX	77098	101	1	CARRABBA'S RESTAURANT	1399 S VOSS	HOUSTON	TX	77057	101	Y	MB202066	12/1/1993		6/30/2019	33243	85360	2922	0	121525
32043993156	RISHI CONSULTANTS, L.L.C.	1134 E 7TH 1/2 ST	HOUSTON	TX	77009	101	1	OPORTO MIDTOWN	125 W GRAY ST # 500	HOUSTON	TX	77019	101	Y	MB868508	4/3/2014		8/31/2019	33550	60364	5226	0	99140
32057317813	HOST H8 IAH FB I, LLC	6905 ROCKLEDGE DR	BETHESDA	MD	20817	0	24	HUGO'S COCINA	3701 N TERMINAL RD	HOUSTON	TX	77032	101	Y	MB912934	5/1/2016		4/30/2019	21554	14432	38470	0	74456
17606595761	MHI HOUSTON BEVERAGES, L.L.C.	6404 IVY LN STE 800	GREENBELT	MD	20770	0	1	PART & PARCEL/EDGAR'S HERMANO	1700 SMITH ST	HOUSTON	TX	77002	101	Y	MB489873	3/28/2001	3/26/2020	12/31/2019	41913	14082	16134	0	72129
32063397452	TEJAS HOSPITALITY, LLC	610 ARLINGTON ST	HOUSTON	TX	77007	101	1	LOW BROW BAR AND GRILL	1601 W MAIN ST	HOUSTON	TX	77006	101	Y	MB991186	8/11/2017	1/22/2021	4/30/2019	25731	9021	2929	0	37681
17601946035	ORIGINAL, INC.	3131 ARGONNE ST	HOUSTON	TX	77098	101	1	CARRABBA'S	3115 KIRBY DR	HOUSTON	TX	77098	101	Y	MB187663	12/1/1993		8/31/2019	80419	155667	7928	0	244014
17605812878	HOUSTON CHINA GARDEN II, INC.	1602 LEELAND ST	HOUSTON	TX	77003	101	1	CHINA GARDEN	1602 LEELAND ST	HOUSTON	TX	77003	101	Y	MB113378	9/1/1998	10/8/2020	2/28/2019	5523	2793	2368	0	10684
32056935284	NORBERTO GARZA	6648 AVENUE O	HOUSTON	TX	77011	101	1	THE KICKBACK SPORTS BAR	4401 HARRISBURG BLVD # B	HOUSTON	TX	77011	101	Y	MB911039	6/12/2015		6/30/2019	0	0	0	0	0
32064970695	NEPTUNE CONTRACTORS, LLC	9211 HOUSE LAKE DR	MISSOURI CITY	TX	77459	79	1	SWAGGER 2	9880 BUFFALO SPEEDWAY	HOUSTON	TX	77025	101	Y	MB105704524	4/9/2019		9/30/2019	73912	2419	14449	0	90780
17601960713	FINDAL, INC.	15945 KUYKENDAHL RD	HOUSTON	TX	77068	101	1	MOLLY MAGUIRE'S	15945 KUYKENDAHL RD	HOUSTON	TX	77068	101	N	MB186261	11/30/1993		4/30/2019	14998	102	12515	0	27615
17529677076	CY HOUSTON MANAGEMENT COMPANY, L.L.C.	15275 QUORUM DR	ADDISON	TX	75001	57	11	HOUSTON MARRIOTT ENERGY CORRIDOR	16011 KATY FWY	HOUSTON	TX	77094	101	Y	MB739126	12/21/2009		10/31/2019	5683	3662	15912	0	25257
32067495682	BISHOP WILLOWBROOK PARK LESSEE LLC	9 W 57TH ST FL 43	NEW YORK	NY	10019	0	1	EMBARK AT WILLOWBROOK PARK	7575 WILLOW CHASE BLVD	HOUSTON	TX	77070	101	Y	MB105966035	12/14/2018	12/14/2022	8/31/2019	0	0	0	0	0
32042544414	TINY BOXWOOD'S NO.1, LLC	1400 ANDERSON ST	BELLAIRE	TX	77401	101	1	TINY BOXWOOD'S	3614 W ALABAMA ST	HOUSTON	TX	77027	101	Y	MB933855	2/3/2016		2/28/2019	15633	37564	1047	0	54244
32061510809	2900 SET CITY HOUSTON, L.L.C.	1225 NORTH LOOP W STE 640	HOUSTON	TX	77008	101	1	SET	2900 TRAVIS ST STE A	HOUSTON	TX	77006	101	Y	MB970041	1/24/2017	12/27/2021	7/31/2019	24196	1052	6072	0	31320
32066723704	MYSTIC SPORTS LOUNGE BAR & GRILL, LLC	2424 CAPITOL ST APT 1520	HOUSTON	TX	77003	101	1	MYSTIC SPORTS LOUNGE BAR & GRILL	12510 NORTH FWY	HOUSTON	TX	77060	101	Y	MB1019304	6/18/2018	2/19/2019	1/31/2019	10198	72	2839	0	13109
32055101391	BUFFALO BAYOU DISTILLERIES, LLC	5610 CLINTON DR	HOUSTON	TX	77020	101	1	GULF COAST DISTILLERS	5610 CLINTON DR	HOUSTON	TX	77020	101	Y	D 901283	3/17/2015		6/30/2019	0	0	0	0	0
32056504809	JENJAM, LLC	14114 HEMPSTEAD RD	HOUSTON	TX	77040	101	1	THE MAD BULL CLUB	14114 HEMPSTEAD RD	HOUSTON	TX	77040	101	Y	MB785293	7/1/2015		8/31/2019	9554	75	10863	0	20492
32066322630	LIN & CHEN 138 LLC	17278 STATE HIGHWAY 249	HOUSTON	TX	77064	101	1	JUICY CRAB	17278 STATE HIGHWAY 249	HOUSTON	TX	77064	101	Y	MB1045481	2/20/2019		2/28/2019	0	0	0	0	0
12737642533	CAROLINE VENTURES LLC	1209 CAROLINE ST	HOUSTON	TX	77002	101	1	THE DIRT	1209 CAROLINE ST	HOUSTON	TX	77002	101	Y	MB763931	12/20/2010		8/31/2019	27821	2345	19312	0	49478
17602231858	15135, INC.	5913 WESTHEIMER RD	HOUSTON	TX	77057	101	2	SLICK WILLIES FAMILY POOL HALL	15135 NORTH FWY STE 900	HOUSTON	TX	77090	101	Y	MB535176	5/21/2003		6/30/2019	29685	221	16338	0	46244
32008089545	ELIAS Y DEEK	6448 FM 1960 RD W	HOUSTON	TX	77069	101	1	CLEMENTINE'S EATING PARLOR	6448 FM 1960 WEST	HOUSTON	TX	77069	101	N	MB238795	12/1/1993		2/28/2019	6339	5415	1995	0	13749
32061188622	FASTRAK EXPRESS 3, LLC.	403 GREENS RD	HOUSTON	TX	77060	101	4	FASTRAK MICHELADAS BOTANAS Y PISTO	403 GREENS RD	HOUSTON	TX	77060	101	Y	MB1051630	4/22/2019	6/30/2021	12/31/2019	2707	0	6731	0	9438
32010676099	MARTIN FLORES	7430 GUINEVERE DR	SUGAR LAND	TX	77479	79	5	LA CASA BLANCA PARTY HALL	1517 GEARS RD	HOUSTON	TX	77067	101	Y	MB956261	8/31/2016	4/30/2024	11/30/2019	4137	0	3917	0	8054
17417066358	HRC-RC, INC.	10709 MEMORIAL DR	HOUSTON	TX	77024	101	1	HOUSTON RACQUET CLUB	10709 MEMORIAL DR	HOUSTON	TX	77024	101	Y	MB066254	9/1/2011		4/30/2019	44097	91361	8296	0	143754
32061188622	FASTRAK EXPRESS 3, LLC.	403 GREENS RD	HOUSTON	TX	77060	101	4	FASTRAK MICHELADAS BOTANAS Y PISTO	403 GREENS RD	HOUSTON	TX	77060	101	Y	MB1051630	4/22/2019	6/30/2021	9/30/2019	15202	0	21201	0	36403
32068959777	RBHJ ENTERTAINMENT LLC	9930 NORTH FWY STE B	HOUSTON	TX	77037	101	1	HOUSTON DOLLS CABARET	313 RANKIN RD STE H	HOUSTON	TX	77073	101	N	MB106132838	4/4/2019		12/31/2019	12400	380	3600	0	16380
32060089888	KIRBY'S TAVERN, INC.	5004 KIRBY DR	HOUSTON	TX	77098	101	1	ON THE KIRB	5004 KIRBY DR	HOUSTON	TX	77098	101	Y	MB953611	8/5/2016		8/31/2019	28562	3884	5884	0	38330
30117413697	LOS CUCOS MEXICAN CAFE, INC.	876 LOOP 337 STE 501	NEW BRAUNFELS	TX	78130	46	2	LOS CUCOS MEXICAN CAFE	16216 CLAY RD	HOUSTON	TX	77084	101	Y	MB545061	10/2/2003		8/31/2019	53072	1287	14870	0	69229
17601144730	PEPPE MAURO, INC.	2120 ELLA BLVD	HOUSTON	TX	77008	101	1	CAVATORE ITALIAN RESTAURANT	2120 ELLA BLVD	HOUSTON	TX	77008	101	Y	MB166783	12/1/1993		2/28/2019	6490	26266	1758	0	34514
32044165978	MOLINA'S CANTINA TRES, INC.	1225 NORTH LOOP W STE 640	HOUSTON	TX	77008	101	1	MOLINA'S CANTINA	3801 BELLAIRE BLVD UNIT 140301	HOUSTON	TX	77025	101	Y	MB785688	9/23/2011		6/30/2019	72195	6330	8319	0	86844
17606284846	MANDOLA BROS. L.L.C.	4302 RICHMOND AVE	HOUSTON	TX	77027	101	1	RAGIN CAJUN	80 WOODLAKE SQ	HOUSTON	TX	77063	101	Y	MB472201	5/23/2000	2/1/2022	9/30/2019	6685	1937	5754	0	14376
32063823390	CVM LEGACY, INC	1001 STUDEWOOD ST UNIT A	HOUSTON	TX	77008	101	1	MAISON PUCHA BISTRO	1001 STUDEWOOD ST UNIT A	HOUSTON	TX	77008	101	Y	MB997200	10/13/2017		6/30/2019	12424	39391	1114	0	52929
32068959777	RBHJ ENTERTAINMENT LLC	9930 NORTH FWY STE B	HOUSTON	TX	77037	101	1	HOUSTON DOLLS CABARET	313 RANKIN RD STE H	HOUSTON	TX	77073	101	N	MB106132838	4/4/2019		11/30/2019	4685	320	1100	0	6105
17600409290	TUREK ENTERPRISES, INC.	14933 BELLAIRE BLVD	HOUSTON	TX	77083	101	2	DOUBLE T'S BAR & GRILL	14933 BELLAIRE BLVD	HOUSTON	TX	77083	101	Y	MB154030	8/8/1994		8/31/2019	12315	575	7337	0	20227
17522637846	BELLA BEVERAGE CORPORATION	5851 LEGACY CIR STE 400	PLANO	TX	75024	43	1	HILTON HOUSTON PLAZA MEDICAL CENTER GRAB AND GO	6633 TRAVIS ST	HOUSTON	TX	77030	101	Y	MB204978	12/1/1993		1/31/2019	7181	7830	5256	0	20267
17522637846	BELLA BEVERAGE CORPORATION	5851 LEGACY CIR STE 400	PLANO	TX	75024	43	1	HILTON HOUSTON PLAZA MEDICAL CENTER GRAB AND GO	6633 TRAVIS ST	HOUSTON	TX	77030	101	Y	MB204978	12/1/1993		4/30/2019	9336	9347	9260	0	27943
12713378326	M & JW, LLC	6007 WARM SPRINGS RD	HOUSTON	TX	77035	101	1	STATS SPORTS BAR & GRILL	10850 LOUETTA RD STE 1700	HOUSTON	TX	77070	101	Y	MB742667	2/24/2010		10/31/2019	55429	1200	60026	0	116655
32059760796	THE FINAL SCORE, INC.	8422 KIRKBROOK DR	HOUSTON	TX	77089	101	1	THE FINAL SCORE, INC.	12880 BEAMER RD	HOUSTON	TX	77089	101	Y	MB956977	9/7/2016	3/1/2021	7/31/2019	11600	0	10900	0	22500
32070563070	KAPRI ULTRA LOUNGE LLC	6239 WARWICK GARDEN LN	SPRING	TX	77379	101	1	KAPRI ULTRA LOUNGE	5718 FAIRDALE LN	HOUSTON	TX	77057	101	Y	MB1064537	8/21/2019		10/31/2019	27836	0	872	0	28708
32048263720	DIHO ENTERTAINMENT LLC	6100 CORPORATE DR STE 588	HOUSTON	TX	77036	101	1	ROOM 28 KARAOKE LOUNGE	3002 FONDREN RD	HOUSTON	TX	77063	101	Y	MB845290	7/3/2013		4/30/2019	2880	0	3175	0	6055
32055658705	WE RUN HOU, LLC	1703 SILVER ST	HOUSTON	TX	77007	101	1	ENGINE ROOM	1515 PEASE ST STE 101	HOUSTON	TX	77002	101	Y	MB901299	3/17/2015	3/16/2021	4/30/2019	62493	125	948	0	63566
32058533301	HOUSTON 506 MAIN CONCEPT, L.L.C.	2450 LOUISIANA ST STE 400-935	HOUSTON	TX	77006	101	1	BOOTS 'N SHOOTS	506 MAIN ST	HOUSTON	TX	77002	101	Y	MB927594	11/20/2015	1/5/2023	9/30/2019	105603	938	25017	0	131558
32052171488	B & R BUTCHERS, LTD.	1244 N POST OAK RD STE 100	HOUSTON	TX	77055	101	1	B & B BUTCHERS	1814 WASHINGTON AVE	HOUSTON	TX	77007	101	Y	MB904357	4/9/2015		11/30/2019	124238	196498	10392	0	331128
32049431060	AXELRAD BEER GARDEN, LTD.	1517 ALABAMA ST	HOUSTON	TX	77004	101	1	AXELRAD BEER GARDEN	3700 ALMEDA RD	HOUSTON	TX	77004	101	Y	MB935069	2/12/2016		10/31/2019	144175	15696	149376	0	309247
32067865900	DANNY-LEE ENTERTAINMENT, LLC	1011 CORINTH ST	DALLAS	TX	75215	57	1	BAR 9940	9940 FONDREN RD	HOUSTON	TX	77096	101	Y	MB1036470	11/6/2018	1/14/2020	6/30/2019	0	0	0	0	0
32058505416	S KARAOKE, INC.	9504 LONG POINT RD STE J	HOUSTON	TX	77055	101	1	S KARAOKE	9504 LONG POINT RD STE J	HOUSTON	TX	77055	101	Y	MB945400	5/26/2016	11/30/2022	4/30/2019	1115	98	375	0	1588
32014760808	THE ORIGINAL PYRAMID, INC.	16714 ALIANA LAKES CT	RICHMOND	TX	77407	79	2	THE ORIGINAL RED ROOSTER	13334 ALMEDA RD	HOUSTON	TX	77045	101	Y	MB528117	5/10/2016	6/1/2022	2/28/2019	56131	1508	11129	0	68768
17604463657	GIANCARLO INTERNATIONAL INCORPORATED	440 LOUISIANA ST STE 1125 ATTN: ANTHONY	HOUSTON	TX	77002	101	1	NIKKIS IRISH PUB	10885 KATY FWY	HOUSTON	TX	77079	101	Y	MB250960	12/8/1994		10/31/2019	33745	400	22289	0	56434
32051021346	BREWSKIS NO. 5, LLC	17938 BANDERA RIDGE LN	CYPRESS	TX	77433	101	1	BREWSKIS PUB & PATIO SPORTS BAR & GRILL-BELTWAY	8050 N SAM HOUSTON PKWY W # 500	HOUSTON	TX	77064	101	N	MB857273	11/15/2013	5/30/2024	5/31/2019	22105	386	21140	0	43631
32057976808	FINE FOODS WESTHEIMER, LLC	3311 MERCER ST	HOUSTON	TX	77027	101	1	RELISH RESTAURANT & BAR	2810 WESTHEIMER RD	HOUSTON	TX	77098	101	Y	MB933991	2/4/2016		2/28/2019	14880	34232	1519	0	50631
32068274490	SANMIGUELBEVERAGES, LLC	17030 GLENEVISS DR	HOUSTON	TX	77084	101	1	DAHLIA	2901 FANNIN ST	HOUSTON	TX	77002	101	Y	MB1056866	6/11/2019	11/24/2020	11/30/2019	0	0	0	0	0
10303980147	TAQUERIA ARANDAS NO. 23, INC.	231 CYPRESS CREEK PKWY	HOUSTON	TX	77090	101	2	TAQUERIA ARANDAS #23	231 FM 1960 RD W	HOUSTON	TX	77090	101	Y	MB645499	11/21/2006		8/31/2019	41232	85	39554	0	80871
17522637846	BELLA BEVERAGE CORPORATION	5851 LEGACY CIR STE 400	PLANO	TX	75024	43	1	HILTON HOUSTON PLAZA MEDICAL CENTER GRAB AND GO	6633 TRAVIS ST	HOUSTON	TX	77030	101	Y	MB204978	12/1/1993		9/30/2019	14676	8087	10180	0	32943
17527408888	ROADHOUSE ENTERPRISES, INC.	6040 DUTCHMANS LN ATTN: TAX DEPT	LOUISVILLE	KY	40205	0	37	TEXAS ROADHOUSE	124 FM 1960 RD E	HOUSTON	TX	77073	101	Y	MB649314	1/22/2007		4/30/2019	29671	2261	18975	0	50907
32057317813	HOST H8 IAH FB I, LLC	6905 ROCKLEDGE DR	BETHESDA	MD	20817	0	7	LANDRY'S SEAFOOD	3500 N TERMINAL RD	HOUSTON	TX	77032	101	Y	MB912932	7/1/2015		4/30/2019	53286	31048	38263	0	122597
32018393465	MARIA SANTOS CHAVEZ	3240 FONDREN RD	HOUSTON	TX	77063	101	1	MILA'S TAQUERIA MEXICO	3240 FONDREN RD	HOUSTON	TX	77063	101	Y	MB620023	2/14/2006		7/31/2019	689	0	748	0	1437
32058505416	S KARAOKE, INC.	9504 LONG POINT RD STE J	HOUSTON	TX	77055	101	1	S KARAOKE	9504 LONG POINT RD STE J	HOUSTON	TX	77055	101	Y	MB945400	5/26/2016	11/30/2022	7/31/2019	1275	0	565	0	1840
32048119526	ADAIR KITCHEN, LLC	PO BOX 22225	HOUSTON	TX	77227	101	3	ADAIR DOWNTOWN	1000 LOUISIANA ST	HOUSTON	TX	77002	101	Y	MB1064702	8/22/2019		10/31/2019	0	0	0	0	0
17604846489	FIRST CLASS EVENTS, INCORPORATED	3408 DELANO ST	HOUSTON	TX	77004	101	2	THE WUNDERBAR	2305 ALABAMA ST	HOUSTON	TX	77004	101	Y	MB750740	6/21/2010	5/1/2022	4/30/2019	0	0	0	0	0
32059274046	IRISH CBMT, LP	2450 LOUISIANA ST STE 400-262	HOUSTON	TX	77006	101	1	IRISH COWBOY	2300 LOUISIANA ST	HOUSTON	TX	77006	101	Y	MB939042	3/28/2016	1/13/2020	8/31/2019	0	0	0	0	0
32059009046	EL CABALLO BLANCO RESTAURANT, LLC	6028 S GESSNER RD	HOUSTON	TX	77036	101	1	EL CABALLO BLANCO RESTAURANT	6028 S GESSNER RD	HOUSTON	TX	77036	101	Y	MB990322	8/4/2017		8/31/2019	4235	375	19464	0	24074
32065565031	SOUTH SIDE WESTHEIMER RESTAURANT GROUP, L.L.C.	715 E 13TH ST	HOUSTON	TX	77008	101	1	UB PRESERV	1609 WESTHEIMER RD	HOUSTON	TX	77006	101	Y	MB1009255	3/8/2018	6/30/2022	6/30/2019	27734	26336	2906	0	56976
32041065668	WILLOWBROOK LODGING GROUP LLC	22790 HIGHWAY 59 N	KINGWOOD	TX	77339	170	1	LAQUINTA INN & SUITES	8383 CYPRESS CREEK PKWY	HOUSTON	TX	77070	101	Y	MB826490	12/10/2012		5/31/2019	1155	144	822	0	2121
17602729208	LANDRY'S SEAFOOD INN & OYSTER BAR - SUGAR CREEK, L	1510 WEST LOOP S	HOUSTON	TX	77027	101	3	CADILLAC BAR	1802 SHEPHERD DR	HOUSTON	TX	77007	101	Y	MB426942	2/20/1998		1/31/2019	57594	8044	18074	0	83712
32059760796	THE FINAL SCORE, INC.	8422 KIRKBROOK DR	HOUSTON	TX	77089	101	1	THE FINAL SCORE, INC.	12880 BEAMER RD	HOUSTON	TX	77089	101	Y	MB956977	9/7/2016	3/1/2021	3/31/2019	6150	0	7451	0	13601
32058996052	ELOISE NICHOLS MANAGEMENT, LLC	3637 W ALABAMA ST STE 200	HOUSTON	TX	77027	101	1	ELOISE NICHOLS	2400 MID LN STE 100	HOUSTON	TX	77027	101	Y	MB936574	3/2/2016		10/31/2019	22082	23758	2184	0	48024
32009855514	SCHELENDA GAIL MICKEY	6714 STEARNS ST	HOUSTON	TX	77021	101	1	CLUB REMY	6556 PEERLESS ST	HOUSTON	TX	77021	101	Y	MB728927	8/12/2009		10/31/2019	9010	301	418	0	9729
17601930666	PAPPAS RESTAURANTS, INC.	13939 NORTHWEST FWY	HOUSTON	TX	77040	101	4	PAPPADEAUX SEAFOOD KITCHEN	6015 WESTHEIMER RD	HOUSTON	TX	77057	101	Y	MB153113	12/1/1993		8/31/2019	66580	15784	10124	0	92488
17427823848	SALC, INC.	755 CROSSOVER LN	MEMPHIS	TN	38117	0	4	SALC, INC.	2001 POST OAK BLVD	HOUSTON	TX	77056	101	Y	MB424612	1/22/1998		4/30/2019	30169	23164	16593	6486	76412
32050502288	MORISA GROUP, L.L.C.	14814 SANTA LUCIA DR	HOUSTON	TX	77083	101	1	CHEZ MICHELLE RESTAURANT	6991 HIGHWAY 6 S	HOUSTON	TX	77083	101	Y	MB926819	5/4/2017	7/8/2019	6/30/2019	775	196	4406	0	5377
17606210817	I.C.I.T., INC.	15643 SCOLTY REACH LN	HUMBLE	TX	77346	101	1	I.C.I.T., INC.	9115 BLUEBERRY ST	HOUSTON	TX	77049	101	N	MB465452	1/21/2000		2/28/2019	3625	3625	3625	0	10875
19001015791	RED FISH SEAFOOD GRILL INC.	19550 STATE HIGHWAY 249	HOUSTON	TX	77070	101	1	RED FISH GRILL	19550 TOMBALL PKWY	HOUSTON	TX	77070	101	Y	MB547851	11/18/2003		8/31/2019	7492	10533	4017	0	22042
32054441475	CARMIKE CONCESSIONS II, LLC	11500 ASH ST	LEAWOOD	KS	66211	0	2	AMC YORKTOWN 15	15900 YORKTOWN CROSSING PKWY	HOUSTON	TX	77084	101	Y	MB1000558	11/21/2017	1/21/2020	2/28/2019	2023	29	781	0	2833
17604378319	MCELROY'S PUB INCORPORATED	3607 S SANDMAN ST	HOUSTON	TX	77098	101	1	MCELROY'S PUB INCORPORATED	3607 S SANDMAN ST	HOUSTON	TX	77098	101	Y	MB248117	8/5/1994		8/31/2019	20362	942	15205	0	36509
32043833493	CORNER WEST 2, LLC	2403 BAGBY ST	HOUSTON	TX	77006	101	1	THE DOGWOOD MIDTOWN	2403 BAGBY ST	HOUSTON	TX	77006	101	Y	MB815689	8/2/2012		8/31/2019	129245	3100	50409	0	182754
17603305800	PARADOX INTERNATIONAL, INC.	1010 BANKS ST	HOUSTON	TX	77006	101	1	GRAND PRIZE	1010 BANKS ST	HOUSTON	TX	77006	101	Y	MB221474	12/1/1993		6/30/2019	59838	729	24049	0	84616
17422369235	I-37, INC.	12735 MORRIS ROAD EXT STE 400	ALPHARETTA	GA	30004	0	2	I-37 INC	9100 GULF FWY	HOUSTON	TX	77017	101	Y	MB178154	12/1/1993		8/31/2019	17746	10214	12249	0	40209
32030945532	HSIANG E ENTERPRISE, LLC	6315 HIGHWAY 36 S	ROSENBERG	TX	77471	79	1	SASAKI JAPANESE RESTAURANT	8979 WESTHEIMER RD	HOUSTON	TX	77063	101	Y	MB687159	3/18/2008	7/20/2022	6/30/2019	950	898	578	0	2426
32055622909	HG HOTEL BEVERAGE LLC	10306 EATON PL STE 430	FAIRFAX	VA	22030	0	1	HG HOTEL BEVERAGE LLC	5353 WESTHEIMER RD	HOUSTON	TX	77056	101	Y	MB902110	3/23/2015		11/30/2019	11018	5234	6486	0	22738
32057683230	SPRING BRANCH PUB & GRILL, LLC	PO BOX 430030	HOUSTON	TX	77243	101	1	SPRING BRANCH PUB & GRILL	8510 HAMMERLY BLVD	HOUSTON	TX	77055	101	Y	MB926712	11/12/2015	10/28/2019	9/30/2019	6076	32	5674	0	11782
32058505416	S KARAOKE, INC.	9504 LONG POINT RD STE J	HOUSTON	TX	77055	101	1	S KARAOKE	9504 LONG POINT RD STE J	HOUSTON	TX	77055	101	Y	MB945400	5/26/2016	11/30/2022	10/31/2019	0	0	0	0	0
32061321355	VOODOO QUEEN, LLC	322 MILBY ST	HOUSTON	TX	77003	101	1	VOODOO QUEEN	322 MILBY ST	HOUSTON	TX	77003	101	Y	MB995514	9/27/2017		10/31/2019	53670	170	24743	0	78583
32065175807	NIYAH JC MANAGEMENT, LLC	4935 GAMMAGE ST	HOUSTON	TX	77021	101	2	THE RETREAT	6556 PEERLESS ST STE A	HOUSTON	TX	77021	101	Y	MB1050304	4/9/2019		6/30/2019	0	0	0	0	0
32058470025	NOSHERYE INC.	2424 DUNSTAN RD STE 125	HOUSTON	TX	77005	101	1	LOCAL FOODS	420 MAIN ST	HOUSTON	TX	77002	101	Y	MB951019	7/14/2016	8/7/2019	8/31/2019	598	1568	749	0	2915
17526981786	LONE STAR FONDUE CONCEPTS, INC.	1404 WOODMONT BLVD	NASHVILLE	TN	37215	0	1	THE MELTING POT RESTAURANT	6100 WESTHEIMER RD STE 146	HOUSTON	TX	77057	101	Y	MB417651	9/26/1997		11/30/2019	15806	12234	1704	0	29744
32050943490	PLUCKERS-SHEPHERD, LP	811 BARTON SPRINGS RD STE 600	AUSTIN	TX	78704	227	1	PLUCKERS WING BAR	1400 SHEPHERD DR	HOUSTON	TX	77007	101	Y	MB854463	10/15/2013		6/30/2019	48798	451	71997	0	121246
17521332019	OLIVE GARDEN OF TEXAS, LLC	PO BOX 695011	ORLANDO	FL	32869	0	40	OLIVE GARDEN OF TEXAS #1441	2750 HIGHWAY 6 S	HOUSTON	TX	77082	101	Y	MB244649	3/28/1994		8/31/2019	7766	5306	1722	0	14794
32059760796	THE FINAL SCORE, INC.	8422 KIRKBROOK DR	HOUSTON	TX	77089	101	1	THE FINAL SCORE, INC.	12880 BEAMER RD	HOUSTON	TX	77089	101	Y	MB956977	9/7/2016	3/1/2021	8/31/2019	9760	0	11340	0	21100
32051021346	BREWSKIS NO. 5, LLC	17938 BANDERA RIDGE LN	CYPRESS	TX	77433	101	1	BREWSKIS PUB & PATIO SPORTS BAR & GRILL-BELTWAY	8050 N SAM HOUSTON PKWY W # 500	HOUSTON	TX	77064	101	N	MB857273	11/15/2013	5/30/2024	11/30/2019	25776	516	16157	0	42449
32057435839	TACOS TC JESTER LLC	2441 BARTLETT ST	HOUSTON	TX	77098	101	1	TACOS A GO GO OAK FOREST	3401 W T C JESTER BLVD	HOUSTON	TX	77018	101	Y	MB938545	3/21/2016		4/30/2019	6132	186	2794	0	9112
32061597749	TIMES INFINITY, LLC	37 SCOTSMOOR CT	SUGAR LAND	TX	77479	79	1	STRAYLIGHT	3229 NAVIGATION BLVD STE A	HOUSTON	TX	77003	101	Y	MB989040	7/21/2017	7/20/2021	12/31/2019	0	0	0	0	0
32051543133	ROCKET FARM RESTAURANTS, LLC	1175 CHATTAHOOCHEE AVE NW	ATLANTA	GA	30318	0	2	STATE OF GRACE	3256 WESTHEIMER RD	HOUSTON	TX	77098	101	Y	MB877330	8/1/2015		5/31/2019	65539	114491	6134	0	186164
17602156279	EL PALENQUE MEXICAN RESTAURANT AND CANTINA, INC.	1485 SPRING CYPRESS RD	SPRING	TX	77373	101	5	EL PALENQUE MEXICAN RESTAURANT AND CANTINA	10803 WESTHEIMER RD	HOUSTON	TX	77042	101	Y	MB545132	10/9/2003		8/31/2019	0	0	0	0	0
32067865900	DANNY-LEE ENTERTAINMENT, LLC	1011 CORINTH ST	DALLAS	TX	75215	57	1	BAR 9940	9940 FONDREN RD	HOUSTON	TX	77096	101	Y	MB1036470	11/6/2018	1/14/2020	3/31/2019	0	0	0	0	0
32065327820	TEX MEX GRILL & BAR LLC	12620 FM 1960 RD W STE A1	HOUSTON	TX	77065	101	1	TEX MEX GRILL & BAR	17117 FM 529 RD	HOUSTON	TX	77095	101	Y	MB1023749	7/21/2020	7/31/2020	8/31/2019	2928	0	2928	0	5856
17425949496	SC BEVERAGE COMPANY	4001 MAPLE AVE STE 500 ATTN: W YEUNG	DALLAS	TX	75219	57	8	SC BEVERAGE COMPANY	4 RIVERWAY	HOUSTON	TX	77056	101	Y	MB267881	8/8/1996		8/31/2019	90228	16800	13113	0	120141
17606099509	FERBANE, INC.	16504 SEA LARK RD	HOUSTON	TX	77062	101	1	THIRD BASE	16504 SEA LARK RD	HOUSTON	TX	77062	101	Y	MB455664	8/4/1999		2/28/2019	15332	47	8127	0	23506
17604496376	TOMMY'S PATIO CAFE, INC.	2555 BAY AREA BLVD	HOUSTON	TX	77058	101	1	TOMMY'S PATIO CAFE	2555 BAY AREA BLVD	HOUSTON	TX	77058	101	Y	MB250676	11/23/1994		10/31/2019	31556	32351	4515	0	68422
32058533301	HOUSTON 506 MAIN CONCEPT, L.L.C.	2450 LOUISIANA ST STE 400-935	HOUSTON	TX	77006	101	1	BOOTS 'N SHOOTS	506 MAIN ST	HOUSTON	TX	77002	101	Y	MB927594	11/20/2015	1/5/2023	1/31/2019	116224	698	24251	0	141173
32061320332	1027 HOSPITALITY, LTD.	1027 W 19TH ST	HOUSTON	TX	77008	101	1	WICKLOW HEIGHTS	1027 W 19TH ST	HOUSTON	TX	77008	101	Y	MB970471	1/27/2017		2/28/2019	50642	8613	17448	0	76703
12000615851	TIO CHUCHO RESTAURANT #2, INC.	12822 WILLOW CENTRE DR STE A	HOUSTON	TX	77066	101	1	TIO CHUCHO DOS	11425 WEST RD	HOUSTON	TX	77065	101	Y	MB612181	10/21/2005		8/31/2019	10880	162	2102	0	13144
32058643167	TAQUERIA ARANDAS NO. 88, LLC	2525 NORTH LOOP W STE 610	HOUSTON	TX	77008	101	1	TAQUERIA ARANDAS NO. 88, L.L.C.	8111 S GESSNER RD	HOUSTON	TX	77036	101	Y	MB999656	11/7/2017		10/31/2019	2273	0	12166	0	14439
32058306450	THE NEW POTATO LLC	3219 CLINE ST	HOUSTON	TX	77020	101	1	THE NEW POTATO	3519 CLINTON DR	HOUSTON	TX	77020	101	Y	MB938049	3/16/2016		6/30/2019	18590	433	15065	0	34088
17519330587	CHILI'S BEVERAGE COMPANY, INC.	3000 OLYMPUS BLVD C/O TAX DEPARTMENT	COPPELL	TX	75019	57	165	CHILLI'S HAMBURGER GRILL & BAR	10001 WESTHEIMER RD STE 127	HOUSTON	TX	77042	101	Y	MB531586	3/10/2003		4/30/2019	29756	993	10954	0	41703
32018393465	MARIA SANTOS CHAVEZ	3240 FONDREN RD	HOUSTON	TX	77063	101	1	MILA'S TAQUERIA MEXICO	3240 FONDREN RD	HOUSTON	TX	77063	101	Y	MB620023	2/14/2006		10/31/2019	487	0	690	0	1177
32059765654	LETS EADO IT, LLC	5601 SEARS ST STE B	DALLAS	TX	75206	57	1	TRUCK YARD	2118 LAMAR ST STE 150	HOUSTON	TX	77003	101	Y	MB967071	12/19/2016		8/31/2019	233574	14915	188007	0	436496
32067865900	DANNY-LEE ENTERTAINMENT, LLC	1011 CORINTH ST	DALLAS	TX	75215	57	1	BAR 9940	9940 FONDREN RD	HOUSTON	TX	77096	101	Y	MB1036470	11/6/2018	1/14/2020	8/31/2019	0	0	0	0	0
32060311027	BBQ GARDEN, LLC	1949 GESSNER RD	HOUSTON	TX	77080	101	1	BBQ GARDEN KOREAN RESTAURANT	1949 GESSNER RD	HOUSTON	TX	77080	101	Y	MB765099	12/1/2016		2/28/2019	3334	0	917	0	4251
32041065668	WILLOWBROOK LODGING GROUP LLC	22790 HIGHWAY 59 N	KINGWOOD	TX	77339	170	1	LAQUINTA INN & SUITES	8383 CYPRESS CREEK PKWY	HOUSTON	TX	77070	101	Y	MB826490	12/10/2012		1/31/2019	1160	434	436	0	2030
32037904862	SWANSON GOLF GROUP, LP	6224 THEALL RD	HOUSTON	TX	77066	101	2	SWANSON GOLF CENTER	6224 THEALL RD	HOUSTON	TX	77066	101	N	MB759312	10/12/2010		10/31/2019	16210	1848	24879	0	42937
32059760796	THE FINAL SCORE, INC.	8422 KIRKBROOK DR	HOUSTON	TX	77089	101	1	THE FINAL SCORE, INC.	12880 BEAMER RD	HOUSTON	TX	77089	101	Y	MB956977	9/7/2016	3/1/2021	1/31/2019	7941	0	8689	0	16630
32043925992	1011 MCGOWEN GROUP, LTD.	1505 ISABELLA ST	HOUSTON	TX	77004	101	1	MVSC-MONGOOSE VERSUS COBRA	1011 MCGOWEN ST	HOUSTON	TX	77002	101	Y	MB788866	10/28/2011	10/9/2020	10/31/2019	18986	1725	8050	0	28761
32050702433	D4 PUB, L.L.C.	810 WAUGH DR STE 100	HOUSTON	TX	77019	101	1	PIMLICO	810 WAUGH DR STE 100	HOUSTON	TX	77019	101	Y	MB858895	12/6/2013		6/30/2019	23348	2375	12189	0	37912
32014263506	HOUSTON EVENT PLANNING, INC.	6968 HOWELL SUGAR LAND RD	HOUSTON	TX	77083	101	2	HOUSTON EVENT PLANNING, INC.	6968 HOWELL SUGAR LAND RD	HOUSTON	TX	77083	101	Y	MB681093	1/16/2008		6/30/2019	387	336	360	0	1083
32059274046	IRISH CBMT, LP	2450 LOUISIANA ST STE 400-262	HOUSTON	TX	77006	101	1	IRISH COWBOY	2300 LOUISIANA ST	HOUSTON	TX	77006	101	Y	MB939042	3/28/2016	1/13/2020	12/31/2019	0	0	0	0	0
32061188622	FASTRAK EXPRESS 3, LLC.	403 GREENS RD	HOUSTON	TX	77060	101	4	FASTRAK MICHELADAS BOTANAS Y PISTO	403 GREENS RD	HOUSTON	TX	77060	101	Y	MB1051630	4/22/2019	6/30/2021	11/30/2019	3434	0	8214	0	11648
32054441475	CARMIKE CONCESSIONS II, LLC	11500 ASH ST	LEAWOOD	KS	66211	0	2	AMC YORKTOWN 15	15900 YORKTOWN CROSSING PKWY	HOUSTON	TX	77084	101	Y	MB1000558	11/21/2017	1/21/2020	12/31/2019	2353	330	1445	0	4128
17606857666	DONERAKI GULFGATE, INC.	300 GULFGATE MALL	HOUSTON	TX	77087	101	1	DONERAKI RESTAURANTE MEXICANO	300 GULFGATE MALL	HOUSTON	TX	77087	101	Y	MB535172	5/14/2003		10/31/2019	48844	421	24575	0	73840
17526981786	LONE STAR FONDUE CONCEPTS, INC.	1404 WOODMONT BLVD	NASHVILLE	TN	37215	0	1	THE MELTING POT RESTAURANT	6100 WESTHEIMER RD STE 146	HOUSTON	TX	77057	101	Y	MB417651	9/26/1997		6/30/2019	17270	12996	2032	0	32298
32058075816	EDDIE V'S HOLDINGS, LLC	PO BOX 695011	ORLANDO	FL	32869	0	7	EDDIE V'S PRIME SEAFOOD	2800 KIRBY DR STE A100	HOUSTON	TX	77098	101	Y	MB796664	2/1/2016		10/31/2019	46738	42974	1672	0	91384
32054228120	S & KW CORPORATION	6617 CHIMNEY ROCK RD	HOUSTON	TX	77081	101	1	NAZARETH CAFE	6617 CHIMNEY ROCK RD	HOUSTON	TX	77081	101	Y	MB501287	8/1/2014		8/31/2019	2540	0	1661	0	4201
12029156614	ASHFORD TRS LESSEE II LLC	14185 DALLAS PKWY STE 1150	DALLAS	TX	75254	57	3	NASSAU BAY HILTON	3000 NASA RD 1	HOUSTON	TX	77058	101	Y	MB751137	6/25/2010		6/30/2019	13092	7276	7932	0	28300
32047070712	THE QUILLE GROUP LLC	3601 HASTINGS ST	HOUSTON	TX	77017	101	1	BASE	801 CONGRESS ST	HOUSTON	TX	77002	101	Y	MB1043008	1/22/2019	1/21/2021	2/28/2019	0	0	0	0	0
32078101253	B & G TREE HOUSE, INC.	901 NASA PKWY	HOUSTON	TX	77058	101	1	TREE HOUSE	901 NASA PKWY	HOUSTON	TX	77058	101	Y	MB227149	12/1/1993		6/30/2019	18487	733	9893	0	29113
17606595761	MHI HOUSTON BEVERAGES, L.L.C.	6404 IVY LN STE 800	GREENBELT	MD	20770	0	1	PART & PARCEL/EDGAR'S HERMANO	1700 SMITH ST	HOUSTON	TX	77002	101	Y	MB489873	3/28/2001	3/26/2020	9/30/2019	33654	15429	19495	0	68578
12601774768	4016 TELEPHONE, LLC	4016 TELEPHONE RD	HOUSTON	TX	77087	101	1	THE HAPPY GO LUCKY CLUB	4016 TELEPHONE RD	HOUSTON	TX	77087	101	Y	MB227481	8/1/2007		3/31/2019	2787	16	1230	0	4033
32043925992	1011 MCGOWEN GROUP, LTD.	1505 ISABELLA ST	HOUSTON	TX	77004	101	1	MVSC-MONGOOSE VERSUS COBRA	1011 MCGOWEN ST	HOUSTON	TX	77002	101	Y	MB788866	10/28/2011	10/9/2020	6/30/2019	28022	1747	11395	0	41164
32065327820	TEX MEX GRILL & BAR LLC	12620 FM 1960 RD W STE A1	HOUSTON	TX	77065	101	1	TEX MEX GRILL & BAR	17117 FM 529 RD	HOUSTON	TX	77095	101	Y	MB1023749	7/21/2020	7/31/2020	9/30/2019	1800	0	2200	0	4000
17600403418	FRIENDS MANAGEMENT COMPANY, INCORPORATED	715 FAIRVIEW AVE	HOUSTON	TX	77006	101	1	RIPCORD	715-17 FAIRVIEW	HOUSTON	TX	77006	101	Y	MB506015	12/10/2001		8/31/2019	116536	1042	32440	0	150018
32041065668	WILLOWBROOK LODGING GROUP LLC	22790 HIGHWAY 59 N	KINGWOOD	TX	77339	170	1	LAQUINTA INN & SUITES	8383 CYPRESS CREEK PKWY	HOUSTON	TX	77070	101	Y	MB826490	12/10/2012		12/31/2019	73	0	65	0	138
17606300576	TROPICANA VENTURE, LLC	6219 BELLAIRE BLVD	HOUSTON	TX	77081	101	1	TROPICANA NITE CLUB	3222 FONDREN RD	HOUSTON	TX	77063	101	Y	MB471188	5/30/2000		10/31/2019	41317	836	14950	0	57103
13522979023	DRINX ENTERTAINMENT, INC.	5222 BARKER CYPRESS RD STE 170	HOUSTON	TX	77084	101	1	SHARKY'S MACHINE	5222 BARKER CYPRESS RD STE 170	HOUSTON	TX	77084	101	Y	MB740080	1/8/2010		8/31/2019	38430	825	23652	0	62907
17522637846	BELLA BEVERAGE CORPORATION	5851 LEGACY CIR STE 400	PLANO	TX	75024	43	1	HILTON HOUSTON PLAZA MEDICAL CENTER GRAB AND GO	6633 TRAVIS ST	HOUSTON	TX	77030	101	Y	MB204978	12/1/1993		5/31/2019	12711	9437	9010	0	31158
32041065668	WILLOWBROOK LODGING GROUP LLC	22790 HIGHWAY 59 N	KINGWOOD	TX	77339	170	1	LAQUINTA INN & SUITES	8383 CYPRESS CREEK PKWY	HOUSTON	TX	77070	101	Y	MB826490	12/10/2012		3/31/2019	1410	224	597	0	2231
17605545718	6400 BEVERAGE, L.L.C.	6400 RICHMOND AVE	HOUSTON	TX	77057	101	1	STEREO LIVE	6400 RICHMOND AVE	HOUSTON	TX	77057	101	Y	MB525365	3/16/1998		8/31/2019	136443	1916	28920	0	167279
17602483475	LANDRY'S SEAFOOD INN & OYSTER BAR - GALVESTON, INC	1510 WEST LOOP S	HOUSTON	TX	77027	101	6	GROTTO RISTORANTE	1001 AVENIDA DE LAS AMERICAS STE A	HOUSTON	TX	77010	101	Y	MB962334	10/26/2016		10/31/2019	65201	89736	25517	0	180454
32064529400	TWO BIRD'S CARWASH DAIQUIRI & GRILL, LLC.	8711 GRASSWREN RD	RICHMOND	TX	77407	79	1	TWO BIRD'S CARWASH DAIQUIRI & GRILL	6613 BOWLING GREEN ST	HOUSTON	TX	77021	101	Y	MB1008720	3/1/2018	9/1/2020	11/30/2019	0	0	0	0	0
32057683230	SPRING BRANCH PUB & GRILL, LLC	PO BOX 430030	HOUSTON	TX	77243	101	1	SPRING BRANCH PUB & GRILL	8510 HAMMERLY BLVD	HOUSTON	TX	77055	101	Y	MB926712	11/12/2015	10/28/2019	6/30/2019	17526	174	13951	0	31651
32051485020	300 MAIN ST, LLC	1533 W ALABAMA ST STE 100	HOUSTON	TX	77006	101	1	BOOMTOWN COFFEE MAIN ST CAFE & BAR	300 MAIN ST	HOUSTON	TX	77002	101	Y	MB853398	10/3/2013	7/24/2020	12/31/2019	4857	1060	728	0	6645
32078101253	B & G TREE HOUSE, INC.	901 NASA PKWY	HOUSTON	TX	77058	101	1	TREE HOUSE	901 NASA PKWY	HOUSTON	TX	77058	101	Y	MB227149	12/1/1993		11/30/2019	21211	1043	11668	0	33922
32078101253	B & G TREE HOUSE, INC.	901 NASA PKWY	HOUSTON	TX	77058	101	1	TREE HOUSE	901 NASA PKWY	HOUSTON	TX	77058	101	Y	MB227149	12/1/1993		10/31/2019	23068	1376	11599	0	36043
14709175971	NEW GOLDEN SEA, INC.	4151 SOUTHWEST FWY STE 620	HOUSTON	TX	77027	101	1	GOLDEN SEAFOOD HOUSE	2407 AIRLINE DR	HOUSTON	TX	77009	101	Y	MB661560	6/1/2007		6/30/2019	0	0	40705	0	40705
32057421763	GIL 150, L.L.C.	5555 MORNINGSIDE DR STE 150	HOUSTON	TX	77005	101	1	GIULIETTA SOCIALE	5555 MORNINGSIDE DR STE 150	HOUSTON	TX	77005	101	Y	MB916693	8/7/2015	1/31/2019	1/31/2019	0	0	0	0	6231
32049431060	AXELRAD BEER GARDEN, LTD.	1517 ALABAMA ST	HOUSTON	TX	77004	101	1	AXELRAD BEER GARDEN	3700 ALMEDA RD	HOUSTON	TX	77004	101	Y	MB935069	2/12/2016		2/28/2019	113472	8752	116837	0	239061
19108474867	RED ROBIN INTERNATIONAL, INC.	10000 E GEDDES AVE STE 500	ENGLEWOOD	CO	80112	0	15	RED ROBIN #510	22455 STATE HIGHWAY 249	HOUSTON	TX	77070	101	Y	MB949443	6/29/2016		9/30/2019	2505	602	3817	0	6924
32062092641	A BOUZY 2300 LP	4013 FEAGAN ST	HOUSTON	TX	77007	101	1	A BOUZY	2300 WESTHEIMER RD	HOUSTON	TX	77098	101	Y	MB979981	4/26/2017		8/31/2019	48158	167556	3042	0	218756
32051088337	RRJJJD, LLC	11410 HEMPSTEAD RD	HOUSTON	TX	77092	101	1	NEON BOOTS	11410 HEMPSTEAD RD	HOUSTON	TX	77092	101	Y	MB848492	8/9/2013		8/31/2019	39645	600	28635	0	68880
32043640120	LUCILLE B. SMITH'S FINE FOODS, LLC	5512 LA BRANCH ST	HOUSTON	TX	77004	101	1	LUCILLE'S	5512 LA BRANCH ST	HOUSTON	TX	77004	101	Y	MB810737	6/15/2012		10/31/2019	12527	6909	2381	0	21817
17602605093	LCW PROPERTIES, INC.	307 TRAVIS ST	HOUSTON	TX	77002	101	1	WARREN'S INN	307 TRAVIS ST	HOUSTON	TX	77002	101	Y	MB204332	12/1/1993		2/28/2019	24785	379	3944	0	29108
32052171488	B & R BUTCHERS, LTD.	1244 N POST OAK RD STE 100	HOUSTON	TX	77055	101	1	B & B BUTCHERS	1814 WASHINGTON AVE	HOUSTON	TX	77007	101	Y	MB904357	4/9/2015		12/31/2019	137486	258610	13592	0	409688
32030945532	HSIANG E ENTERPRISE, LLC	6315 HIGHWAY 36 S	ROSENBERG	TX	77471	79	1	SASAKI JAPANESE RESTAURANT	8979 WESTHEIMER RD	HOUSTON	TX	77063	101	Y	MB687159	3/18/2008	7/20/2022	2/28/2019	1075	1170	1280	0	3525
32030945532	HSIANG E ENTERPRISE, LLC	6315 HIGHWAY 36 S	ROSENBERG	TX	77471	79	1	SASAKI JAPANESE RESTAURANT	8979 WESTHEIMER RD	HOUSTON	TX	77063	101	Y	MB687159	3/18/2008	7/20/2022	7/31/2019	1100	1330	1210	0	3640
17601510229	NIER OF TEXAS, INCORPORATED	810 PACIFIC ST	HOUSTON	TX	77006	101	3	SOUTH BEACH	810 PACIFIC ST	HOUSTON	TX	77006	101	Y	MB202068	9/14/1999		8/31/2019	0	0	0	0	0
32039861680	VKA INC.	5145 FM 1960 RD W	HOUSTON	TX	77069	101	1	GEARHEAD'S GRUB & PUB	5145 CYPRESS CREEK PKWY	HOUSTON	TX	77069	101	Y	MB741839	2/8/2010		8/31/2019	19940	598	13137	0	33675
15823417728	CAPITAL GRILLE HOLDINGS, INC.	PO BOX 695011	ORLANDO	FL	32869	0	6	THE CAPITAL GRILLE #8007	5365 WESTHEIMER RD	HOUSTON	TX	77056	101	Y	MB935334	2/17/2016		10/31/2019	32946	70224	3681	0	106851
32054392181	EL TIEMPO 1308 ANNEX, LLC	602 SAWYER ST STE 110	HOUSTON	TX	77007	101	1	EL TIEMPO 1308 ANNEX CANTINA	322 WESTHEIMER RD	HOUSTON	TX	77006	101	Y	MB903288	3/31/2015		10/31/2019	161531	6701	13895	0	182127
17527408888	ROADHOUSE ENTERPRISES, INC.	6040 DUTCHMANS LN ATTN: TAX DEPT	LOUISVILLE	KY	40205	0	37	TEXAS ROADHOUSE	124 FM 1960 RD E	HOUSTON	TX	77073	101	Y	MB649314	1/22/2007		2/28/2019	29956	2460	18199	0	50615
17606974859	TAQUERIA TEPATITLAN NO. 11 INC	5545 SOUTHWEST FWY	HOUSTON	TX	77056	101	1	TAQUERIA TEPATITLAN NO 11 INC	5545 SOUTHWEST FWY	HOUSTON	TX	77056	101	Y	MB516014	4/30/2002		4/30/2019	7235	0	11528	0	18763
32067495682	BISHOP WILLOWBROOK PARK LESSEE LLC	9 W 57TH ST FL 43	NEW YORK	NY	10019	0	1	EMBARK AT WILLOWBROOK PARK	7575 WILLOW CHASE BLVD	HOUSTON	TX	77070	101	Y	MB105966035	12/14/2018	12/14/2022	2/28/2019	0	0	0	0	0
17606099509	FERBANE, INC.	16504 SEA LARK RD	HOUSTON	TX	77062	101	1	THIRD BASE	16504 SEA LARK RD	HOUSTON	TX	77062	101	Y	MB455664	8/4/1999		4/30/2019	19273	139	10265	0	29677
32048263720	DIHO ENTERTAINMENT LLC	6100 CORPORATE DR STE 588	HOUSTON	TX	77036	101	1	ROOM 28 KARAOKE LOUNGE	3002 FONDREN RD	HOUSTON	TX	77063	101	Y	MB845290	7/3/2013		1/31/2019	1860	0	1685	0	3545
32040733837	LARSUNNY LLC	902 CAPITOL ST	HOUSTON	TX	77002	101	1	SUNNY'S	902 CAPITOL ST	HOUSTON	TX	77002	101	Y	MB748920	5/25/2010		8/31/2019	19956	2017	35228	0	57201
32048654712	MAGGIE RITA'S FIRST CITY LTD- LLC	5382 BLUE MOUNTAIN LN	SUGAR LAND	TX	77479	79	1	MAGGIE RITA'S DOWNTOWN LTD	1001 FANNIN ST STE M162	HOUSTON	TX	77002	101	Y	MB854422	10/14/2013	3/26/2019	2/28/2019	422	0	63	0	485
32048633252	GSM WINGS III, LLC	12660 S KIRKWOOD RD	STAFFORD	TX	77477	79	5	BREWINGZ	6006 GULF FWY	HOUSTON	TX	77023	101	Y	MB842364	6/5/2013		8/31/2019	5948	11	11038	0	16997
32030945532	HSIANG E ENTERPRISE, LLC	6315 HIGHWAY 36 S	ROSENBERG	TX	77471	79	1	SASAKI JAPANESE RESTAURANT	8979 WESTHEIMER RD	HOUSTON	TX	77063	101	Y	MB687159	3/18/2008	7/20/2022	8/31/2019	822	950	1336	0	3108
17606274805	EL MESON SPANISH RESTAURANT, INC.	2425 UNIVERSITY BLVD	HOUSTON	TX	77005	101	1	EL MESON SPANISH MEXICAN RESTAURANT	2425 UNIVERSITY BLVD	HOUSTON	TX	77005	101	Y	MB152365	7/1/2000		4/30/2019	10620	18190	1326	0	30136
17604854111	SALTGRASS, INC.	1510 WEST LOOP S ATTN: TAX DEPT	HOUSTON	TX	77027	101	24	SALTGRASS STEAKHOUSE #2	9110 SOUTHWEST FWY	HOUSTON	TX	77074	101	Y	MB533025	3/27/2003		10/31/2019	19961	5600	5653	0	31214
15624464135	A. TONY'S MEXICAN RESTAURANT & CANTINA, LLC	2222 ELLA BLVD	HOUSTON	TX	77008	101	1	A TONY'S MEXICAN RESTAURANT & CANTINA LLC	2222 ELLA BLVD	HOUSTON	TX	77008	101	Y	MB562051	8/9/2004		2/28/2019	86554	2555	9395	0	98504
12019827232	LOLA'S ENTERPRISES CORP	2800 SAGE RD STE 400	HOUSTON	TX	77056	101	1	SAGE 400 JAPANESE CUISINE	2800 SAGE RD # A-400	HOUSTON	TX	77056	101	Y	MB575189	3/24/2005		6/30/2019	22353	33330	6926	0	62609
17605167117	P.F.C.C.B. TEXAS, INC.	7676 E PINNACLE PEAK RD	SCOTTSDALE	AZ	85255	0	15	PF CHANG'S CHINA BISTRO	18250 STATE HIGHWAY 249	HOUSTON	TX	77070	101	Y	MB629422	5/31/2006		6/30/2019	33133	19229	6973	0	59335
12056372894	COMALA INVESTMENTS, INC.	5310 E SAM HOUSTON PKWY N STE K	HOUSTON	TX	77015	101	1	COMALA MEXICAN CAFE	5310 E SAM HOUSTON PKWY N STE K	HOUSTON	TX	77015	101	Y	MB698657	7/22/2008		10/31/2019	0	0	625	0	625
32057683230	SPRING BRANCH PUB & GRILL, LLC	PO BOX 430030	HOUSTON	TX	77243	101	1	SPRING BRANCH PUB & GRILL	8510 HAMMERLY BLVD	HOUSTON	TX	77055	101	Y	MB926712	11/12/2015	10/28/2019	10/31/2019	7245	0	4169	0	11414
17519330587	CHILI'S BEVERAGE COMPANY, INC.	3000 OLYMPUS BLVD C/O TAX DEPARTMENT	COPPELL	TX	75019	57	113	CHILI'S GRILL & BAR	11400 EAST FWY	HOUSTON	TX	77029	101	Y	MB218955	8/24/1998		4/30/2019	29327	443	11312	0	41082
17519330587	CHILI'S BEVERAGE COMPANY, INC.	3000 OLYMPUS BLVD C/O TAX DEPARTMENT	COPPELL	TX	75019	57	18	CHILI'S GRILL & BAR	7621 CYPRESS CREEK PKWY	HOUSTON	TX	77070	101	Y	MB238268	12/1/1993		4/30/2019	32876	765	7482	0	41123
17519330587	CHILI'S BEVERAGE COMPANY, INC.	3000 OLYMPUS BLVD C/O TAX DEPARTMENT	COPPELL	TX	75019	57	315	CHILI'S GRILL & BAR	2425 KATY FWY	HOUSTON	TX	77007	101	Y	MB676998	11/16/2007		4/30/2019	27545	1243	9446	0	38234
17601960713	FINDAL, INC.	15945 KUYKENDAHL RD	HOUSTON	TX	77068	101	2	MOLLY'S PUB	902 RAMADA DR	HOUSTON	TX	77062	101	Y	MB232739	12/1/1993		4/30/2019	36492	295	37412	0	74199
32055622909	HG HOTEL BEVERAGE LLC	10306 EATON PL STE 430	FAIRFAX	VA	22030	0	1	HG HOTEL BEVERAGE LLC	5353 WESTHEIMER RD	HOUSTON	TX	77056	101	Y	MB902110	3/23/2015		6/30/2019	13277	4712	6426	0	24415
17604882443	TORNAV, INC.	1749 RICHMOND AVE	HOUSTON	TX	77098	101	5	LA TAPATIA MEXICAN CAFE	5591 RICHMOND AVE	HOUSTON	TX	77056	101	Y	MB690218	4/16/2008		6/30/2019	39540	736	15913	0	56189
32053681907	SSJA LLC	6166 HIGHWAY 6 N UNIT 22	HOUSTON	TX	77084	101	1	AGUIRRES TEX MEX	6166 HIGHWAY 6 N UNIT 22	HOUSTON	TX	77084	101	Y	MB910198	6/8/2015	7/11/2023	11/30/2019	1695	237	492	0	2424
17519330587	CHILI'S BEVERAGE COMPANY, INC.	3000 OLYMPUS BLVD C/O TAX DEPARTMENT	COPPELL	TX	75019	57	316	CHILI'S GRILL & BAR	10955 NORTH FWY	HOUSTON	TX	77037	101	Y	MB677281	11/20/2007		4/30/2019	33647	820	9632	0	44099
17606595761	MHI HOUSTON BEVERAGES, L.L.C.	6404 IVY LN STE 800	GREENBELT	MD	20770	0	1	PART & PARCEL/EDGAR'S HERMANO	1700 SMITH ST	HOUSTON	TX	77002	101	Y	MB489873	3/28/2001	3/26/2020	11/30/2019	38340	13455	18073	0	69868
17606905192	VECCHIO CAPRINI, INC.	817 W DALLAS ST	HOUSTON	TX	77019	101	1	TONYS CORNER POCKET	817 W DALLAS ST	HOUSTON	TX	77019	101	Y	MB502556	10/15/2001		6/30/2019	92580	735	24526	0	117841
32043551178	EL TIEMPO VINTAGE PARK, LLC	602 SAWYER ST STE 110	HOUSTON	TX	77007	101	1	EL TIEMPO CANTINA	114 VINTAGE PARK BLVD STE M	HOUSTON	TX	77070	101	Y	MB802472	12/21/2018		10/31/2019	91804	5502	13882	0	111188
32012093251	MAGDALENO RODRIGUEZ	6615 MUCKELROY ST	HOUSTON	TX	77076	101	2	HACIENDA LA ESPERANZA RESTAURANT & GRILL	120 TIDWELL RD	HOUSTON	TX	77022	101	Y	MB770263	3/16/2011		8/31/2019	2236	0	3984	0	6220
17604858963	TEXAS RACQUET & SPA, INC.	1200 WILCREST DR	HOUSTON	TX	77042	101	1	WESTSIDE TENNIS CLUB	1200 WILCREST DR	HOUSTON	TX	77042	101	Y	MB405075	1/16/1997		2/28/2019	10045	8968	2716	0	21729
32051829862	JULEP BAR LP	1919 WASHINGTON AVE	HOUSTON	TX	77007	101	2	JULEP BAR	1919 WASHINGTON AVE	HOUSTON	TX	77007	101	Y	MB877994	7/14/2014		8/31/2019	68166	4485	1205	0	73856
32067495682	BISHOP WILLOWBROOK PARK LESSEE LLC	9 W 57TH ST FL 43	NEW YORK	NY	10019	0	1	EMBARK AT WILLOWBROOK PARK	7575 WILLOW CHASE BLVD	HOUSTON	TX	77070	101	Y	MB105966035	12/14/2018	12/14/2022	10/31/2019	0	0	0	0	0
17411430766	ALLEY THEATRE	615 TEXAS ST	HOUSTON	TX	77002	101	1	ALLEY THEATRE STORE	615 TEXAS ST	HOUSTON	TX	77002	101	Y	MB638449	9/5/2006		4/30/2019	5352	7356	1660	0	14368
17418974006	MOLINA'S MEXICO CITY RESTAURANTS, INC.	PO BOX 631368	HOUSTON	TX	77263	101	8	MOLINA'S MEXICAN RESTAURANT	7901 WESTHEIMER RD	HOUSTON	TX	77063	101	Y	MB204275	12/1/1995		4/30/2019	61716	5069	7801	0	74586
32068981284	AHN & KIM ENTERTAINMENT, LLC	10104 HAMMERLY BLVD	HOUSTON	TX	77080	101	2	YAK SOK BAR & KARAOKE	9444 LONG POINT RD	HOUSTON	TX	77055	101	Y	MB106151793	4/17/2019		11/30/2019	0	0	4445	0	4445
32044416306	KIRBY BEVERAGE, L.L.C.	110 VENICE ST	SUGAR LAND	TX	77478	79	1	TWIN PEAKS	4527 LOMITAS ST	HOUSTON	TX	77098	101	Y	MB786281	9/30/2011		8/31/2019	76566	1814	146604	0	224984
32050567265	NIGHTINGALE ROOM BAR, L.L.C.	1416 WESTHEIMER RD	HOUSTON	TX	77006	101	1	NIGHTINGALE ROOM BAR, L.L.C	308 MAIN ST STE 100	HOUSTON	TX	77002	101	Y	MB887256	10/16/2014	3/24/2020	2/28/2019	33763	81	8564	0	42408
32054691970	JAA EXPRESS, A TEXAS LIMITED LIABILITY COMPANY	6406 BROOKFIELD DR APT B	HOUSTON	TX	77085	101	2	JABASTIAN'S MEXICAN RESTAURANT #6	11460 FUQUA ST STE 900	HOUSTON	TX	77089	101	Y	MB976158	5/18/2018	9/11/2019	7/31/2019	390	0	987	0	1377
32068959777	RBHJ ENTERTAINMENT LLC	9930 NORTH FWY STE B	HOUSTON	TX	77037	101	1	HOUSTON DOLLS CABARET	313 RANKIN RD STE H	HOUSTON	TX	77073	101	N	MB1049703	4/4/2019		4/30/2019	16340	528	10308	1245	28421
32063523008	YM HIBACHI INC	16310 GOANNA CT	SUGAR LAND	TX	77498	79	2	WAGYU HIBACHI AND SUSHI BAR	3239 SOUTHWEST FWY	HOUSTON	TX	77027	101	Y	MB1025868	8/7/2018	9/9/2019	5/31/2019	0	0	0	0	0
17519330587	CHILI'S BEVERAGE COMPANY, INC.	3000 OLYMPUS BLVD C/O TAX DEPARTMENT	COPPELL	TX	75019	57	315	CHILI'S GRILL & BAR	2425 KATY FWY	HOUSTON	TX	77007	101	Y	MB676998	11/16/2007		6/30/2019	20201	882	8030	0	29113
17601698016	LA HACIENDA ENTERPRISES, INC.	14759 MEMORIAL DR	HOUSTON	TX	77079	101	1	LA HACIENDA	14759 MEMORIAL DR	HOUSTON	TX	77079	101	Y	MB185359	11/30/1993		8/31/2019	18605	483	3791	0	22879
12611711545	MIA GROUP LLC	1200 BINZ ST STE 160	HOUSTON	TX	77004	101	2	BODEGAS TACO SHOP	1200 BINZ ST STE 160	HOUSTON	TX	77004	101	Y	MB708905	11/25/2008		8/31/2019	13846	312	5762	0	19920
10206133554	MAGNOLIA SPIRITS HOUSTON, INC.	1100 TEXAS ST	HOUSTON	TX	77002	101	1	MAGNOLIA SPIRITS HOUSTON INC	1100 TEXAS ST	HOUSTON	TX	77002	101	Y	MB529257	1/24/2003		2/28/2019	38715	24208	14308	0	77231
32052043786	DELIGHT HOOKAH LOUNGE CORPORATION	4719 TAHOE CANYON LN	HOUSTON	TX	77084	101	1	DELIGHT HOOKAH LOUNGE	9421 HIGHWAY 6 S	HOUSTON	TX	77083	79	Y	MB1020665	6/27/2018	1/30/2020	6/30/2019	0	0	321	0	321
32063823390	CVM LEGACY, INC	1001 STUDEWOOD ST UNIT A	HOUSTON	TX	77008	101	1	MAISON PUCHA BISTRO	1001 STUDEWOOD ST UNIT A	HOUSTON	TX	77008	101	Y	MB997200	10/13/2017		4/30/2019	8399	32555	503	0	41457
17413856133	TROPICANA, INC.	15615 GLEN CHASE DR	HOUSTON	TX	77095	101	6	COPPERFIELD BOWL	15615 GLEN CHASE DR	HOUSTON	TX	77095	101	Y	MB067702	12/1/1993		4/30/2019	11639	534	19996	0	32169
32030945532	HSIANG E ENTERPRISE, LLC	6315 HIGHWAY 36 S	ROSENBERG	TX	77471	79	1	SASAKI JAPANESE RESTAURANT	8979 WESTHEIMER RD	HOUSTON	TX	77063	101	Y	MB687159	3/18/2008	7/20/2022	3/31/2019	825	1424	1124	0	3373
17405233309	BRAE-BURN COUNTRY CLUB	8101 BISSONNET ST STE A	HOUSTON	TX	77074	101	1	BRAE-BURN COUNTRY CLUB	8101 BISSONNET ST	HOUSTON	TX	77074	101	Y	MB096819	12/1/1993		4/30/2019	32493	47656	11269	0	91418
17419376854	LAST PLACE IN TEXAS, INC.	10505 KATY FWY	HOUSTON	TX	77024	101	2	TASTE OF TEXAS	10505 KATY FWY	HOUSTON	TX	77024	101	Y	MB119014	12/1/1993		8/31/2019	62273	119903	25594	0	207770
12604711791	HERMANOS ESCOBAR, L.L.C.	12933 GULF FWY	HOUSTON	TX	77034	101	1	LAS HACIENDAS MEXICAN BAR & GRILL	12933 GULF FWY	HOUSTON	TX	77034	101	Y	MB670709	8/6/2007		10/31/2019	23800	880	12890	0	37570
17604851208	3AM ENTERPRISES, INC.	16203 WESTHEIMER RD STE 102	HOUSTON	TX	77082	101	2	AL'S SPORTS BAR	16203 WESTHEIMER RD STE 102	HOUSTON	TX	77082	101	Y	MB533641	4/23/2003		6/30/2019	27582	177	20283	0	48042
32063397452	TEJAS HOSPITALITY, LLC	610 ARLINGTON ST	HOUSTON	TX	77007	101	1	LOW BROW BAR AND GRILL	1601 W MAIN ST	HOUSTON	TX	77006	101	Y	MB991186	8/11/2017	1/22/2021	2/28/2019	21647	9959	2713	0	34319
32063084811	WLC GROUP LLC	3206 PATRICIA LN	PEARLAND	TX	77581	20	1	HIGH & DRY	306 MAIN ST STE 200	HOUSTON	TX	77002	101	Y	MB989611	7/27/2017	7/1/2023	1/31/2019	52395	2789	6148	0	61332
32010676099	MARTIN FLORES	7430 GUINEVERE DR	SUGAR LAND	TX	77479	79	5	LA CASA BLANCA PARTY HALL	1517 GEARS RD	HOUSTON	TX	77067	101	Y	MB956261	8/31/2016	4/30/2024	2/28/2019	919	0	965	0	1884
32052171488	B & R BUTCHERS, LTD.	1244 N POST OAK RD STE 100	HOUSTON	TX	77055	101	1	B & B BUTCHERS	1814 WASHINGTON AVE	HOUSTON	TX	77007	101	Y	MB904357	4/9/2015		1/31/2019	99576	188674	9727	0	297977
32065327820	TEX MEX GRILL & BAR LLC	12620 FM 1960 RD W STE A1	HOUSTON	TX	77065	101	1	TEX MEX GRILL & BAR	17117 FM 529 RD	HOUSTON	TX	77095	101	Y	MB1023749	7/21/2020	7/31/2020	5/31/2019	2800	100	2800	0	5700
17427780618	BRISTOL-SHANDY GROUP, L.L.C.	230 STARBOARD AVE	ROCKPORT	TX	78382	4	2	WILD WEST - HOUSTON	6101 RICHMOND AVE	HOUSTON	TX	77057	101	Y	MB408838	3/9/1998	7/1/2021	10/31/2019	36723	22145	964	0	59832
17601930666	PAPPAS RESTAURANTS, INC.	13939 NORTHWEST FWY	HOUSTON	TX	77040	101	18	PAPPASITO'S CANTINA	11831 EAST FWY	HOUSTON	TX	77029	101	Y	MB256330	7/10/1995		8/31/2019	82673	2289	21194	0	106156
32041065668	WILLOWBROOK LODGING GROUP LLC	22790 HIGHWAY 59 N	KINGWOOD	TX	77339	170	1	LAQUINTA INN & SUITES	8383 CYPRESS CREEK PKWY	HOUSTON	TX	77070	101	Y	MB826490	12/10/2012		10/31/2019	613	21	375	0	1009
32061597749	TIMES INFINITY, LLC	37 SCOTSMOOR CT	SUGAR LAND	TX	77479	79	1	STRAYLIGHT	3229 NAVIGATION BLVD STE A	HOUSTON	TX	77003	101	Y	MB989040	7/21/2017	7/20/2021	11/30/2019	0	0	0	0	0
19313205130	MCCORMICK & SCHMICK ACQUISITION III TEXAS, INC.	1510 WEST LOOP S	HOUSTON	TX	77027	101	1	MCCORMICK & SCHMICK RESTAURANT	1151 UPTOWN PARK BLVD	HOUSTON	TX	77056	101	Y	MB497935	8/29/2001		8/31/2019	41723	33254	6484	0	81461
32050567265	NIGHTINGALE ROOM BAR, L.L.C.	1416 WESTHEIMER RD	HOUSTON	TX	77006	101	1	NIGHTINGALE ROOM BAR, L.L.C	308 MAIN ST STE 100	HOUSTON	TX	77002	101	Y	MB887256	10/16/2014	3/24/2020	1/31/2019	31862	135	7657	0	39654
12027757710	THE MAPLE LEAF PUB, LLC	103 MARRAKECH CT	BELLAIRE	TX	77401	101	1	THE MAPLE LEAF PUB	514 ELGIN ST	HOUSTON	TX	77006	101	Y	MB619766	2/9/2006		3/31/2019	5628	96	6924	0	12648
32064529400	TWO BIRD'S CARWASH DAIQUIRI & GRILL, LLC.	8711 GRASSWREN RD	RICHMOND	TX	77407	79	1	TWO BIRD'S CARWASH DAIQUIRI & GRILL	6613 BOWLING GREEN ST	HOUSTON	TX	77021	101	Y	MB1008720	3/1/2018	9/1/2020	5/31/2019	0	0	0	0	0
32050531782	MASONES III, LLC	535 SCROGGINS LN	WALLER	TX	77484	237	1	OLYMPIX SPORTS BAR	11133A HUFFMEISTER RD	HOUSTON	TX	77065	101	N	MB842641	6/6/2013		8/31/2019	44365	345	28869	0	73579
17419376854	LAST PLACE IN TEXAS, INC.	10505 KATY FWY	HOUSTON	TX	77024	101	2	TASTE OF TEXAS	10505 KATY FWY	HOUSTON	TX	77024	101	Y	MB119014	12/1/1993		4/30/2019	53725	109736	25550	0	189011
32051085341	HORSERADISH MAYONNAISE, L.L.C.	6412 N MAIN ST STE C	HOUSTON	TX	77009	101	1	LEI LOW	6412 N MAIN ST STE C	HOUSTON	TX	77009	101	Y	MB850404	8/30/2013		1/31/2019	72323	185	1976	0	74484
17606927659	THEATER RESTAURANT PARTNERS, INC.	5205 ASHBROOK DR	HOUSTON	TX	77081	101	1	BIRRAPORETTI'S	500 LOUISIANA ST	HOUSTON	TX	77002	101	Y	MB506181	12/19/2001		8/31/2019	19141	19815	4567	0	43523
17519330587	CHILI'S BEVERAGE COMPANY, INC.	3000 OLYMPUS BLVD C/O TAX DEPARTMENT	COPPELL	TX	75019	57	21	CHILI'S HAMBURGER GRILL & BAR	12897 GULF FWY	HOUSTON	TX	77034	101	Y	MB160467	12/1/1993		6/30/2019	15406	260	5061	0	20727
32063440716	GSM WINGS VI, LLC	12660 S KIRKWOOD RD	STAFFORD	TX	77477	79	5	BREWINGZ	22503 STATE HIGHWAY 249 STE 400	HOUSTON	TX	77070	101	Y	MB842546	11/1/2017		8/31/2019	6432	136	11902	0	18470
32061498831	DOK DO, INC.	10017 LONG POINT RD	HOUSTON	TX	77055	101	1	IL ME JUNG RESTAURANT	10017 LONG POINT RD	HOUSTON	TX	77055	101	Y	MB729009	11/29/2016		8/31/2019	4320	0	425	0	4745
32061188622	FASTRAK EXPRESS 3, LLC.	403 GREENS RD	HOUSTON	TX	77060	101	4	FASTRAK MICHELADAS BOTANAS Y PISTO	403 GREENS RD	HOUSTON	TX	77060	101	Y	MB1051630	4/22/2019	6/30/2021	4/30/2019	0	0	0	0	0
32051085341	HORSERADISH MAYONNAISE, L.L.C.	6412 N MAIN ST STE C	HOUSTON	TX	77009	101	1	LEI LOW	6412 N MAIN ST STE C	HOUSTON	TX	77009	101	Y	MB850404	8/30/2013		12/31/2019	82395	252	1932	0	84579
32078101253	B & G TREE HOUSE, INC.	901 NASA PKWY	HOUSTON	TX	77058	101	1	TREE HOUSE	901 NASA PKWY	HOUSTON	TX	77058	101	Y	MB227149	12/1/1993		9/30/2019	19414	973	10333	0	30720
32051340316	TOSTADA REGIA LONG POINT, LLC	10066 LONG POINT RD STE B	HOUSTON	TX	77055	101	1	TOSTADA REGIA	10066 LONG POINT RD STE B	HOUSTON	TX	77055	101	Y	MB927516	11/20/2015		4/30/2019	0	0	12573	0	12573
32019027005	BONGOS SPORTS BAR, INC.	14931 CAMINO RANCHO DR	HOUSTON	TX	77083	101	1	BONGOS SPORTS Y CAFE	6253 BISSONNET ST	HOUSTON	TX	77081	101	Y	MB653750	3/8/2007		8/31/2019	3262	28	6498	0	9788
30113788902	KFGF ENTERPRISES, INC.	9585 MAIN ST	HOUSTON	TX	77025	101	1	CARRINGTON'S	9585 MAIN ST	HOUSTON	TX	77025	101	Y	MB216454	12/1/1993		6/30/2019	67096	645	6401	0	74142
32008089545	ELIAS Y DEEK	6448 FM 1960 RD W	HOUSTON	TX	77069	101	1	CLEMENTINE'S EATING PARLOR	6448 FM 1960 WEST	HOUSTON	TX	77069	101	N	MB238795	12/1/1993		4/30/2019	9335	5112	1166	0	15613
17519330587	CHILI'S BEVERAGE COMPANY, INC.	3000 OLYMPUS BLVD C/O TAX DEPARTMENT	COPPELL	TX	75019	57	287	CHILI'S GRILL & BAR	13050 NORTHWEST FWY	HOUSTON	TX	77040	101	Y	MB649284	1/22/2007		4/30/2019	22348	808	6056	0	29212
32034886039	CHACHO'S 5350 NORTH FREEWAY LLC	4320 INDUSTRIAL CTR	SAN ANTONIO	TX	78217	15	1	CHACHO'S	5350 NORTH FWY	HOUSTON	TX	77022	101	Y	MB694606	6/4/2008		8/31/2019	26661	0	2538	0	29199
17606210817	I.C.I.T., INC.	15643 SCOLTY REACH LN	HUMBLE	TX	77346	101	1	I.C.I.T., INC.	9115 BLUEBERRY ST	HOUSTON	TX	77049	101	N	MB465452	1/21/2000		4/30/2019	5075	5075	5075	0	15225
32054752798	YARD HOUSE USA, INC.	1000 DARDEN CENTER DR ATTN: TAX DEPT	ORLANDO	FL	32837	0	7	YARD HOUSE #8325	800 SORELLA CT SPC 116	HOUSTON	TX	77024	101	Y	MB734341	9/11/2017		8/31/2019	125351	33004	153161	0	311516
32067495682	BISHOP WILLOWBROOK PARK LESSEE LLC	9 W 57TH ST FL 43	NEW YORK	NY	10019	0	1	EMBARK AT WILLOWBROOK PARK	7575 WILLOW CHASE BLVD	HOUSTON	TX	77070	101	Y	MB105966035	12/14/2018	12/14/2022	6/30/2019	0	0	0	0	0
32035438608	SSS LAND DEVELOPMENT, LP	9401 KNIGHT RD	HOUSTON	TX	77045	101	1	BAYOU CITY EVENT CENTER	9400 ALMEDA RD.	HOUSTON	TX	77054	101	Y	MB751140	6/25/2010		10/31/2019	25050	3200	3193	0	31443
32052043786	DELIGHT HOOKAH LOUNGE CORPORATION	4719 TAHOE CANYON LN	HOUSTON	TX	77084	101	1	DELIGHT HOOKAH LOUNGE	9421 HIGHWAY 6 S	HOUSTON	TX	77083	79	Y	MB1020665	6/27/2018	1/30/2020	3/31/2019	0	0	222	0	222
32054228120	S & KW CORPORATION	6617 CHIMNEY ROCK RD	HOUSTON	TX	77081	101	1	NAZARETH CAFE	6617 CHIMNEY ROCK RD	HOUSTON	TX	77081	101	Y	MB501287	8/1/2014		2/28/2019	1828	0	2441	0	4269
32058505416	S KARAOKE, INC.	9504 LONG POINT RD STE J	HOUSTON	TX	77055	101	1	S KARAOKE	9504 LONG POINT RD STE J	HOUSTON	TX	77055	101	Y	MB945400	5/26/2016	11/30/2022	2/28/2019	1665	73	534	0	2272
17408652000	RIVER OAKS COUNTRY CLUB	1600 RIVER OAKS BLVD	HOUSTON	TX	77019	101	1	RIVER OAKS COUNTRY CLUB	1600 RIVER OAKS BLVD	HOUSTON	TX	77019	101	Y	N 100101948	12/1/1993		10/31/2019	68362	150135	7395	0	225892
17606765547	EL PATIO RESTAURANT & CLUB, L.L.C.	PO BOX 1524	HOUSTON	TX	77251	101	1	EL PATIO MEXICAN RESTAURANT	6444 WESTHEIMER RD	HOUSTON	TX	77057	101	Y	MB497628	7/25/2001		6/30/2019	1206	182	232	74672	76292
17604508584	DHR, INC.	11927 EAST FWY	HOUSTON	TX	77029	101	1	DIVA'S BIKINI SPORTS BAR & GRILL	11927 EAST FWY	HOUSTON	TX	77029	101	Y	MB251925	5/4/1995		8/31/2019	28850	275	30150	0	59275
32068959777	RBHJ ENTERTAINMENT LLC	9930 NORTH FWY STE B	HOUSTON	TX	77037	101	1	HOUSTON DOLLS CABARET	313 RANKIN RD STE H	HOUSTON	TX	77073	101	N	MB106132838	4/4/2019		10/31/2019	7150	600	1800	0	9550
32055594579	MARY'Z MEDITERRANEAN RESTAURANT, INC	4500 WASHINGTON AVE STE 200	HOUSTON	TX	77007	101	1	MARY'Z MEDITERRANEAN RESTAURANT	4500 WASHINGTON AVE STE 200	HOUSTON	TX	77007	101	Y	MB896056	1/23/2015		8/31/2019	1617	2701	2171	0	6489
17519330587	CHILI'S BEVERAGE COMPANY, INC.	3000 OLYMPUS BLVD C/O TAX DEPARTMENT	COPPELL	TX	75019	57	165	CHILLI'S HAMBURGER GRILL & BAR	10001 WESTHEIMER RD STE 127	HOUSTON	TX	77042	101	Y	MB531586	3/10/2003		6/30/2019	21128	988	9251	0	31367
17604219067	SPANISH FLOWERS, INC.	4701 N MAIN ST	HOUSTON	TX	77009	101	1	SPANISH FLOWERS	4701 N MAIN ST	HOUSTON	TX	77009	101	Y	MB427025	2/23/1998		2/28/2019	35478	746	7787	0	44011
32047255552	JANITZIO SEAFOOD, LLC	1817 WIRT RD	HOUSTON	TX	77055	101	1	OSTIONERIA MICHOACAN #7	1817 WIRT RD	HOUSTON	TX	77055	101	Y	MB846132	7/16/2013	11/6/2019	4/30/2019	5112	0	44314	0	49426
17601946035	ORIGINAL, INC.	3131 ARGONNE ST	HOUSTON	TX	77098	101	1	CARRABBA'S	3115 KIRBY DR	HOUSTON	TX	77098	101	Y	MB187663	12/1/1993		4/30/2019	68205	143198	5633	0	217036
32060697938	YOU'RE WELCOME LLC	5007 LYMBAR DR	HOUSTON	TX	77096	101	1	NOBIE'S	2048 COLQUITT ST	HOUSTON	TX	77098	101	Y	MB955479	8/23/2016		2/28/2019	25178	37703	2006	0	64887
12604975826	P.M. CHENG, LLC	PO BOX 740289	HOUSTON	TX	77274	101	1	VIET RESTAURANT	3600 KIRBY DR	HOUSTON	TX	77098	101	Y	MB693825	5/28/2008		8/31/2019	45315	94188	15318	0	154821
32054484723	SOUTHEAST RESTAURANT GROUP-MAIN, LLC	1201 CANAL ST STE C2	NEW ORLEANS	LA	70112	0	1	TGIFRIDAY'S	12895 GULF FWY	HOUSTON	TX	77034	101	Y	MB885735	9/30/2014	9/12/2019	6/30/2019	24281	1728	6688	0	32697
32047070712	THE QUILLE GROUP LLC	3601 HASTINGS ST	HOUSTON	TX	77017	101	1	BASE	801 CONGRESS ST	HOUSTON	TX	77002	101	Y	MB1043008	1/22/2019	1/21/2021	6/30/2019	199890	19824	7350	0	227064
32054354942	MULTIBOT LLC	915 FRANKLIN ST UNIT 6B	HOUSTON	TX	77002	101	1	HOUSTON WATCH COMPANY	913 FRANKLIN ST	HOUSTON	TX	77002	101	Y	MB899255	2/26/2015		8/31/2019	19090	772	2902	0	22764
32054228120	S & KW CORPORATION	6617 CHIMNEY ROCK RD	HOUSTON	TX	77081	101	1	NAZARETH CAFE	6617 CHIMNEY ROCK RD	HOUSTON	TX	77081	101	Y	MB501287	8/1/2014		12/31/2019	1702	0	1552	0	3254
32052631416	LOS PEREZ MEXICAN RESTAURANT INC	12822 WILLOW CENTRE DR STE A	HOUSTON	TX	77066	101	1	LOS PEREZ MEXICAN RESTAURANT	9439 HIGHWAY 6 S	HOUSTON	TX	77083	79	Y	MB459231	1/3/2014		6/30/2019	13232	180	3416	0	16828
32067521651	COACHES J-C, LLC	4925 MAYFLOWER ST	HOUSTON	TX	77033	101	1	COACHES CORNER SPORTS BAR	7818 ALMEDA RD	HOUSTON	TX	77054	101	Y	MB871056	11/14/2018	9/12/2019	6/30/2019	3925	360	1633	0	5918
32039782118	LA HACIENDA PA, L.L.C.	14759 MEMORIAL DR	HOUSTON	TX	77079	101	2	LA HACIENDA ESCONDIDA FAMILY MEXICAN RESTAURANT	1431 W 26TH ST	HOUSTON	TX	77008	101	Y	MB416086	1/29/2013		8/31/2019	22286	470	4375	0	27131
17527348464	MAGGIANO'S BEVERAGE COMPANY	3000 OLYMPUS BLVD ATTN: TAX DEPT.	COPPELL	TX	75019	57	6	MAGGIANO' LITTLE ITALY	2019 POST OAK BLVD	HOUSTON	TX	77056	101	Y	MB466540	2/23/2000		4/30/2019	31485	71594	11242	0	114321
12026124961	3 SALSAS MEXICAN RESTAURANT & CANTINA, INC.	4325 HIGHWAY 6 N # 27	HOUSTON	TX	77084	101	1	3 SALSAS MEXICAN RESTURANT & CANTINA	4325 HIGHWAY 6 N # 27	HOUSTON	TX	77084	101	Y	MB603865	9/1/2005		4/30/2019	10064	51	1842	0	11957
17519330587	CHILI'S BEVERAGE COMPANY, INC.	3000 OLYMPUS BLVD C/O TAX DEPARTMENT	COPPELL	TX	75019	57	113	CHILI'S GRILL & BAR	11400 EAST FWY	HOUSTON	TX	77029	101	Y	MB218955	8/24/1998		6/30/2019	20035	330	8319	0	28684
32054228120	S & KW CORPORATION	6617 CHIMNEY ROCK RD	HOUSTON	TX	77081	101	1	NAZARETH CAFE	6617 CHIMNEY ROCK RD	HOUSTON	TX	77081	101	Y	MB501287	8/1/2014		6/30/2019	2844	0	1909	0	4753
17519330587	CHILI'S BEVERAGE COMPANY, INC.	3000 OLYMPUS BLVD C/O TAX DEPARTMENT	COPPELL	TX	75019	57	92	CHILI'S GRILL & BAR	518 CYPRESS CREEK PKWY	HOUSTON	TX	77090	101	Y	MB247625	11/30/1995		6/30/2019	13857	213	2743	0	16813
32043833493	CORNER WEST 2, LLC	2403 BAGBY ST	HOUSTON	TX	77006	101	1	THE DOGWOOD MIDTOWN	2403 BAGBY ST	HOUSTON	TX	77006	101	Y	MB815689	8/2/2012		10/31/2019	158056	3375	58392	0	219823
32065565031	SOUTH SIDE WESTHEIMER RESTAURANT GROUP, L.L.C.	715 E 13TH ST	HOUSTON	TX	77008	101	1	UB PRESERV	1609 WESTHEIMER RD	HOUSTON	TX	77006	101	Y	MB1009255	3/8/2018	6/30/2022	11/30/2019	23226	24014	2225	0	49465
17604784508	GOLDEN MOUNTAIN, L.P.	4802 GULF FWY	HOUSTON	TX	77023	101	5	KIM SON RESTAURANT	2001 JEFFERSON ST	HOUSTON	TX	77003	101	Y	MB523330	2/1/2007		8/31/2019	5450	3562	3071	0	12083
17606321770	G. TORRES, INC.	1749 RICHMOND AVE	HOUSTON	TX	77098	101	1	LA TAPATIA TAQUERIA	1749 RICHMOND AVE	HOUSTON	TX	77098	101	Y	MB541117	8/11/2003		6/30/2019	70093	1606	13448	0	85147
12635494052	Y. H. CHANG, INC.	6345 WESTHEIMER RD	HOUSTON	TX	77057	101	1	EL PACIFICO SEAFOOD RESTAURANT	5800 BELLAIRE BLVD BLDG 2	HOUSTON	TX	77081	101	Y	MB711779	1/6/2009		8/31/2019	43479	760	44021	0	88260
32061320332	1027 HOSPITALITY, LTD.	1027 W 19TH ST	HOUSTON	TX	77008	101	1	WICKLOW HEIGHTS	1027 W 19TH ST	HOUSTON	TX	77008	101	Y	MB970471	1/27/2017		4/30/2019	73415	10660	26313	0	110388
32044165978	MOLINA'S CANTINA TRES, INC.	1225 NORTH LOOP W STE 640	HOUSTON	TX	77008	101	1	MOLINA'S CANTINA	3801 BELLAIRE BLVD UNIT 140301	HOUSTON	TX	77025	101	Y	MB785688	9/23/2011		4/30/2019	67260	6745	7682	0	81687
12626664846	NOUVEAU ANTIQUE ART BAR LLC	2913 MAIN ST	HOUSTON	TX	77002	101	1	NOUVEAU ANTIQUE ART BAR LLC	2913 MAIN ST	HOUSTON	TX	77002	101	Y	MB853486	10/4/2013		10/31/2019	14552	168	270	0	14990
32057852934	MASON'S LOUNGE, LLC	1001 TEXAS ST STE 100	HOUSTON	TX	77002	101	1	TEXAS LONE STAR TACO	1001 TEXAS ST STE 100	HOUSTON	TX	77002	101	Y	MB939833	4/4/2016		10/31/2019	4946	158	2360	0	7464
32055658705	WE RUN HOU, LLC	1703 SILVER ST	HOUSTON	TX	77007	101	1	ENGINE ROOM	1515 PEASE ST STE 101	HOUSTON	TX	77002	101	Y	MB901299	3/17/2015	3/16/2021	9/30/2019	0	0	0	0	0
17605545718	6400 BEVERAGE, L.L.C.	6400 RICHMOND AVE	HOUSTON	TX	77057	101	1	STEREO LIVE	6400 RICHMOND AVE	HOUSTON	TX	77057	101	Y	MB525365	3/16/1998		10/31/2019	94826	4962	24441	0	124229
32068696031	JOSE REYES & SONS, INC.	13410 SAND MOUNTAIN LN	HOUSTON	TX	77044	101	1	MANUEL'S MEXICAN RESTUARANT	13083 W LAKE HOUSTON PKWY	HOUSTON	TX	77044	101	Y	MB549969	1/8/2019		10/31/2019	6614	221	2953	0	9788
17601524568	NIPPON RESTAURANT, INC.	4464 MONTROSE BLVD	HOUSTON	TX	77006	101	2	NIPPON RESTAURANT	4464 MONTROSE BLVD	HOUSTON	TX	77006	101	Y	MB177548	1/1/1996		10/31/2019	962	6588	3224	0	10774
15814983126	RARE HOSPITALITY INTERNATIONAL, INC.	PO BOX 695016	ORLANDO	FL	32869	0	20	LONGHORN STEAKHOUSE #5471	9401 KATY FWY STE A	HOUSTON	TX	77024	101	Y	MB835236	3/21/2013		8/31/2019	8887	5743	4652	0	19282
17606595761	MHI HOUSTON BEVERAGES, L.L.C.	6404 IVY LN STE 800	GREENBELT	MD	20770	0	1	PART & PARCEL/EDGAR'S HERMANO	1700 SMITH ST	HOUSTON	TX	77002	101	Y	MB489873	3/28/2001	3/26/2020	5/31/2019	43236	14367	27959	232	85794
17603260518	C. H. PERMITS, INC.	PO BOX 1892 ATTN: KEVIN YUEN, FACULTY CL	HOUSTON	TX	77251	101	1	COHEN HOUSE FACULTY CLUB	6100 MAIN ST COHEN HOUSE BLDG 12	HOUSTON	TX	77005	101	Y	MB217815	12/1/1993		10/31/2019	1088	5320	1742	28465	36615
32057629431	THE HIGHWAY DISTILLERY, LLC	4622A DAGG RD	HOUSTON	TX	77048	101	1	HIGHWAY VODKA	4622A DAGG RD	HOUSTON	TX	77048	101	Y	D 983499	5/25/2017		6/30/2019	0	0	0	0	0
32014831633	BINH CONG PHAM	4159 SUN MEADOW DR	HOUSTON	TX	77072	101	4	BLUE DIAMOND & LOUNGE	6292 WILCREST DR	HOUSTON	TX	77072	101	Y	MB105812030	9/11/2018	10/11/2024	1/31/2019	7869	0	186	0	8055
32057317813	HOST H8 IAH FB I, LLC	6905 ROCKLEDGE DR	BETHESDA	MD	20817	0	5	CADILLAC MEXICAN KITCHEN & BAR	3500 N TERMINAL RD	HOUSTON	TX	77032	101	Y	MB912931	7/1/2015		6/30/2019	79474	13196	33525	0	126195
17606284846	MANDOLA BROS. L.L.C.	4302 RICHMOND AVE	HOUSTON	TX	77027	101	1	RAGIN CAJUN	80 WOODLAKE SQ	HOUSTON	TX	77063	101	Y	MB472201	5/23/2000	2/1/2022	2/28/2019	12942	3484	12989	0	29415
17527927499	SSP AMERICA TEXAS, INC.	20408 BASHAN DR STE 300	ASHBURN	VA	20147	0	20	EXECUTIVE LOUNGE: TERMINAL D, ACROSS GATE D6.	3875 N TERMINAL RD	HOUSTON	TX	77032	101	Y	MB104402609	7/1/2015		7/31/2019	26337	6939	53213	0	86489
32055936457	CAFI TOULOUSE RIVER OAKS DISTRICT, LP	3100 MONTICELLO AVE STE 325	DALLAS	TX	75205	57	1	CAFE TOULOUSE	4444 WESTHEIMER RD STE E100	HOUSTON	TX	77027	101	Y	MB909269	5/29/2015		6/30/2019	85656	129066	6706	0	221428
32047255552	JANITZIO SEAFOOD, LLC	1817 WIRT RD	HOUSTON	TX	77055	101	1	OSTIONERIA MICHOACAN #7	1817 WIRT RD	HOUSTON	TX	77055	101	Y	MB846132	7/16/2013	11/6/2019	6/30/2019	8494	0	52218	0	60712
32057317813	HOST H8 IAH FB I, LLC	6905 ROCKLEDGE DR	BETHESDA	MD	20817	0	15	HOST H8 IAH FB I, LLC (UMAIZUSHI)	3500 N TERMINAL RD SPC TCSF4	HOUSTON	TX	77032	101	Y	MB931377	1/8/2016		10/31/2019	0	0	0	0	0
17405233309	BRAE-BURN COUNTRY CLUB	8101 BISSONNET ST STE A	HOUSTON	TX	77074	101	1	BRAE-BURN COUNTRY CLUB	8101 BISSONNET ST	HOUSTON	TX	77074	101	Y	MB096819	12/1/1993		2/28/2019	18417	21558	4372	0	44347
32031953949	ARENA CONCESSIONS, INC.	1818 RODEO DR	MESQUITE	TX	75149	57	1	ARENA THEATRE	7326 SOUTHWEST FWY	HOUSTON	TX	77074	101	Y	MB672939	10/3/2007		2/28/2019	41758	1600	26768	0	70126
32061188622	FASTRAK EXPRESS 3, LLC.	403 GREENS RD	HOUSTON	TX	77060	101	4	FASTRAK MICHELADAS BOTANAS Y PISTO	403 GREENS RD	HOUSTON	TX	77060	101	Y	MB1051630	4/22/2019	6/30/2021	10/31/2019	7863	0	15409	0	23272
17408652000	RIVER OAKS COUNTRY CLUB	1600 RIVER OAKS BLVD	HOUSTON	TX	77019	101	1	RIVER OAKS COUNTRY CLUB	1600 RIVER OAKS BLVD	HOUSTON	TX	77019	101	Y	N 100101948	12/1/1993		5/31/2019	102652	181920	10911	0	295483
32067865900	DANNY-LEE ENTERTAINMENT, LLC	1011 CORINTH ST	DALLAS	TX	75215	57	1	BAR 9940	9940 FONDREN RD	HOUSTON	TX	77096	101	Y	MB1036470	11/6/2018	1/14/2020	5/31/2019	0	0	0	0	0
17606803124	LE MISTRAL, LTD.	PO BOX 550791	HOUSTON	TX	77255	101	1	LE MISTRAL LTD	1400 ELDRIDGE PKWY	HOUSTON	TX	77077	101	Y	MB506633	12/17/2001	12/31/2019	4/30/2019	4016	19383	137	0	23536
15624464135	A. TONY'S MEXICAN RESTAURANT & CANTINA, LLC	2222 ELLA BLVD	HOUSTON	TX	77008	101	1	A TONY'S MEXICAN RESTAURANT & CANTINA LLC	2222 ELLA BLVD	HOUSTON	TX	77008	101	Y	MB562051	8/9/2004		6/30/2019	87944	2474	9620	0	100038
32057317813	HOST H8 IAH FB I, LLC	6905 ROCKLEDGE DR	BETHESDA	MD	20817	0	6	HOST H8 IAH FB I LLC (MOCKINGBIRD DISTILLERY & SM)	2800 N TERMINAL RD	HOUSTON	TX	77032	101	Y	MB912935	7/1/2015		6/30/2019	30202	8651	22324	0	61177
32056473310	TACOS EL BIGOTES LLC	8235 MISSION ESTATES DR	HOUSTON	TX	77083	79	1	TACOS EL BIGOTES	8400 S GESSNER RD STE L	HOUSTON	TX	77074	101	Y	MB996978	10/10/2017		6/30/2019	0	0	3527	0	3527
32051822677	VUELVE A LA VIDA MARISCOS, INC.	876 LOOP 337 STE 501	NEW BRAUNFELS	TX	78130	46	1	VIDA MARISCOS	22400 STATE HIGHWAY 249	HOUSTON	TX	77070	101	N	MB858528	12/4/2013		4/30/2019	56463	1717	86686	0	144866
12601774768	4016 TELEPHONE, LLC	4016 TELEPHONE RD	HOUSTON	TX	77087	101	1	THE HAPPY GO LUCKY CLUB	4016 TELEPHONE RD	HOUSTON	TX	77087	101	Y	MB227481	8/1/2007		6/30/2019	2157	5	1071	0	3233
17602974523	COMA BIEN, INC.	12822 WILLOW CENTRE DR STE A	HOUSTON	TX	77066	101	2	TAQUERIA ARANDAS #4	1840 WIRT RD	HOUSTON	TX	77055	101	Y	MB869947	4/21/2014		8/31/2019	2772	0	10409	0	13181
32041397889	V STAR, LLC	8440 GULF FWY	HOUSTON	TX	77017	101	1	V STAR	8440 GULF FWY	HOUSTON	TX	77017	101	Y	MB828643	1/11/2013		10/31/2019	1780	105	3950	0	5835
17522637846	BELLA BEVERAGE CORPORATION	5851 LEGACY CIR STE 400	PLANO	TX	75024	43	1	HILTON HOUSTON PLAZA MEDICAL CENTER GRAB AND GO	6633 TRAVIS ST	HOUSTON	TX	77030	101	Y	MB204978	12/1/1993		6/30/2019	13211	7973	10305	0	31489
17602521324	OVATIONS, INC.	6117 KIRBY DR	HOUSTON	TX	77005	101	1	OVATIONS	2536B TIMES BLVD	HOUSTON	TX	77005	101	Y	MB202740	12/1/1993		2/28/2019	2286	2176	377	0	4839
32064529400	TWO BIRD'S CARWASH DAIQUIRI & GRILL, LLC.	8711 GRASSWREN RD	RICHMOND	TX	77407	79	1	TWO BIRD'S CARWASH DAIQUIRI & GRILL	6613 BOWLING GREEN ST	HOUSTON	TX	77021	101	Y	MB1008720	3/1/2018	9/1/2020	4/30/2019	0	0	0	0	0
32051543133	ROCKET FARM RESTAURANTS, LLC	1175 CHATTAHOOCHEE AVE NW	ATLANTA	GA	30318	0	2	STATE OF GRACE	3256 WESTHEIMER RD	HOUSTON	TX	77098	101	Y	MB877330	8/1/2015		4/30/2019	62143	101062	5237	0	168442
32038555739	VALENCIA ORANGES IV, LLC	4400 POST OAK PKWY STE 1640	HOUSTON	TX	77027	101	3	VALENCIA ORANGES IV, LLC	800 TOWN AND COUNTRY BLVD STE 139	HOUSTON	TX	77024	101	Y	MB790378	11/17/2011	3/20/2020	9/30/2019	3535	1634	2590	0	7759
17604463657	GIANCARLO INTERNATIONAL INCORPORATED	440 LOUISIANA ST STE 1125 ATTN: ANTHONY	HOUSTON	TX	77002	101	1	NIKKIS IRISH PUB	10885 KATY FWY	HOUSTON	TX	77079	101	Y	MB250960	12/8/1994		8/31/2019	32170	238	21454	0	53862
17606210817	I.C.I.T., INC.	15643 SCOLTY REACH LN	HUMBLE	TX	77346	101	1	I.C.I.T., INC.	9115 BLUEBERRY ST	HOUSTON	TX	77049	101	N	MB465452	1/21/2000		6/30/2019	7204	7204	7204	0	21612
32040881685	ACAPW, LLC	2630 WESTHEIMER RD	HOUSTON	TX	77098	101	1	ARMANDOS	2630 WESTHEIMER RD	HOUSTON	TX	77098	101	Y	MB743553	3/9/2010		4/30/2019	100373	24059	7025	0	131457
32060791558	WITH LOVE INC.	2049 WIRT RD	HOUSTON	TX	77055	101	1	MI PUEBLO CATRACHO	2049 WIRT RD	HOUSTON	TX	77055	101	Y	MB913781	8/24/2017		10/31/2019	379	0	3595	0	3974
12623482440	RUCHI'S EL RINCON DE MEXICO #9, INC.	7307 SHANNONDALE DR	SUGAR LAND	TX	77479	79	1	RUCHI'S MEXICAN GRILL	6410 WESTHEIMER RD	HOUSTON	TX	77057	101	Y	MB1071673	11/5/2019		12/31/2019	25583	200	25393	0	51176
32043640120	LUCILLE B. SMITH'S FINE FOODS, LLC	5512 LA BRANCH ST	HOUSTON	TX	77004	101	1	LUCILLE'S	5512 LA BRANCH ST	HOUSTON	TX	77004	101	Y	MB810737	6/15/2012		11/30/2019	5526	7312	2485	0	15323
32064970695	NEPTUNE CONTRACTORS, LLC	9211 HOUSE LAKE DR	MISSOURI CITY	TX	77459	79	1	SWAGGER 2	9880 BUFFALO SPEEDWAY	HOUSTON	TX	77025	101	Y	MB105704524	4/9/2019		5/31/2019	100216	2587	17493	0	120296
17604997019	D'AMICO ENTERPRISES, INC.	5510 MORNINGSIDE DR STE 140	HOUSTON	TX	77005	101	1	D'AMICOS ITALIAN MARKET CAFE	5510 MORNINGSIDE DR STE 140	HOUSTON	TX	77005	101	Y	MB952027	7/21/2016		10/31/2019	7998	27060	3132	0	38190
17600188407	GP DALLAS, INC.	925 HYDE PARK BLVD	HOUSTON	TX	77006	101	1	JR'S BAR & GRILL / HOUSTON	804 PACIFIC ST	HOUSTON	TX	77006	101	Y	MB199517	12/1/1993		10/31/2019	226556	1879	41900	0	270335
17410948149	THE BRIAR CLUB	2603 TIMMONS LN	HOUSTON	TX	77027	101	2	THE BRIAR CLUB	2603 TIMMONS LN	HOUSTON	TX	77027	101	Y	N 154917	9/12/2004		10/31/2019	19050	50968	19165	0	89183
32065189212	7620 KATY FREEWAY, LLC	13939 NORTHWEST FWY	HOUSTON	TX	77040	101	1	7620 KATY FREEWAY	7620 KATY FWY STE 360	HOUSTON	TX	77024	101	Y	MB200066332	7/20/2018		7/31/2019	0	1848	1260	0	3108
32046210855	PUEBLO VIEJO MEXICAN RESTAURANT & TAQUERIA #2 INC	8408 KATY FWY STE 100	HOUSTON	TX	77024	101	1	PUEBLO VIEJO MEXICAN RESTAURANT & TAQUERIA #2 INC	8408 KATY FWY # 100	HOUSTON	TX	77024	101	Y	MB881913	8/20/2014		10/31/2019	0	0	0	0	0
17418188623	BENIHANA OF TEXAS, INC.	21500 BISCAYNE BLVD STE 900	MIAMI	FL	33180	0	4	BENIHANA OF TOKYO	9707 WESTHEIMER RD	HOUSTON	TX	77042	101	Y	MB104526	12/1/1993		8/31/2019	30252	15515	9788	0	55555
32064529400	TWO BIRD'S CARWASH DAIQUIRI & GRILL, LLC.	8711 GRASSWREN RD	RICHMOND	TX	77407	79	1	TWO BIRD'S CARWASH DAIQUIRI & GRILL	6613 BOWLING GREEN ST	HOUSTON	TX	77021	101	Y	MB1008720	3/1/2018	9/1/2020	12/31/2019	0	0	0	0	0
32051021346	BREWSKIS NO. 5, LLC	17938 BANDERA RIDGE LN	CYPRESS	TX	77433	101	1	BREWSKIS PUB & PATIO SPORTS BAR & GRILL-BELTWAY	8050 N SAM HOUSTON PKWY W # 500	HOUSTON	TX	77064	101	N	MB857273	11/15/2013	5/30/2024	9/30/2019	21054	319	16070	0	37443
19105150585	NORDSTROM, INC.	PO BOX 2229 C/O SALES & USE TAX	SEATTLE	WA	98111	0	7	NORDSTROM BAZILLE AND HABITANT	5192 HIDALGO ST	HOUSTON	TX	77056	101	Y	MB796500	4/4/2014		7/31/2019	7269	14008	775	0	22052
17603477344	PELTON'S CATERING, INC.	11530 BURDINE ST STE A	HOUSTON	TX	77035	101	1	WESTBURY COZY CORNER	11530 BURDINE ST STE A	HOUSTON	TX	77035	101	Y	MB226210	11/30/1993		8/31/2019	18607	40	15370	0	34017
32043575151	GLORIA'S MIDTOWN HOUSTON, INC.	16816 DALLAS PKWY	DALLAS	TX	75248	57	1	GLORIA'S RESTAURANT	2616 LOUISIANA ST STE 101	HOUSTON	TX	77006	101	Y	MB793443	12/28/2011		2/28/2019	130410	12846	15306	0	158562
32052043786	DELIGHT HOOKAH LOUNGE CORPORATION	4719 TAHOE CANYON LN	HOUSTON	TX	77084	101	1	DELIGHT HOOKAH LOUNGE	9421 HIGHWAY 6 S	HOUSTON	TX	77083	79	Y	MB1020665	6/27/2018	1/30/2020	5/31/2019	0	0	425	0	425
17604241343	LUNCHES, INC.	3147 W HOLCOMBE BLVD	HOUSTON	TX	77025	101	2	ANTONIO'S MEXICAN GRILLE	3147 W HOLCOMBE BLVD	HOUSTON	TX	77025	101	Y	MB501410	10/8/2001		8/31/2019	2805	432	1078	0	4315
32038825066	LOS RAMIREZ MEXICAN RESTAURANT  OF CLEARLAKE INC.	463 BAY AREA BLVD	HOUSTON	TX	77058	101	1	LOS RAMIREZ MEXICAN RESTAURANT	463 BAY AREA BLVD	HOUSTON	TX	77058	101	Y	MB530332	12/4/2018		8/31/2019	0	0	0	0	0
32071041555	URBAN 360 CLUB LLC	14518 TIMBERLEAF DR	MAGNOLIA	TX	77355	170	1	URBAN 360 CLUB	5900 MEMORIAL DR STE 102	HOUSTON	TX	77007	101	Y	MB1066616	9/17/2019	12/2/2019	9/30/2019	0	0	0	0	0
14605199364	A. POWERS ENTERPRISES, LLC	18307 EGRET BAY BLVD	HOUSTON	TX	77058	101	1	SCOUT BAR	18307 EGRET BAY BLVD	HOUSTON	TX	77058	101	Y	MB557475	5/25/2004		8/31/2019	15000	500	15000	0	30500
32051174087	SIN LOUNGE, INC	8282 BELLAIRE BLVD STE 138	HOUSTON	TX	77036	101	1	PUERTA VIEJA BAR & GRILL	8282 BELLAIRE BLVD STE 138	HOUSTON	TX	77036	101	Y	MB858743	12/5/2013		10/31/2019	1059	0	6221	0	7280
32044519216	LOS REYES MEXICAN FOOD INC	5050 FM 1960 RD W STE 136	HOUSTON	TX	77069	101	1	LOS REYES MEXICAN RESTAURANT	5050 CYPRESS CREEK PKWY STE 136	HOUSTON	TX	77069	101	Y	MB692662	2/15/2012		10/31/2019	8433	608	3375	0	12416
17413856133	TROPICANA, INC.	15615 GLEN CHASE DR	HOUSTON	TX	77095	101	6	COPPERFIELD BOWL	15615 GLEN CHASE DR	HOUSTON	TX	77095	101	Y	MB067702	12/1/1993		6/30/2019	7003	402	13716	0	21121
17410948149	THE BRIAR CLUB	2603 TIMMONS LN	HOUSTON	TX	77027	101	2	THE BRIAR CLUB	2603 TIMMONS LN	HOUSTON	TX	77027	101	Y	N 154917	9/12/2004		4/30/2019	34759	62775	6784	0	104318
17605792468	SAMBUCA HOUSTON, L.P.	222 LAS COLINAS BLVD W STE 2250N	IRVING	TX	75039	57	1	SAMBUCA RESTAURANT	909 TEXAS ST STE F	HOUSTON	TX	77002	101	Y	MB696217	6/21/2008		10/31/2019	87909	41192	23727	0	152828
32062009991	JW F&B, LLC	1240 BLALOCK RD STE 111	HOUSTON	TX	77055	101	1	HONG KONG BAN JUM 0410	9355 LONG POINT RD STE J-1	HOUSTON	TX	77055	101	Y	MB989712	7/28/2017		2/28/2019	0	0	322	0	322
32010676099	MARTIN FLORES	7430 GUINEVERE DR	SUGAR LAND	TX	77479	79	5	LA CASA BLANCA PARTY HALL	1517 GEARS RD	HOUSTON	TX	77067	101	Y	MB956261	8/31/2016	4/30/2024	6/30/2019	1966	0	1680	0	3646
12325735848	ARAMARK SPORTS AND ENTERTAINMENT SERVICES OF TEXAS	PO BOX 7548 ATTN: KIM KEENAN	PHILADELPHIA	PA	19101	0	48	UNIVERSITY OF HOUSTON - BASEBALL FIELD	3875 HOLMAN ST	HOUSTON	TX	77004	101	Y	MB916290	8/4/2015	8/5/2019	8/31/2019	0	0	0	0	0
32063398872	HSV WASHINGTON, LLC	PO BOX 260967	PLANO	TX	75026	43	1	SHELL SHACK	2412 WASHINGTON AVE	HOUSTON	TX	77007	101	Y	MB105628150	3/21/2018	4/20/2020	7/31/2019	16784	1006	6444	0	24234
17603897814	HUNTER'S PUB, INC.	10549 S POST OAK RD	HOUSTON	TX	77035	101	1	HUNTER'S PUB	10549 S POST OAK	HOUSTON	TX	77035	101	Y	MB227919	12/1/1993		10/31/2019	28864	428	28183	0	57475
32050531782	MASONES III, LLC	535 SCROGGINS LN	WALLER	TX	77484	237	1	OLYMPIX SPORTS BAR	11133A HUFFMEISTER RD	HOUSTON	TX	77065	101	N	MB842641	6/6/2013		4/30/2019	37271	310	21627	0	59208
32064529400	TWO BIRD'S CARWASH DAIQUIRI & GRILL, LLC.	8711 GRASSWREN RD	RICHMOND	TX	77407	79	1	TWO BIRD'S CARWASH DAIQUIRI & GRILL	6613 BOWLING GREEN ST	HOUSTON	TX	77021	101	Y	MB1008720	3/1/2018	9/1/2020	8/31/2019	0	0	0	0	0
17519234359	AMERICAN LIBERTY HOSPITALITY, INC.	2901 WILCREST DR STE 120	HOUSTON	TX	77042	101	5	HAMPTON INN BY HILTON HOUSTON DOWNTOWN	710 CRAWFORD ST	HOUSTON	TX	77002	101	Y	MB937629	3/11/2016		8/31/2019	12415	7750	2744	0	22909
32065327820	TEX MEX GRILL & BAR LLC	12620 FM 1960 RD W STE A1	HOUSTON	TX	77065	101	1	TEX MEX GRILL & BAR	17117 FM 529 RD	HOUSTON	TX	77095	101	Y	MB1023749	7/21/2020	7/31/2020	11/30/2019	3988	0	2800	0	6788
32047855278	BJ VOGT INC	9615 SOUTHWEST FWY	HOUSTON	TX	77074	101	1	BJ SPORTS PUB	9615 SOUTHWEST FWY	HOUSTON	TX	77074	101	Y	MB136047	6/1/2012		8/31/2019	5676	151	5407	0	11234
32010676099	MARTIN FLORES	7430 GUINEVERE DR	SUGAR LAND	TX	77479	79	5	LA CASA BLANCA PARTY HALL	1517 GEARS RD	HOUSTON	TX	77067	101	Y	MB956261	8/31/2016	4/30/2024	5/31/2019	1964	0	1758	0	3722
17602156279	EL PALENQUE MEXICAN RESTAURANT AND CANTINA, INC.	1485 SPRING CYPRESS RD	SPRING	TX	77373	101	2	EL PALENQUE MEXICAN RESTAURANT AND CANTINA	21161 TOMBALL PKWY	HOUSTON	TX	77070	101	N	MB208202	12/1/1993		4/30/2019	27205	390	3828	0	31423
32061685668	2323 LOUNGE, LLC	4310 WESTHEIMER RD STE 150	HOUSTON	TX	77027	101	1	2323 LOUNGE	2311 MID LN STE 822	HOUSTON	TX	77027	101	Y	MB979543	4/24/2017		10/31/2019	5132	2933	715	0	8780
17601946035	ORIGINAL, INC.	3131 ARGONNE ST	HOUSTON	TX	77098	101	1	CARRABBA'S	3115 KIRBY DR	HOUSTON	TX	77098	101	Y	MB187663	12/1/1993		6/30/2019	79176	163197	7494	0	249867
32047970895	HONDURAS MAYA CAFE & BAR LLC	8011 HAZEN ST	HOUSTON	TX	77036	101	1	HONDURAS MAYA CAFE & BAR LLC	5945 BELLAIRE BLVD STE B	HOUSTON	TX	77081	101	Y	MB817033	8/16/2012	9/12/2019	2/28/2019	0	0	0	0	0
32057683230	SPRING BRANCH PUB & GRILL, LLC	PO BOX 430030	HOUSTON	TX	77243	101	1	SPRING BRANCH PUB & GRILL	8510 HAMMERLY BLVD	HOUSTON	TX	77055	101	Y	MB926712	11/12/2015	10/28/2019	8/31/2019	13858	408	15936	0	30202
32050567265	NIGHTINGALE ROOM BAR, L.L.C.	1416 WESTHEIMER RD	HOUSTON	TX	77006	101	1	NIGHTINGALE ROOM BAR, L.L.C	308 MAIN ST STE 100	HOUSTON	TX	77002	101	Y	MB887256	10/16/2014	3/24/2020	12/31/2019	0	0	0	0	0
17603260518	C. H. PERMITS, INC.	PO BOX 1892 ATTN: KEVIN YUEN, FACULTY CL	HOUSTON	TX	77251	101	1	COHEN HOUSE FACULTY CLUB	6100 MAIN ST COHEN HOUSE BLDG 12	HOUSTON	TX	77005	101	Y	MB217815	12/1/1993		2/28/2019	0	0	366	18190	18556
32064175881	LEELAND HOUSE, L.L.C.	5746 LARKIN ST	HOUSTON	TX	77007	101	1	LEELAND HOUSE	2119 LEELAND ST	HOUSTON	TX	77003	101	Y	MB996159	10/3/2017		4/30/2019	7353	11877	1747	0	20977
17418974006	MOLINA'S MEXICO CITY RESTAURANTS, INC.	PO BOX 631368	HOUSTON	TX	77263	101	8	MOLINA'S MEXICAN RESTAURANT	7901 WESTHEIMER RD	HOUSTON	TX	77063	101	Y	MB204275	12/1/1995		2/28/2019	59223	3923	8367	0	71513
32051543133	ROCKET FARM RESTAURANTS, LLC	1175 CHATTAHOOCHEE AVE NW	ATLANTA	GA	30318	0	2	STATE OF GRACE	3256 WESTHEIMER RD	HOUSTON	TX	77098	101	Y	MB877330	8/1/2015		7/31/2019	63577	98603	5242	0	167422
32067215684	PALMER'S ICE HOUSE LLC	PO BOX 73523	HOUSTON	TX	77273	101	1	PALMER'S ICE HOUSE	7315 LYONS AVE	HOUSTON	TX	77020	101	Y	MB959117	4/26/2019	1/21/2020	5/31/2019	1110	0	0	0	1110
32059418841	INTERNATIONAL MEXICAN CUISINE, INC.	12822 WILLOW CENTRE DR STE A	HOUSTON	TX	77066	101	1	OSTIONERIA LAS ROCAS	7220 AIRLINE DR STE 3A	HOUSTON	TX	77076	101	Y	MB480201	8/19/2016		2/28/2019	5812	0	26207	0	32019
17607944653	RA HOUSTON CORP.	21500 BISCAYNE BLVD STE 900	MIAMI	FL	33180	0	1	RA SUSHI	3908 WESTHEIMER RD FL 2	HOUSTON	TX	77027	101	Y	MB621201	2/2/2006		2/28/2019	50534	13530	14086	0	78150
32063397452	TEJAS HOSPITALITY, LLC	610 ARLINGTON ST	HOUSTON	TX	77007	101	1	LOW BROW BAR AND GRILL	1601 W MAIN ST	HOUSTON	TX	77006	101	Y	MB991186	8/11/2017	1/22/2021	7/31/2019	22746	10106	2141	0	34993
17602054979	J. CHANG, INC.	4601 WASHINGTON AVE STE 150	HOUSTON	TX	77007	101	5	MIYAKO II	4601 WASHINGTON AVE	HOUSTON	TX	77007	101	Y	MB189075	7/1/2015		4/30/2019	12597	11378	7488	0	31463
32051085341	HORSERADISH MAYONNAISE, L.L.C.	6412 N MAIN ST STE C	HOUSTON	TX	77009	101	1	LEI LOW	6412 N MAIN ST STE C	HOUSTON	TX	77009	101	Y	MB850404	8/30/2013		4/30/2019	81134	242	1640	0	83016
32055298213	EL TIEMPO RICHMOND, LLC	602 SAWYER ST STE 110	HOUSTON	TX	77007	101	1	EL TIEMPO CANTINA	3130 RICHMOND AVE	HOUSTON	TX	77098	101	Y	MB918842	8/28/2015		8/31/2019	164246	6572	17249	0	188067
32052043786	DELIGHT HOOKAH LOUNGE CORPORATION	4719 TAHOE CANYON LN	HOUSTON	TX	77084	101	1	DELIGHT HOOKAH LOUNGE	9421 HIGHWAY 6 S	HOUSTON	TX	77083	79	Y	MB1020665	6/27/2018	1/30/2020	4/30/2019	0	0	419	0	419
32057976808	FINE FOODS WESTHEIMER, LLC	3311 MERCER ST	HOUSTON	TX	77027	101	1	RELISH RESTAURANT & BAR	2810 WESTHEIMER RD	HOUSTON	TX	77098	101	Y	MB933991	2/4/2016		6/30/2019	19791	28531	1722	0	50044
32010676099	MARTIN FLORES	7430 GUINEVERE DR	SUGAR LAND	TX	77479	79	5	LA CASA BLANCA PARTY HALL	1517 GEARS RD	HOUSTON	TX	77067	101	Y	MB956261	8/31/2016	4/30/2024	10/31/2019	6964	0	3445	0	10409
32064529400	TWO BIRD'S CARWASH DAIQUIRI & GRILL, LLC.	8711 GRASSWREN RD	RICHMOND	TX	77407	79	1	TWO BIRD'S CARWASH DAIQUIRI & GRILL	6613 BOWLING GREEN ST	HOUSTON	TX	77021	101	Y	MB1008720	3/1/2018	9/1/2020	2/28/2019	0	0	0	0	0
32039782118	LA HACIENDA PA, L.L.C.	14759 MEMORIAL DR	HOUSTON	TX	77079	101	2	LA HACIENDA ESCONDIDA FAMILY MEXICAN RESTAURANT	1431 W 26TH ST	HOUSTON	TX	77008	101	Y	MB416086	1/29/2013		4/30/2019	18903	506	3344	0	22753
32014760808	THE ORIGINAL PYRAMID, INC.	16714 ALIANA LAKES CT	RICHMOND	TX	77407	79	2	THE ORIGINAL RED ROOSTER	13334 ALMEDA RD	HOUSTON	TX	77045	101	Y	MB528117	5/10/2016	6/1/2022	5/31/2019	46217	1830	9115	0	57162
32055101391	BUFFALO BAYOU DISTILLERIES, LLC	5610 CLINTON DR	HOUSTON	TX	77020	101	1	GULF COAST DISTILLERS	5610 CLINTON DR	HOUSTON	TX	77020	101	Y	D 901283	3/17/2015		4/30/2019	0	0	0	0	0
32058505416	S KARAOKE, INC.	9504 LONG POINT RD STE J	HOUSTON	TX	77055	101	1	S KARAOKE	9504 LONG POINT RD STE J	HOUSTON	TX	77055	101	Y	MB945400	5/26/2016	11/30/2022	3/31/2019	2260	10	780	0	3050
17602231858	15135, INC.	5913 WESTHEIMER RD	HOUSTON	TX	77057	101	2	SLICK WILLIES FAMILY POOL HALL	15135 NORTH FWY STE 900	HOUSTON	TX	77090	101	Y	MB535176	5/21/2003		2/28/2019	30542	200	16101	0	46843
32048633237	GSM WINGS V, LLC	12660 S KIRKWOOD RD	STAFFORD	TX	77477	79	11	BREWINGZ SPROTS BAR & GRILL	1126 SILBER RD	HOUSTON	TX	77055	101	Y	MB918905	8/31/2015		2/28/2019	7769	341	15818	0	23928
17410344000	PINE FOREST COUNTRY CLUB	18003 CLAY RD	HOUSTON	TX	77084	101	2	PINE FOREST COUNTRY CLUB	18003 CLAY RD	HOUSTON	TX	77084	101	N	MB702167	8/30/2008		4/30/2019	21619	11347	8157	0	41123
32055103934	DDD999, LLC	6968 WILCREST DR STE A	HOUSTON	TX	77072	101	1	VIBE LOUNGE KTV & RESTAURANT	6968 WILCREST DR STE A	HOUSTON	TX	77072	101	Y	MB957596	9/13/2016	5/30/2019	4/30/2019	0	0	0	0	0
32039782118	LA HACIENDA PA, L.L.C.	14759 MEMORIAL DR	HOUSTON	TX	77079	101	2	LA HACIENDA ESCONDIDA FAMILY MEXICAN RESTAURANT	1431 W 26TH ST	HOUSTON	TX	77008	101	Y	MB416086	1/29/2013		2/28/2019	18417	666	3667	0	22750
17606857666	DONERAKI GULFGATE, INC.	300 GULFGATE MALL	HOUSTON	TX	77087	101	1	DONERAKI RESTAURANTE MEXICANO	300 GULFGATE MALL	HOUSTON	TX	77087	101	Y	MB535172	5/14/2003		8/31/2019	60069	459	31900	0	92428
32068274490	SANMIGUELBEVERAGES, LLC	17030 GLENEVISS DR	HOUSTON	TX	77084	101	1	DAHLIA	2901 FANNIN ST	HOUSTON	TX	77002	101	Y	MB1056866	6/11/2019	11/24/2020	9/30/2019	0	0	0	0	0
17427780618	BRISTOL-SHANDY GROUP, L.L.C.	230 STARBOARD AVE	ROCKPORT	TX	78382	4	2	WILD WEST - HOUSTON	6101 RICHMOND AVE	HOUSTON	TX	77057	101	Y	MB408838	3/9/1998	7/1/2021	3/31/2019	85042	1388	51853	0	138283
32066322630	LIN & CHEN 138 LLC	17278 STATE HIGHWAY 249	HOUSTON	TX	77064	101	1	JUICY CRAB	17278 STATE HIGHWAY 249	HOUSTON	TX	77064	101	Y	MB106105959	2/20/2019		5/31/2019	0	0	0	0	0
32052043786	DELIGHT HOOKAH LOUNGE CORPORATION	4719 TAHOE CANYON LN	HOUSTON	TX	77084	101	1	DELIGHT HOOKAH LOUNGE	9421 HIGHWAY 6 S	HOUSTON	TX	77083	79	Y	MB1020665	6/27/2018	1/30/2020	11/30/2019	0	0	350	0	350
17606284846	MANDOLA BROS. L.L.C.	4302 RICHMOND AVE	HOUSTON	TX	77027	101	1	RAGIN CAJUN	80 WOODLAKE SQ	HOUSTON	TX	77063	101	Y	MB472201	5/23/2000	2/1/2022	12/31/2019	10855	3043	7013	0	20911
32055658705	WE RUN HOU, LLC	1703 SILVER ST	HOUSTON	TX	77007	101	1	ENGINE ROOM	1515 PEASE ST STE 101	HOUSTON	TX	77002	101	Y	MB901299	3/17/2015	3/16/2021	1/31/2019	60431	155	1162	0	61748
17604846489	FIRST CLASS EVENTS, INCORPORATED	3408 DELANO ST	HOUSTON	TX	77004	101	2	THE WUNDERBAR	2305 ALABAMA ST	HOUSTON	TX	77004	101	Y	MB750740	6/21/2010	5/1/2022	12/31/2019	0	0	0	0	0
32058075816	EDDIE V'S HOLDINGS, LLC	PO BOX 695011	ORLANDO	FL	32869	0	5	EDDIE V'S PRIME SEAFOOD	12848 QUEENSBURY LN STE 200	HOUSTON	TX	77024	101	Y	MB796621	2/1/2016		2/28/2019	64898	91676	4459	0	161033
32061597749	TIMES INFINITY, LLC	37 SCOTSMOOR CT	SUGAR LAND	TX	77479	79	1	STRAYLIGHT	3229 NAVIGATION BLVD STE A	HOUSTON	TX	77003	101	Y	MB989040	7/21/2017	7/20/2021	8/31/2019	0	0	0	0	0
17604854111	SALTGRASS, INC.	1510 WEST LOOP S ATTN: TAX DEPT	HOUSTON	TX	77027	101	7	SALTGRASS STEAKHOUSE #15	17275 TOMBALL PKWY	HOUSTON	TX	77064	101	Y	MB529261	2/10/2003		8/31/2019	37724	14432	12838	0	64994
17603046826	MCGONIGEL'S MUCKY DUCK, INC.	2425 NORFOLK ST	HOUSTON	TX	77098	101	1	MCGONIGEL'S MUCKY DUCK	2425 NORFOLK ST	HOUSTON	TX	77098	101	Y	MB969373	1/18/2017		4/30/2019	15852	10972	19018	0	45842
17606284846	MANDOLA BROS. L.L.C.	4302 RICHMOND AVE	HOUSTON	TX	77027	101	1	RAGIN CAJUN	80 WOODLAKE SQ	HOUSTON	TX	77063	101	Y	MB472201	5/23/2000	2/1/2022	3/31/2019	18089	5190	20520	0	43799
17606595761	MHI HOUSTON BEVERAGES, L.L.C.	6404 IVY LN STE 800	GREENBELT	MD	20770	0	1	PART & PARCEL/EDGAR'S HERMANO	1700 SMITH ST	HOUSTON	TX	77002	101	Y	MB489873	3/28/2001	3/26/2020	8/31/2019	26022	12204	17852	232	56310
17526981786	LONE STAR FONDUE CONCEPTS, INC.	1404 WOODMONT BLVD	NASHVILLE	TN	37215	0	1	THE MELTING POT RESTAURANT	6100 WESTHEIMER RD STE 146	HOUSTON	TX	77057	101	Y	MB417651	9/26/1997		9/30/2019	15191	9918	1480	0	26589
32061597749	TIMES INFINITY, LLC	37 SCOTSMOOR CT	SUGAR LAND	TX	77479	79	1	STRAYLIGHT	3229 NAVIGATION BLVD STE A	HOUSTON	TX	77003	101	Y	MB989040	7/21/2017	7/20/2021	7/31/2019	0	0	0	0	0
12629101804	HORNET OPERATING LLC	500 N SAM HOUSTON PKWY E	HOUSTON	TX	77060	101	1	HORNET OPERATING LLC	500 N SAM HOUSTON PKWY E	HOUSTON	TX	77060	101	Y	MB706185	10/20/2008	2/21/2019	2/28/2019	2868	1295	2249	0	6412
17519330587	CHILI'S BEVERAGE COMPANY, INC.	3000 OLYMPUS BLVD C/O TAX DEPARTMENT	COPPELL	TX	75019	57	18	CHILI'S GRILL & BAR	7621 CYPRESS CREEK PKWY	HOUSTON	TX	77070	101	Y	MB238268	12/1/1993		6/30/2019	23483	589	5956	0	30028
32052222893	CASS #2 CAJUN RESTAURANTS LLC	12008 EAST FWY	HOUSTON	TX	77029	101	1	BLUE BAYOU CAFE	12008 EAST FWY	HOUSTON	TX	77029	101	Y	MB867748	3/27/2014		2/28/2019	18741	469	23742	0	42952
12622489750	PERICOS OF TEXAS RESTAURANTS, INC.	2701 MANGUM RD	HOUSTON	TX	77092	101	1	PERICOS MEXICAN CAFE AND BAR	2701 MANGUM RD	HOUSTON	TX	77092	101	Y	MB695956	6/18/2008		6/30/2019	3492	0	6300	0	9792
32063084811	WLC GROUP LLC	3206 PATRICIA LN	PEARLAND	TX	77581	20	1	HIGH & DRY	306 MAIN ST STE 200	HOUSTON	TX	77002	101	Y	MB989611	7/27/2017	7/1/2023	10/31/2019	52429	1569	5838	0	59836
32055622909	HG HOTEL BEVERAGE LLC	10306 EATON PL STE 430	FAIRFAX	VA	22030	0	1	HG HOTEL BEVERAGE LLC	5353 WESTHEIMER RD	HOUSTON	TX	77056	101	Y	MB902110	3/23/2015		5/31/2019	27412	7572	12481	0	47465
17606803124	LE MISTRAL, LTD.	PO BOX 550791	HOUSTON	TX	77255	101	1	LE MISTRAL LTD	1400 ELDRIDGE PKWY	HOUSTON	TX	77077	101	Y	MB506633	12/17/2001	12/31/2019	12/31/2019	0	7500	0	0	7500
32051485020	300 MAIN ST, LLC	1533 W ALABAMA ST STE 100	HOUSTON	TX	77006	101	1	BOOMTOWN COFFEE MAIN ST CAFE & BAR	300 MAIN ST	HOUSTON	TX	77002	101	Y	MB853398	10/3/2013	7/24/2020	2/28/2019	6515	469	755	0	7739
32053989078	TW RESTAURANT HOLDER, LLC	1815 THE EXCHANGE SE	ATLANTA	GA	30339	0	27	HOOTERS	17599 STATE HIGHWAY 249	HOUSTON	TX	77064	101	Y	MB721866	11/1/2014		2/28/2019	9192	180	23801	0	33173
32047070712	THE QUILLE GROUP LLC	3601 HASTINGS ST	HOUSTON	TX	77017	101	1	BASE	801 CONGRESS ST	HOUSTON	TX	77002	101	Y	MB1043008	1/22/2019	1/21/2021	5/31/2019	0	0	0	0	0
32059009046	EL CABALLO BLANCO RESTAURANT, LLC	6028 S GESSNER RD	HOUSTON	TX	77036	101	1	EL CABALLO BLANCO RESTAURANT	6028 S GESSNER RD	HOUSTON	TX	77036	101	Y	MB990322	8/4/2017		7/31/2019	3783	334	16619	0	20736
32066322630	LIN & CHEN 138 LLC	17278 STATE HIGHWAY 249	HOUSTON	TX	77064	101	1	JUICY CRAB	17278 STATE HIGHWAY 249	HOUSTON	TX	77064	101	Y	MB106105959	2/20/2019		4/30/2019	0	0	0	0	0
32018393465	MARIA SANTOS CHAVEZ	3240 FONDREN RD	HOUSTON	TX	77063	101	1	MILA'S TAQUERIA MEXICO	3240 FONDREN RD	HOUSTON	TX	77063	101	Y	MB620023	2/14/2006		8/31/2019	674	0	786	0	1460
32049195699	ALLEN & LULU LLC	16103 W LITTLE YORK RD STE A	HOUSTON	TX	77084	101	1	BLACKJACKS BAR & GRILL	16103 W LITTLE YORK RD STE A	HOUSTON	TX	77084	101	N	MB831629	2/13/2013		2/28/2019	16519	259	13813	0	30591
17522637846	BELLA BEVERAGE CORPORATION	5851 LEGACY CIR STE 400	PLANO	TX	75024	43	1	HILTON HOUSTON PLAZA MEDICAL CENTER GRAB AND GO	6633 TRAVIS ST	HOUSTON	TX	77030	101	Y	MB204978	12/1/1993		3/31/2019	11758	9301	10156	0	31215
10303980147	TAQUERIA ARANDAS NO. 23, INC.	231 CYPRESS CREEK PKWY	HOUSTON	TX	77090	101	2	TAQUERIA ARANDAS #23	231 FM 1960 RD W	HOUSTON	TX	77090	101	Y	MB645499	11/21/2006		2/28/2019	40634	144	37593	0	78371
32064970695	NEPTUNE CONTRACTORS, LLC	9211 HOUSE LAKE DR	MISSOURI CITY	TX	77459	79	1	SWAGGER 2	9880 BUFFALO SPEEDWAY	HOUSTON	TX	77025	101	Y	MB105704524	4/9/2019		6/30/2019	68521	2796	13124	0	84441
17606284846	MANDOLA BROS. L.L.C.	4302 RICHMOND AVE	HOUSTON	TX	77027	101	1	RAGIN CAJUN	80 WOODLAKE SQ	HOUSTON	TX	77063	101	Y	MB472201	5/23/2000	2/1/2022	10/31/2019	8546	2368	8278	0	19192
32063754678	BAR SPORTS, LLC	14440 HEMPSTEAD RD	HOUSTON	TX	77040	101	1	BAR SPORTS 1	14440 HEMPSTEAD RD	HOUSTON	TX	77040	101	Y	MB989721	7/28/2017		2/28/2019	5631	54	3823	0	9508
32033248629	SUCCESS FOODS MANAGEMENT GROUP, LLC	4501 SPRINGDALE RD ATTN: DANNY RUSSO	AUSTIN	TX	78723	227	43	TORCHY'S TACOS	10123 LOUETTA RD STE 1300	HOUSTON	TX	77070	101	Y	MB881689	6/1/2015		10/31/2019	21316	2790	7251	0	31357
32054336535	GOLDEN RED CHILI INC	1616 MAIN ST	HOUSTON	TX	77002	101	1	GOLDEN RED CHILI INC	1616 MAIN ST	HOUSTON	TX	77002	101	Y	MB915754	7/30/2015		8/31/2019	7575	1244	8036	0	16855
32047970895	HONDURAS MAYA CAFE & BAR LLC	8011 HAZEN ST	HOUSTON	TX	77036	101	1	HONDURAS MAYA CAFE & BAR LLC	5945 BELLAIRE BLVD STE B	HOUSTON	TX	77081	101	Y	MB817033	8/16/2012	9/12/2019	1/31/2019	0	0	0	0	0
16114565662	5913, INC.	5913 WESTHEIMER RD	HOUSTON	TX	77057	101	1	SLICK WILLES'S FAMILY POOL HALL	5913 WESTHEIMER RD	HOUSTON	TX	77057	101	Y	MB551279	2/9/2004		6/30/2019	47947	555	28676	0	77178
32030945532	HSIANG E ENTERPRISE, LLC	6315 HIGHWAY 36 S	ROSENBERG	TX	77471	79	1	SASAKI JAPANESE RESTAURANT	8979 WESTHEIMER RD	HOUSTON	TX	77063	101	Y	MB687159	3/18/2008	7/20/2022	5/31/2019	1587	1450	1727	0	4764
32067865900	DANNY-LEE ENTERTAINMENT, LLC	1011 CORINTH ST	DALLAS	TX	75215	57	1	BAR 9940	9940 FONDREN RD	HOUSTON	TX	77096	101	Y	MB1036470	11/6/2018	1/14/2020	11/30/2019	0	0	0	0	0
32057683230	SPRING BRANCH PUB & GRILL, LLC	PO BOX 430030	HOUSTON	TX	77243	101	1	SPRING BRANCH PUB & GRILL	8510 HAMMERLY BLVD	HOUSTON	TX	77055	101	Y	MB926712	11/12/2015	10/28/2019	7/31/2019	11941	135	13197	0	25273
17600291466	KAREN & KAREN, INC.	4925 W ALABAMA ST	HOUSTON	TX	77056	101	2	PIATTO RISTORANTE	4925 W ALABAMA ST	HOUSTON	TX	77056	101	Y	MB488993	3/16/2001		2/28/2019	9138	18042	823	0	28003
17427780618	BRISTOL-SHANDY GROUP, L.L.C.	230 STARBOARD AVE	ROCKPORT	TX	78382	4	2	WILD WEST - HOUSTON	6101 RICHMOND AVE	HOUSTON	TX	77057	101	Y	MB408838	3/9/1998	7/1/2021	2/28/2019	69045	2273	48232	0	119550
32014263506	HOUSTON EVENT PLANNING, INC.	6968 HOWELL SUGAR LAND RD	HOUSTON	TX	77083	101	2	HOUSTON EVENT PLANNING, INC.	6968 HOWELL SUGAR LAND RD	HOUSTON	TX	77083	101	Y	MB681093	1/16/2008		2/28/2019	0	0	0	0	0
32061188622	FASTRAK EXPRESS 3, LLC.	403 GREENS RD	HOUSTON	TX	77060	101	4	FASTRAK MICHELADAS BOTANAS Y PISTO	403 GREENS RD	HOUSTON	TX	77060	101	Y	MB1051630	4/22/2019	6/30/2021	7/31/2019	8229	0	22173	0	30402
17606610388	INVESCO GROUP, INC.	6115 HILLCROFT ST	HOUSTON	TX	77081	101	3	BABILONIA	6115 HILLCROFT ST	HOUSTON	TX	77081	101	Y	MB540044	6/15/2004	3/4/2019	1/31/2019	0	0	0	0	13241
13001539660	STELLAR ELEMENT, INC.	3403 MILAM ST	HOUSTON	TX	77002	101	1	MAI'S RESTAURANT	3403 MILAM ST	HOUSTON	TX	77002	101	Y	MB747748	5/6/2010		8/31/2019	8939	4343	4789	0	18071
17606560146	VELMART, INC.	9425 RICHMOND AVE	HOUSTON	TX	77063	101	1	MI PUEBLITO RESTAURANT	9425 RICHMOND AVE	HOUSTON	TX	77063	101	Y	MB625667	4/21/2006		4/30/2019	7046	1041	4840	0	12927
32038555739	VALENCIA ORANGES IV, LLC	4400 POST OAK PKWY STE 1640	HOUSTON	TX	77027	101	3	VALENCIA ORANGES IV, LLC	800 TOWN AND COUNTRY BLVD STE 139	HOUSTON	TX	77024	101	Y	MB790378	11/17/2011	3/20/2020	10/31/2019	15209	2267	2537	0	20013
32067215684	PALMER'S ICE HOUSE LLC	PO BOX 73523	HOUSTON	TX	77273	101	1	PALMER'S ICE HOUSE	7315 LYONS AVE	HOUSTON	TX	77020	101	Y	MB959117	4/26/2019	1/21/2020	7/31/2019	0	0	0	0	0
17601930666	PAPPAS RESTAURANTS, INC.	13939 NORTHWEST FWY	HOUSTON	TX	77040	101	3	PAPPASITO'S CANTINA	7050 FM 1960 W	HOUSTON	TX	77069	101	N	MB241000	12/1/1993		8/31/2019	93769	3591	17901	0	115261
12026124961	3 SALSAS MEXICAN RESTAURANT & CANTINA, INC.	4325 HIGHWAY 6 N # 27	HOUSTON	TX	77084	101	1	3 SALSAS MEXICAN RESTURANT & CANTINA	4325 HIGHWAY 6 N # 27	HOUSTON	TX	77084	101	Y	MB603865	9/1/2005		10/31/2019	9868	18	2084	0	11970
17602505673	WILLIE G'S POST OAK, LLC	1510 WEST LOOP S ATTNLICENSING DEPT	HOUSTON	TX	77027	101	4	BRENNER'S STEAKHOUSE	10911 KATY FWY	HOUSTON	TX	77079	101	Y	MB528972	1/10/2003		3/31/2019	32628	78914	2943	0	114485
15814983126	RARE HOSPITALITY INTERNATIONAL, INC.	PO BOX 695016	ORLANDO	FL	32869	0	21	LONGHORN STEAKHOUSE #5481	20636 KATY FREEWAY	HOUSTON	TX	77449	101	Y	MB836165	4/2/2013		2/28/2019	13937	6062	7600	0	27599
32067934474	AMALA ZONE LLC	14815 WESTHEIMER RD	HOUSTON	TX	77082	101	2	AMALAZONE GRILL BAR	14815 WESTHEIMER RD	HOUSTON	TX	77082	101	Y	MB1059072	6/27/2019	6/27/2023	7/31/2019	0	0	0	0	0
32049942165	MEMORIAL BEVERAGE, LLC	110 VENICE ST	SUGAR LAND	TX	77478	79	1	TWIN PEAKS	11335 KATY FWY	HOUSTON	TX	77079	101	Y	MB854255	10/11/2013		6/30/2019	75953	2327	147248	0	225528
17602729208	LANDRY'S SEAFOOD INN & OYSTER BAR - SUGAR CREEK, L	1510 WEST LOOP S	HOUSTON	TX	77027	101	3	CADILLAC BAR	1802 SHEPHERD DR	HOUSTON	TX	77007	101	Y	MB426942	2/20/1998		11/30/2019	60092	8450	16068	0	84610
32067080617	SWIFT EVENTS LLC	6363 WOODWAY DR STE 600	HOUSTON	TX	77057	101	2	SWIFT EVENTS LLC	2137 W ALABAMA ST	HOUSTON	TX	77098	101	Y	MB226473	10/2/2018		10/31/2019	16466	18624	3208	0	38298
32055103934	DDD999, LLC	6968 WILCREST DR STE A	HOUSTON	TX	77072	101	1	VIBE LOUNGE KTV & RESTAURANT	6968 WILCREST DR STE A	HOUSTON	TX	77072	101	Y	MB957596	9/13/2016	5/30/2019	3/31/2019	0	0	0	0	0
32039323855	WEIRWOLF, INC.	441 RIVERWOOD DR	HUNTSVILLE	TX	77320	204	1	WOLFIE'S RESTAURANT AND SPORTS BAR #4	22522 STATE HIGHWAY 249	HOUSTON	TX	77070	101	N	MB736415	11/10/2009		10/31/2019	44653	990	44468	0	90111
32064970695	NEPTUNE CONTRACTORS, LLC	9211 HOUSE LAKE DR	MISSOURI CITY	TX	77459	79	1	SWAGGER 2	9880 BUFFALO SPEEDWAY	HOUSTON	TX	77025	101	Y	MB105704524	4/9/2019		7/31/2019	85203	2448	13423	0	101074
17604141030	THE TRAVELING BROWN BAG LUNCH COMPANY LIMITED	3939 SAN FELIPE ST	HOUSTON	TX	77027	101	1	OUISIE'S TABLE	3939 SAN FELIPE ST	HOUSTON	TX	77027	101	Y	MB225422	3/1/2018		2/28/2019	13800	74585	1530	0	89915
17606303448	CONTINENTAL MAIN, LTD.	3700 MAIN ST	HOUSTON	TX	77002	101	1	THE CONTINENTAL CLUB	3700 MAIN ST	HOUSTON	TX	77002	101	Y	MB470565	4/17/2000		8/31/2019	28166	1252	19744	0	49162
32069879081	SOHO CHICKEN, LLC	9393 BELLAIRE BLVD STE A3	HOUSTON	TX	77036	101	1	SOHO CHICKEN	9393 BELLAIRE BLVD STE A3	HOUSTON	TX	77036	101	Y	MB200121165	5/28/2024		11/30/2019	595	0	1156	1868	3619
32051902776	HOUSTON STAMPEDE, LLC	PO BOX 111187	HOUSTON	TX	77293	101	1	STAMPEDE	11925 EASTEX FWY	HOUSTON	TX	77039	101	N	MB855031	10/21/2013		6/30/2019	90358	593	51675	0	142626
17521332019	OLIVE GARDEN OF TEXAS, LLC	PO BOX 695011	ORLANDO	FL	32869	0	95	OLIVE GARDEN OF TEXAS #1850	15525 WALLISVILLE RD	HOUSTON	TX	77049	101	Y	MB781309	8/2/2011		10/31/2019	6187	6072	2215	0	14474
32069462276	CREED RESTAURANT AND BAR LLC	12419 BRIAR FOREST DR	HOUSTON	TX	77077	101	1	CREED RESTAURANT AND BAR	12126 WESTHEIMER RD STE 98	HOUSTON	TX	77077	101	Y	MB1051738	4/22/2019	3/19/2020	6/30/2019	1631	8507	1513	0	11651
12029842627	LOS CUCOS MEXICAN CAFE XVII, INC	876 LOOP 337 STE 501	NEW BRAUNFELS	TX	78130	46	1	LA MARISQUERA OSTIONERIA IV	5851 WESTHEIMER RD STE A	HOUSTON	TX	77057	101	Y	MB615712	12/12/2005		10/31/2019	24198	931	20503	0	45632
17522637846	BELLA BEVERAGE CORPORATION	5851 LEGACY CIR STE 400	PLANO	TX	75024	43	1	HILTON HOUSTON PLAZA MEDICAL CENTER GRAB AND GO	6633 TRAVIS ST	HOUSTON	TX	77030	101	Y	MB204978	12/1/1993		10/31/2019	16313	8013	9877	0	34203
32054484723	SOUTHEAST RESTAURANT GROUP-MAIN, LLC	1201 CANAL ST STE C2	NEW ORLEANS	LA	70112	0	3	TGIFRIDAY'S	7728 CYPRESS CREEK PKWY	HOUSTON	TX	77070	101	Y	MB885736	9/30/2014	9/12/2019	3/31/2019	30269	2051	4465	0	36785
32044723289	ADJEVA LLC	1623 CRESCENT OAK DR	MISSOURI CITY	TX	77459	79	1	ANOTHER BROKEN EGG CAFE	118 VINTAGE PARK BLVD STE A	HOUSTON	TX	77070	101	Y	MB858296	11/26/2013		2/28/2019	969	11316	0	0	12285
32050227852	GRANT STREET BEVERAGE, LLC	15722 WALKWOOD DR	HOUSTON	TX	77079	101	1	HAMBURGER MARY'S/MARY'S ALIBI	2409 GRANT ST STE A	HOUSTON	TX	77006	101	Y	MB841047	5/20/2013	10/3/2019	10/31/2019	0	0	0	0	0
32057317813	HOST H8 IAH FB I, LLC	6905 ROCKLEDGE DR	BETHESDA	MD	20817	0	15	HOST H8 IAH FB I, LLC (UMAIZUSHI)	3500 N TERMINAL RD SPC TCSF4	HOUSTON	TX	77032	101	Y	MB931377	1/8/2016		4/30/2019	0	0	0	0	0
32053989078	TW RESTAURANT HOLDER, LLC	1815 THE EXCHANGE SE	ATLANTA	GA	30339	0	27	HOOTERS	17599 STATE HIGHWAY 249	HOUSTON	TX	77064	101	Y	MB721866	11/1/2014		6/30/2019	8746	330	24864	0	33940
17605167117	P.F.C.C.B. TEXAS, INC.	7676 E PINNACLE PEAK RD	SCOTTSDALE	AZ	85255	0	15	PF CHANG'S CHINA BISTRO	18250 STATE HIGHWAY 249	HOUSTON	TX	77070	101	Y	MB629422	5/31/2006		2/28/2019	30761	22203	8621	0	61585
32057413588	WILLIE'S GRILL & ICEHOUSE LLC	10627 TOWER OAKS BLVD	HOUSTON	TX	77070	101	5	WILLIE'S GRILL & ICEHOUSE	19770 STATE HIGHWAY 249	HOUSTON	TX	77070	101	Y	MB931324	1/8/2016		8/31/2019	18060	2211	13698	0	33969
32066508477	GLA VICTORY INC.	12418 NEWBROOK DR	HOUSTON	TX	77072	101	1	LOS ARCOS MARISCOS	11131 ALDINE WESTFIELD RD # A	HOUSTON	TX	77093	101	N	MB657790	9/18/2018		10/31/2019	786	0	3474	0	4260
32051485020	300 MAIN ST, LLC	1533 W ALABAMA ST STE 100	HOUSTON	TX	77006	101	1	BOOMTOWN COFFEE MAIN ST CAFE & BAR	300 MAIN ST	HOUSTON	TX	77002	101	Y	MB853398	10/3/2013	7/24/2020	8/31/2019	6713	1548	928	0	9189
12049369999	KIRBY LANE VENTURE, LP	5509 VALERIE ST	HOUSTON	TX	77081	101	1	KIRBY LANE VENTURE, LP	3601 KIRBY DR	HOUSTON	TX	77098	101	Y	MB639519	8/18/2006		8/31/2019	119878	13229	10491	0	143598
32052043786	DELIGHT HOOKAH LOUNGE CORPORATION	4719 TAHOE CANYON LN	HOUSTON	TX	77084	101	1	DELIGHT HOOKAH LOUNGE	9421 HIGHWAY 6 S	HOUSTON	TX	77083	79	Y	MB1020665	6/27/2018	1/30/2020	12/31/2019	0	0	102	0	102
14709506506	TAQUERIA ARANDAS NO. 3 INC.	920 N SHEPHERD DR	HOUSTON	TX	77008	101	1	TAQUERIA ARANDAS #3	920 N SHEPHERD DR	HOUSTON	TX	77008	101	Y	MB806624	5/10/2012		10/31/2019	8129	0	6670	0	14799
17421865423	RENEGADES, LP	4726 RICHMOND AVE	HOUSTON	TX	77027	101	1	LULING CITY MARKET BAR-B-QUE RESTAURANT & BAR	4726 RICHMOND AVE	HOUSTON	TX	77027	101	Y	MB134940	12/1/1993		2/28/2019	5996	815	3628	0	10439
12049269280	ORIGINAL NINFA'S, L.P.	1050 N POST OAK RD STE 200	HOUSTON	TX	77055	101	1	NINFA'S ON NAVIGATION	2704 NAVIGATION BLVD	HOUSTON	TX	77003	101	Y	MB639140	9/13/2006		2/28/2019	151406	7243	20589	0	179238
32008018932	VICENTE SALDANA	8801 AIRLINE DR	HOUSTON	TX	77037	101	1	TIA PANCHA/LAS CUMBRES	8801 AIRLINE DR	HOUSTON	TX	77037	101	N	MB769545	3/8/2011		8/31/2019	1699	0	6755	0	8454
32054441475	CARMIKE CONCESSIONS II, LLC	11500 ASH ST	LEAWOOD	KS	66211	0	2	AMC YORKTOWN 15	15900 YORKTOWN CROSSING PKWY	HOUSTON	TX	77084	101	Y	MB1000558	11/21/2017	1/21/2020	1/31/2019	818	164	496	0	1478
17602156279	EL PALENQUE MEXICAN RESTAURANT AND CANTINA, INC.	1485 SPRING CYPRESS RD	SPRING	TX	77373	101	2	EL PALENQUE MEXICAN RESTAURANT AND CANTINA	21161 TOMBALL PKWY	HOUSTON	TX	77070	101	N	MB208202	12/1/1993		8/31/2019	37935	534	5865	0	44334
32068959777	RBHJ ENTERTAINMENT LLC	9930 NORTH FWY STE B	HOUSTON	TX	77037	101	1	HOUSTON DOLLS CABARET	313 RANKIN RD STE H	HOUSTON	TX	77073	101	N	MB106132838	4/4/2019		5/31/2019	12287	104	942	1250	14583
32044633421	TEPATITLAN MEXICAN KITCHEN INC	10337 EAST FWY	HOUSTON	TX	77029	101	1	TEPATITLAN MEXICAN KITCHEN INC	10337 EASTEX FWY	HOUSTON	TX	77093	101	Y	MB785546	11/15/2011		4/30/2019	5102	0	7529	0	12631
17521332019	OLIVE GARDEN OF TEXAS, LLC	PO BOX 695011	ORLANDO	FL	32869	0	105	OLIVE GARDEN OF TEXAS #4483	2929 SOUTHWEST FWY	HOUSTON	TX	77098	101	Y	MB901052	3/16/2015		10/31/2019	6772	8360	1691	0	16823
32059418841	INTERNATIONAL MEXICAN CUISINE, INC.	12822 WILLOW CENTRE DR STE A	HOUSTON	TX	77066	101	1	OSTIONERIA LAS ROCAS	7220 AIRLINE DR STE 3A	HOUSTON	TX	77076	101	Y	MB480201	8/19/2016		10/31/2019	6138	12	23560	0	29710
32041397889	V STAR, LLC	8440 GULF FWY	HOUSTON	TX	77017	101	1	V STAR	8440 GULF FWY	HOUSTON	TX	77017	101	Y	MB828643	1/11/2013		2/28/2019	3183	172	4461	0	7816
32060692558	OSNAIDA CINTRA	5920 BELLAIRE BLVD STE F	HOUSTON	TX	77081	101	2	SOL BILLARES & DEPORTES	5920 BELLAIRE BLVD STE F	HOUSTON	TX	77081	101	Y	MB995482	9/26/2017	6/25/2019	2/28/2019	2687	350	1725	0	4762
32057317813	HOST H8 IAH FB I, LLC	6905 ROCKLEDGE DR	BETHESDA	MD	20817	0	15	HOST H8 IAH FB I, LLC (UMAIZUSHI)	3500 N TERMINAL RD SPC TCSF4	HOUSTON	TX	77032	101	Y	MB931377	1/8/2016		6/30/2019	0	0	0	0	0
17606974859	TAQUERIA TEPATITLAN NO. 11 INC	5545 SOUTHWEST FWY	HOUSTON	TX	77056	101	1	TAQUERIA TEPATITLAN NO 11 INC	5545 SOUTHWEST FWY	HOUSTON	TX	77056	101	Y	MB516014	4/30/2002		2/28/2019	8309	0	14150	0	22459
32033684179	JOSE FREDI MEJIA	8526 ALCOTT DR	HOUSTON	TX	77080	101	1	MI CASA DE SABOR BAR & GRILL	8232 LONG POINT RD	HOUSTON	TX	77055	101	Y	MB676158	11/7/2007	7/18/2023	7/31/2019	307	0	1509	0	1816
14812595115	NATIONAL PIZZA RESTAURANTS, INC.	13939 NORTHWEST FWY	HOUSTON	TX	77040	101	10	RUBY'S DINER	3870 NORTH TERMINAL RD SPACE 44-INSPECT SVC'S BLDG	HOUSTON	TX	77032	101	Y	MB625015	4/13/2006	7/18/2023	4/30/2019	35744	4146	38415	0	78305
32057317813	HOST H8 IAH FB I, LLC	6905 ROCKLEDGE DR	BETHESDA	MD	20817	0	6	HOST H8 IAH FB I LLC (MOCKINGBIRD DISTILLERY & SM)	2800 N TERMINAL RD	HOUSTON	TX	77032	101	Y	MB912935	7/1/2015		2/28/2019	28139	7557	20394	0	56090
32054441475	CARMIKE CONCESSIONS II, LLC	11500 ASH ST	LEAWOOD	KS	66211	0	2	AMC YORKTOWN 15	15900 YORKTOWN CROSSING PKWY	HOUSTON	TX	77084	101	Y	MB1000558	11/21/2017	1/21/2020	9/30/2019	2164	329	1330	0	3823
17427780618	BRISTOL-SHANDY GROUP, L.L.C.	230 STARBOARD AVE	ROCKPORT	TX	78382	4	2	WILD WEST - HOUSTON	6101 RICHMOND AVE	HOUSTON	TX	77057	101	Y	MB408838	3/9/1998	7/1/2021	5/31/2019	52449	1336	31010	0	84795
12047567255	A.V CHENG L.P.	PO BOX 740289	HOUSTON	TX	77274	101	1	SOMA JAPANESE RESTAURANT	4820 WASHINGTON AVE	HOUSTON	TX	77007	101	Y	MB670519	9/4/2007		8/31/2019	22634	32411	6029	0	61074
32038832633	JONATHAN GROW INTERESTS, LLC	10801 SPRING CYPRESS RD # 16	HOUSTON	TX	77070	101	1	LONE STAR ICE HOUSE	10801 SPRING CYPRESS RD # 16	HOUSTON	TX	77070	101	N	MB743489	3/9/2010		2/28/2019	48929	120	28130	0	77179
32063523008	YM HIBACHI INC	16310 GOANNA CT	SUGAR LAND	TX	77498	79	2	WAGYU HIBACHI AND SUSHI BAR	3239 SOUTHWEST FWY	HOUSTON	TX	77027	101	Y	MB1025868	8/7/2018	9/9/2019	8/31/2019	0	0	0	0	0
14709322243	EMPIRE RESTAURANTS, LP	18111 PRESTON RD STE 620	DALLAS	TX	75252	43	1	EMPIRE CAFE	1732 WESTHEIMER RD	HOUSTON	TX	77098	101	Y	MB550780	1/28/2004		8/31/2019	5727	9400	2822	0	17949
32059688088	RICHMOND MIA BELLA, LLC	19 MAYMONT WAY	SPRING	TX	77382	170	1	MIA BELLA TRATTORIA	3773 RICHMOND AVE STE 1A	HOUSTON	TX	77046	101	Y	MB981463	5/9/2017	6/13/2019	2/28/2019	11481	24031	2332	0	37844
15105146482	T. N' N. FUTURE WINGS L.L.C.	13218 DUSTY GROVE LN	SUGAR LAND	TX	77498	79	3	WINGS PIZZA N THINGS RESTAURANT	13420 STATE HIGHWAY 249 STE A	HOUSTON	TX	77086	101	Y	MB572069	9/1/2015		10/31/2019	13205	0	14774	0	27979
17519330587	CHILI'S BEVERAGE COMPANY, INC.	3000 OLYMPUS BLVD C/O TAX DEPARTMENT	COPPELL	TX	75019	57	303	CHILI'S GRILL & BAR	7408 S SAM HOUSTON PKWY W	HOUSTON	TX	77085	101	Y	MB668599	8/16/2007		6/30/2019	18749	438	4482	0	23669
32058380380	ALESH CORPORATION	6802 REGAL LAKES DR	KATY	TX	77493	101	1	CENTENARIO POOL & BAR	9890 SOUTHWEST FWY	HOUSTON	TX	77074	101	Y	MB939774	4/4/2016	2/8/2021	10/31/2019	2000	0	7300	0	9300
17526981786	LONE STAR FONDUE CONCEPTS, INC.	1404 WOODMONT BLVD	NASHVILLE	TN	37215	0	1	THE MELTING POT RESTAURANT	6100 WESTHEIMER RD STE 146	HOUSTON	TX	77057	101	Y	MB417651	9/26/1997		4/30/2019	12402	11451	1579	0	25432
17521332019	OLIVE GARDEN OF TEXAS, LLC	PO BOX 695011	ORLANDO	FL	32869	0	5	OLIVE GARDEN OF TEXAS #1040	10830 NORTHWEST FWY	HOUSTON	TX	77092	101	Y	MB190271	12/1/1993		8/31/2019	8142	5458	1739	0	15339
32042855877	MUY YUM ENDEAVORS LLC	2912 WHITE OAK DR	HOUSTON	TX	77007	101	1	TACOS A GO-GO	2912 WHITE OAK DR	HOUSTON	TX	77007	101	Y	MB766208	1/25/2011		6/30/2019	4006	214	1999	0	6219
32050567265	NIGHTINGALE ROOM BAR, L.L.C.	1416 WESTHEIMER RD	HOUSTON	TX	77006	101	1	NIGHTINGALE ROOM BAR, L.L.C	308 MAIN ST STE 100	HOUSTON	TX	77002	101	Y	MB887256	10/16/2014	3/24/2020	6/30/2019	24114	135	7050	0	31299
10436439193	EMPORIO BRAZILIAN GRILL, INC	12288 WESTHEIMER RD STE 210A	HOUSTON	TX	77077	101	1	EMPORIO BRAZILIAN CAFE	12288 WESTHEIMER RD STE 210A	HOUSTON	TX	77077	101	Y	MB717411	3/18/2009		7/31/2019	3177	1023	1968	0	6168
32063523008	YM HIBACHI INC	16310 GOANNA CT	SUGAR LAND	TX	77498	79	2	WAGYU HIBACHI AND SUSHI BAR	3239 SOUTHWEST FWY	HOUSTON	TX	77027	101	Y	MB1025868	8/7/2018	9/9/2019	2/28/2019	0	0	0	0	0
30113788902	KFGF ENTERPRISES, INC.	9585 MAIN ST	HOUSTON	TX	77025	101	1	CARRINGTON'S	9585 MAIN ST	HOUSTON	TX	77025	101	Y	MB216454	12/1/1993		2/28/2019	48514	705	6060	0	55279
12013491738	WEST TAPATIA, INC.	1749 RICHMOND AVE	HOUSTON	TX	77098	101	2	LA TAPATIA MEXICAN CAFE	5710 BELLAIRE BLVD	HOUSTON	TX	77081	101	Y	MB564507	7/26/2012		6/30/2019	17683	995	8575	0	27253
15625453889	OM HOSPITALITY INC	18861 KATY FWY	HOUSTON	TX	77094	101	3	FOUR POINTS SHERATON HOUSTON-KATY	18861 KATY FWY	HOUSTON	TX	77094	101	Y	MB953940	8/9/2016		10/31/2019	6551	2020	6107	0	14678
32055622909	HG HOTEL BEVERAGE LLC	10306 EATON PL STE 430	FAIRFAX	VA	22030	0	1	HG HOTEL BEVERAGE LLC	5353 WESTHEIMER RD	HOUSTON	TX	77056	101	Y	MB902110	3/23/2015		7/31/2019	11742	5380	6620	0	23742
32040224605	DOG HOUSE BOX LLC	1533 W ALABAMA ST STE 100	HOUSTON	TX	77006	101	1	THE DOG HOUSE TAVERN	2517 BAGBY ST	HOUSTON	TX	77006	101	Y	MB738362	12/10/2009		10/31/2019	34868	920	22515	0	58303
17606112849	BRIGANTINE, INC.	4712 RICHMOND AVE	HOUSTON	TX	77027	101	3	BAYOU CITY SEAFOOD & PASTA	4730 RICHMOND AVE	HOUSTON	TX	77027	101	Y	MB485859	1/5/2001	8/31/2022	12/31/2019	9856	7617	6266	0	23739
15211647092	HILLSTONE RESTAURANT GROUP, INC.	2710 E CAMELBACK RD STE 200	PHOENIX	AZ	85016	0	11	HOUSTON'S RESTAURANT	5888 WESTHEIMER RD	HOUSTON	TX	77057	101	Y	MB196771	8/1/2011	10/28/2019	10/31/2019	19361	24508	2797	0	46666
32000861685	FOUNTAIN FOODS, INC.	25600 WESTHEIMER PKWY STE 110	KATY	TX	77494	79	2	HARVEST ORGANIC GRILLE	1810 FOUNTAIN VIEW DR	HOUSTON	TX	77057	101	Y	MB817402	8/21/2012	6/1/2019	6/30/2019	0	0	0	0	0
32058996052	ELOISE NICHOLS MANAGEMENT, LLC	3637 W ALABAMA ST STE 200	HOUSTON	TX	77027	101	1	ELOISE NICHOLS	2400 MID LN STE 100	HOUSTON	TX	77027	101	Y	MB936574	3/2/2016		8/31/2019	34278	30943	3004	0	68225
32058380380	ALESH CORPORATION	6802 REGAL LAKES DR	KATY	TX	77493	101	1	CENTENARIO POOL & BAR	9890 SOUTHWEST FWY	HOUSTON	TX	77074	101	Y	MB939774	4/4/2016	2/8/2021	7/31/2019	4900	0	5400	0	10300
32061597749	TIMES INFINITY, LLC	37 SCOTSMOOR CT	SUGAR LAND	TX	77479	79	1	STRAYLIGHT	3229 NAVIGATION BLVD STE A	HOUSTON	TX	77003	101	Y	MB989040	7/21/2017	7/20/2021	2/28/2019	0	0	0	0	0
17600327146	ART OF THE SPIRITS, INC.	PO BOX 6826	HOUSTON	TX	77265	101	2	ART OF THE SPIRITS INC	5601 MAIN ST	HOUSTON	TX	77005	101	Y	MB471939	5/25/2000		6/30/2019	0	8084	1792	0	9876
32008018932	VICENTE SALDANA	8801 AIRLINE DR	HOUSTON	TX	77037	101	1	TIA PANCHA/LAS CUMBRES	8801 AIRLINE DR	HOUSTON	TX	77037	101	N	MB769545	3/8/2011		10/31/2019	2116	0	1858	0	3974
32061049105	TOURAO BRAZILIAN CHURRASQUERIA LLC	3606 BAINBRIDGE ESTATES DR	SPRING	TX	77388	101	1	TOURAO BRAZILIAN CHURRASQUERIA	4412 MONTROSE BLVD	HOUSTON	TX	77006	101	Y	MB993503	9/8/2017		10/31/2019	8600	0	0	0	8600
32038724301	UNITY LODGING, LLC	411 BROAD ST STE 401	CHATTANOOGA	TN	37402	0	1	COURTYARD HOUSTON NW/I-290	6708 GESSNER RD	HOUSTON	TX	77040	101	Y	MB877756	7/10/2014		6/30/2019	2398	1921	2584	0	6903
32061597749	TIMES INFINITY, LLC	37 SCOTSMOOR CT	SUGAR LAND	TX	77479	79	1	STRAYLIGHT	3229 NAVIGATION BLVD STE A	HOUSTON	TX	77003	101	Y	MB989040	7/21/2017	7/20/2021	1/31/2019	0	0	0	0	0
32047255552	JANITZIO SEAFOOD, LLC	1817 WIRT RD	HOUSTON	TX	77055	101	1	OSTIONERIA MICHOACAN #7	1817 WIRT RD	HOUSTON	TX	77055	101	Y	MB846132	7/16/2013	11/6/2019	7/31/2019	6167	0	43576	0	49743
17604241343	LUNCHES, INC.	3147 W HOLCOMBE BLVD	HOUSTON	TX	77025	101	2	ANTONIO'S MEXICAN GRILLE	3147 W HOLCOMBE BLVD	HOUSTON	TX	77025	101	Y	MB501410	10/8/2001		10/31/2019	2244	363	565	0	3172
32047157006	CALABASH ENTERPRISES LLC	3262 WESTHEIMER RD	HOUSTON	TX	77098	101	1	ISLES EATERY & RHUM BAR	1515 PEASE ST	HOUSTON	TX	77002	101	Y	MB850381	8/29/2013	2/13/2023	11/30/2019	25363	550	3033	0	28946
15211647092	HILLSTONE RESTAURANT GROUP, INC.	2710 E CAMELBACK RD STE 200	PHOENIX	AZ	85016	0	14	WESTHEIMER FIVE GRILL	5802 WESTHEIMER RD	HOUSTON	TX	77057	101	Y	MB995331	10/2/2018		8/31/2019	0	0	0	0	0
17601522455	EMERALD BOWL, INC.	9307 BOONE RD	HOUSTON	TX	77099	101	1	EMERALD BOWL, INC.	9307 BOONE RD	HOUSTON	TX	77099	101	Y	MB831119	2/8/2013		6/30/2019	9750	229	18708	0	28687
32056024089	THE SECRET GROUP LLC	2101 POLK ST STE A	HOUSTON	TX	77003	101	1	THE SECRET GROUP	2101 POLK ST STE A	HOUSTON	TX	77003	101	Y	MB920851	9/17/2015		1/31/2019	34580	232	18003	0	52815
32018393465	MARIA SANTOS CHAVEZ	3240 FONDREN RD	HOUSTON	TX	77063	101	1	MILA'S TAQUERIA MEXICO	3240 FONDREN RD	HOUSTON	TX	77063	101	Y	MB620023	2/14/2006		9/30/2019	688	0	747	0	1435
17606888323	THE POLLUTED PARROT, INC.	907 HAROLD ST	HOUSTON	TX	77006	101	1	GRIFF'S SHENANIGANS CAFE	3614 ROSELAND ST	HOUSTON	TX	77006	101	Y	MB507616	1/8/2002		8/31/2019	25243	439	17719	0	43401
32058587869	R6 VENTURES INC.	4329 HIGHWAY 6 N	HOUSTON	TX	77084	101	1	LAZY FROG BAR	4329 HIGHWAY 6 N	HOUSTON	TX	77084	101	Y	MB933914	2/3/2016	1/25/2021	8/31/2019	13500	48	3500	0	17048
32051485020	300 MAIN ST, LLC	1533 W ALABAMA ST STE 100	HOUSTON	TX	77006	101	1	BOOMTOWN COFFEE MAIN ST CAFE & BAR	300 MAIN ST	HOUSTON	TX	77002	101	Y	MB853398	10/3/2013	7/24/2020	4/30/2019	5984	391	768	0	7143
17602974523	COMA BIEN, INC.	12822 WILLOW CENTRE DR STE A	HOUSTON	TX	77066	101	2	TAQUERIA ARANDAS #4	1840 WIRT RD	HOUSTON	TX	77055	101	Y	MB869947	4/21/2014		2/28/2019	2433	0	9040	0	11473
17605575897	HORSESHOE HILLS, LTD.	CYPRESS CREEK PARKWAY SUITE 524	HOUSTON	TX	77069	101	1	DON RAMONS'S	5505 FM 1960 RD W STE J	HOUSTON	TX	77069	101	Y	MB846507	7/19/2013	5/3/2019	5/31/2019	0	0	0	0	0
32067521651	COACHES J-C, LLC	4925 MAYFLOWER ST	HOUSTON	TX	77033	101	1	COACHES CORNER SPORTS BAR	7818 ALMEDA RD	HOUSTON	TX	77054	101	Y	MB871056	11/14/2018	9/12/2019	7/31/2019	4030	310	1717	0	6057
32054441475	CARMIKE CONCESSIONS II, LLC	11500 ASH ST	LEAWOOD	KS	66211	0	2	AMC YORKTOWN 15	15900 YORKTOWN CROSSING PKWY	HOUSTON	TX	77084	101	Y	MB1000558	11/21/2017	1/21/2020	11/30/2019	2419	340	1485	0	4244
12008406436	B.C.B. PARTNERS, LLC	3140 RICHMOND AVE	HOUSTON	TX	77098	101	1	THE CELLAR BAR	3140 RICHMOND AVE	HOUSTON	TX	77098	101	Y	MB562058	7/30/2004		8/31/2019	35962	1164	24169	0	61295
32051543133	ROCKET FARM RESTAURANTS, LLC	1175 CHATTAHOOCHEE AVE NW	ATLANTA	GA	30318	0	2	STATE OF GRACE	3256 WESTHEIMER RD	HOUSTON	TX	77098	101	Y	MB877330	8/1/2015		12/31/2019	74006	138480	6333	0	218819
17606595761	MHI HOUSTON BEVERAGES, L.L.C.	6404 IVY LN STE 800	GREENBELT	MD	20770	0	1	PART & PARCEL/EDGAR'S HERMANO	1700 SMITH ST	HOUSTON	TX	77002	101	Y	MB489873	3/28/2001	3/26/2020	1/31/2019	28046	12639	15627	232	56544
32054855526	LJX ENTERPRISES, L.L.C.	10 TWILIGHT GLEN CT	SPRING	TX	77381	170	1	SPANISH FLOWERS	14915 NORTH FWY	HOUSTON	TX	77090	101	Y	MB957802	9/15/2016		2/28/2019	23159	518	6207	0	29884
32063754678	BAR SPORTS, LLC	14440 HEMPSTEAD RD	HOUSTON	TX	77040	101	1	BAR SPORTS 1	14440 HEMPSTEAD RD	HOUSTON	TX	77040	101	Y	MB989721	7/28/2017		4/30/2019	4405	12	3865	0	8282
32058380380	ALESH CORPORATION	6802 REGAL LAKES DR	KATY	TX	77493	101	1	CENTENARIO POOL & BAR	9890 SOUTHWEST FWY	HOUSTON	TX	77074	101	Y	MB939774	4/4/2016	2/8/2021	12/31/2019	3006	0	5455	0	8461
32059009046	EL CABALLO BLANCO RESTAURANT, LLC	6028 S GESSNER RD	HOUSTON	TX	77036	101	1	EL CABALLO BLANCO RESTAURANT	6028 S GESSNER RD	HOUSTON	TX	77036	101	Y	MB990322	8/4/2017		4/30/2019	4641	0	17050	0	21691
17601506078	CIBO, INC.	515 W ALABAMA ST	HOUSTON	TX	77006	101	1	DAMIAN'S CUCINA ITALIANA	3011 SMITH ST	HOUSTON	TX	77006	101	Y	MB242803	10/1/1999		4/30/2019	9201	33123	921	0	43245
17606284846	MANDOLA BROS. L.L.C.	4302 RICHMOND AVE	HOUSTON	TX	77027	101	1	RAGIN CAJUN	80 WOODLAKE SQ	HOUSTON	TX	77063	101	Y	MB472201	5/23/2000	2/1/2022	1/31/2019	7680	1953	7849	0	17482
12049269280	ORIGINAL NINFA'S, L.P.	1050 N POST OAK RD STE 200	HOUSTON	TX	77055	101	1	NINFA'S ON NAVIGATION	2704 NAVIGATION BLVD	HOUSTON	TX	77003	101	Y	MB639140	9/13/2006		6/30/2019	192792	7253	25526	0	225571
32063440716	GSM WINGS VI, LLC	12660 S KIRKWOOD RD	STAFFORD	TX	77477	79	1	BREWINGZ	5598 NORTH FWY STE B	HOUSTON	TX	77076	101	Y	MB843942	11/1/2017		2/28/2019	4329	39	9059	0	13427
17406935407	HOUSTON COUNTRY CLUB	1 POTOMAC DR	HOUSTON	TX	77057	101	1	HOUSTON COUNTRY CLUB	1 POTOMAC DR	HOUSTON	TX	77057	101	Y	N 037621	12/1/1993		2/28/2019	90485	99519	9175	0	199179
12057184488	CHUY'S OPCO, INC.	1623 TOOMEY RD	AUSTIN	TX	78704	227	11	CHUY'S HWY 290/NW	19827 NORTHWEST FWY	HOUSTON	TX	77065	101	Y	MB681182	2/4/2014		10/31/2019	37577	642	8145	0	46364
17524461674	OUTBACK BEVERAGES OF TEXAS, LLC	2202 N WEST SHORE BLVD STE 500	TAMPA	FL	33607	0	31	OUTBACK STEAKHOUSE	5710 FM 1960 RD W	HOUSTON	TX	77069	101	Y	MB244055	1/1/2008	4/1/2024	7/31/2019	0	0	0	0	0
17527547768	PARK TEXAS CONCESSIONS, INC.	5701 MAIN ST	HOUSTON	TX	77005	101	1	HOTEL ZA ZA	5701 MAIN ST	HOUSTON	TX	77005	101	Y	MB646732	12/8/2006		8/31/2019	167475	105786	27797	7120	308178
17460873627	GARDEN OAKS POST NO. 560, THE AMERICAN LEGION, DEP	3720 ALBA RD	HOUSTON	TX	77018	101	2	GARDEN OAKS POST 560	3720 ALBA RD	HOUSTON	TX	77018	101	Y	NE079052	12/1/1993		6/30/2019	7203	359	12043	0	19605
32040224605	DOG HOUSE BOX LLC	1533 W ALABAMA ST STE 100	HOUSTON	TX	77006	101	1	THE DOG HOUSE TAVERN	2517 BAGBY ST	HOUSTON	TX	77006	101	Y	MB738362	12/10/2009		8/31/2019	31754	715	18047	0	50516
32048266012	US HARMONY L.L.C.	7922 MOSLEY RD	HOUSTON	TX	77061	101	2	SPRINGHILL SUITES HOUSTON HOBBY AIRPORT	7922 MOSLEY RD	HOUSTON	TX	77061	101	Y	MB1069370	10/17/2019		11/30/2019	331	65	334	0	730
32016383674	KIRAN'S RESTAURANT, INC.	138 GLYNN WAY DR	HOUSTON	TX	77056	101	2	KIRAN'S RESTAURANT	2925 RICHMOND AVE STE 160	HOUSTON	TX	77098	101	Y	MB577958	2/1/2017		6/30/2019	21223	30800	3535	0	55558
11134835476	MORTON'S OF CHICAGO/MCKINNEY, LLC	1510 WEST LOOP S	HOUSTON	TX	77027	101	1	MORTON'S OF CHICAGO	1001 MCKINNEY ST STE 100	HOUSTON	TX	77002	101	Y	MB643881	8/15/2011		2/28/2019	70308	123703	11365	0	205376
32052171488	B & R BUTCHERS, LTD.	1244 N POST OAK RD STE 100	HOUSTON	TX	77055	101	1	B & B BUTCHERS	1814 WASHINGTON AVE	HOUSTON	TX	77007	101	Y	MB904357	4/9/2015		3/31/2019	110832	201164	11277	0	323273
32066322630	LIN & CHEN 138 LLC	17278 STATE HIGHWAY 249	HOUSTON	TX	77064	101	1	JUICY CRAB	17278 STATE HIGHWAY 249	HOUSTON	TX	77064	101	Y	MB106105959	2/20/2019		12/31/2019	30748	1180	5232	0	37160
32047707347	SYNERGY RESTAURANT MANAGEMENT - HOUSTON, L.L.C.	13355 NOEL RD STE 1645	DALLAS	TX	75240	57	7	APPLEBEE'S #8020 (KATY)	19625 RESTAURANT ROW	HOUSTON	TX	77084	101	Y	MB817420	8/21/2012		8/31/2019	14603	986	6096	0	21685
17602709754	WACHCO, INC.	2407 WESTHEIMER RD	HOUSTON	TX	77098	101	1	SHANGHAI RIVER RESTAURANT	2407 WESTHEIMER RD	HOUSTON	TX	77098	101	Y	MB207434	12/1/1993		4/30/2019	1428	2739	487	0	4654
17405031224	BAYOU CLUB OF HOUSTON	8550 MEMORIAL DR	HOUSTON	TX	77024	101	1	BAYOU CLUB OF HOUSTON	8550 MEMORIAL DR	HOUSTON	TX	77024	101	Y	N 037429	12/1/1993		2/28/2019	20486	14659	1723	0	36868
32049942165	MEMORIAL BEVERAGE, LLC	110 VENICE ST	SUGAR LAND	TX	77478	79	1	TWIN PEAKS	11335 KATY FWY	HOUSTON	TX	77079	101	Y	MB854255	10/11/2013		2/28/2019	70426	2243	128378	0	201047
17602734604	2356 RICE, INC.	PO BOX 440713	HOUSTON	TX	77244	101	1	HUNGRY'S CAFE & BISTRO	2356 RICE BLVD	HOUSTON	TX	77005	101	Y	MB670584	9/5/2007		2/28/2019	51227	48330	12215	0	111772
17602388153	BLALOCK PROPERTIES, INC.	2520 AMHERST ST	HOUSTON	TX	77005	101	1	PREGO	2520 AMHERST ST	HOUSTON	TX	77005	101	Y	MB198523	12/1/1993	6/4/2024	4/30/2019	9345	40427	1145	0	50917
32051766965	NCMID LLC	12302 WESTMERE DR	HOUSTON	TX	77077	101	1	WOOSTERS	3315 MILAM ST	HOUSTON	TX	77006	101	Y	MB867212	3/24/2014		2/28/2019	73974	6510	13106	0	93590
17604873608	LOS CUCOS MEXICAN CAFE II, INC.	876 LOOP 337 STE 501	NEW BRAUNFELS	TX	78130	46	2	LOS CUCOS MEXICAN CAFE #2	22390 TOMBALL PKWY	HOUSTON	TX	77070	101	Y	MB261924	8/1/2000		10/31/2019	69480	2321	15004	0	86805
32055658705	WE RUN HOU, LLC	1703 SILVER ST	HOUSTON	TX	77007	101	1	ENGINE ROOM	1515 PEASE ST STE 101	HOUSTON	TX	77002	101	Y	MB901299	3/17/2015	3/16/2021	3/31/2019	98480	162	1377	0	100019
32063708120	GRAPEFRUIT TREE LLC	3210 W DALLAS ST	HOUSTON	TX	77019	101	1	BOUTIQUE NIGHTCLUB	5316 WASHINGTON AVE	HOUSTON	TX	77007	101	Y	MB105785055	9/7/2018	7/31/2022	4/30/2019	0	0	0	0	0
32051948407	THE BOUGAINVILLEAS LLC	12126 WESTHEIMER RD STE 112	HOUSTON	TX	77077	101	1	THE BOUGAINVILLEAS LLC	12126 WESTHEIMER RD STE 98A&112	HOUSTON	TX	77077	101	Y	MB916397	8/5/2015		8/31/2019	3698	250	600	0	4548
17606479750	JFC VENTURES LLC	11720 S WILCREST DR	HOUSTON	TX	77099	101	1	JACK'S FOR COCKTAILS	11720 S WILCREST DR	HOUSTON	TX	77099	101	Y	MB477455	8/14/2000		10/31/2019	13343	550	13293	0	27186
17604854111	SALTGRASS, INC.	1510 WEST LOOP S ATTN: TAX DEPT	HOUSTON	TX	77027	101	23	SALTGRASS STEAK HOUSE #1	8943 KATY FWY	HOUSTON	TX	77024	101	Y	MB532797	3/25/2003		10/31/2019	24413	14273	8734	0	47420
32054484723	SOUTHEAST RESTAURANT GROUP-MAIN, LLC	1201 CANAL ST STE C2	NEW ORLEANS	LA	70112	0	3	TGIFRIDAY'S	7728 CYPRESS CREEK PKWY	HOUSTON	TX	77070	101	Y	MB885736	9/30/2014	9/12/2019	4/30/2019	21749	1749	3714	0	27212
14709322243	EMPIRE RESTAURANTS, LP	18111 PRESTON RD STE 620	DALLAS	TX	75252	43	1	EMPIRE CAFE	1732 WESTHEIMER RD	HOUSTON	TX	77098	101	Y	MB550780	1/28/2004		6/30/2019	6471	9613	3168	0	19252
32061510809	2900 SET CITY HOUSTON, L.L.C.	1225 NORTH LOOP W STE 640	HOUSTON	TX	77008	101	1	SET	2900 TRAVIS ST STE A	HOUSTON	TX	77006	101	Y	MB970041	1/24/2017	12/27/2021	11/30/2019	37375	213	8185	0	45773
17602521324	OVATIONS, INC.	6117 KIRBY DR	HOUSTON	TX	77005	101	1	OVATIONS	2536B TIMES BLVD	HOUSTON	TX	77005	101	Y	MB202740	12/1/1993		4/30/2019	1056	578	165	0	1799
17514764004	THE DOWNTOWN CLUB, INC.	3030 LYNDON B JOHNSON FWY	DALLAS	TX	75234	57	2	THE HOUSTON CLUB	910 LOUISIANA ST FL 49	HOUSTON	TX	77002	101	Y	MB248084	5/1/2002		4/30/2019	10348	15430	2658	0	28436
32042855877	MUY YUM ENDEAVORS LLC	2912 WHITE OAK DR	HOUSTON	TX	77007	101	1	TACOS A GO-GO	2912 WHITE OAK DR	HOUSTON	TX	77007	101	Y	MB766208	1/25/2011		4/30/2019	4100	166	1909	0	6175
17604882443	TORNAV, INC.	1749 RICHMOND AVE	HOUSTON	TX	77098	101	5	LA TAPATIA MEXICAN CAFE	5591 RICHMOND AVE	HOUSTON	TX	77056	101	Y	MB690218	4/16/2008		2/28/2019	40641	888	13093	0	54622
32066322630	LIN & CHEN 138 LLC	17278 STATE HIGHWAY 249	HOUSTON	TX	77064	101	1	JUICY CRAB	17278 STATE HIGHWAY 249	HOUSTON	TX	77064	101	Y	MB106105959	2/20/2019		6/30/2019	11154	476	2094	0	13724
32058587869	R6 VENTURES INC.	4329 HIGHWAY 6 N	HOUSTON	TX	77084	101	1	LAZY FROG BAR	4329 HIGHWAY 6 N	HOUSTON	TX	77084	101	Y	MB933914	2/3/2016	1/25/2021	9/30/2019	13400	70	3240	0	16710
32053196377	SONGKRAN HOSPITALITY, LP	11 GREENWAY PLZ STE 1400	HOUSTON	TX	77046	101	1	SONGKRAN	1101 UPTOWN PARK BLVD STE 8	HOUSTON	TX	77056	101	Y	MB871244	5/5/2014		2/28/2019	7526	9990	2235	0	19751
17606200750	T G F, INC.	5002 GREENBRIAR DR	HOUSTON	TX	77005	101	1	RED RIVER ICEHOUSE	10308 MAIN ST	HOUSTON	TX	77025	101	Y	MB118927	1/1/2000		10/31/2019	18896	533	19513	0	38942
12020694258	C & C DINING, INC.	12822 WILLOW CENTRE DR STE A	HOUSTON	TX	77066	101	1	CILANTRO COCINA MEXICAN RESTAURANT	10 FM 1960 RD W	HOUSTON	TX	77090	101	Y	MB554318	2/18/2005		8/31/2019	9579	139	1885	0	11603
32078101253	B & G TREE HOUSE, INC.	901 NASA PKWY	HOUSTON	TX	77058	101	1	TREE HOUSE	901 NASA PKWY	HOUSTON	TX	77058	101	Y	MB227149	12/1/1993		12/31/2019	22894	1057	11908	0	35859
32041653190	SHEGER ETHIOPIAN RESTAURANT, INC	5506 BELLAIRE BLVD STE C	HOUSTON	TX	77081	101	1	SHEGER ETHIOPIAN RESTAURANT	5506 BELLAIRE BLVD STE C	HOUSTON	TX	77081	101	Y	MB802983	4/5/2012		2/28/2019	283	5	375	0	663
32067865900	DANNY-LEE ENTERTAINMENT, LLC	1011 CORINTH ST	DALLAS	TX	75215	57	1	BAR 9940	9940 FONDREN RD	HOUSTON	TX	77096	101	Y	MB1036470	11/6/2018	1/14/2020	4/30/2019	0	0	0	0	0
32053989078	TW RESTAURANT HOLDER, LLC	1815 THE EXCHANGE SE	ATLANTA	GA	30339	0	32	HOOTERS	120 CYPRESS CREEK PKWY	HOUSTON	TX	77090	101	Y	MB805006	11/1/2014		6/30/2019	10185	286	17318	0	27789
32078101253	B & G TREE HOUSE, INC.	901 NASA PKWY	HOUSTON	TX	77058	101	1	TREE HOUSE	901 NASA PKWY	HOUSTON	TX	77058	101	Y	MB227149	12/1/1993		2/28/2019	22655	894	11563	0	35112
17519330587	CHILI'S BEVERAGE COMPANY, INC.	3000 OLYMPUS BLVD C/O TAX DEPARTMENT	COPPELL	TX	75019	57	92	CHILI'S GRILL & BAR	518 CYPRESS CREEK PKWY	HOUSTON	TX	77090	101	Y	MB247625	11/30/1995		4/30/2019	19667	425	3880	0	23972
12008452679	DOON, INC.	14124 STUEBNER AIRLINE RD C/O OLDE CITY	HOUSTON	TX	77069	101	1	OLDE CITY PUB	14124 STUEBNER AIRLINE RD	HOUSTON	TX	77069	101	N	MB557281	5/12/2004		2/28/2019	21818	301	18957	0	41076
32043925992	1011 MCGOWEN GROUP, LTD.	1505 ISABELLA ST	HOUSTON	TX	77004	101	1	MVSC-MONGOOSE VERSUS COBRA	1011 MCGOWEN ST	HOUSTON	TX	77002	101	Y	MB788866	10/28/2011	10/9/2020	9/30/2019	20273	2077	10151	0	32501
17411856598	THE JUNIOR LEAGUE OF HOUSTON, INC.	1811 BRIAR OAKS LN C/O TEA ROOM TREASURE	HOUSTON	TX	77027	101	2	JUNIOR LEAGUE OF HOUSTON	1811 BRIAR OAKS LN	HOUSTON	TX	77027	101	Y	MB133225	12/1/1993		2/28/2019	20320	41069	1268	0	62657
12019827232	LOLA'S ENTERPRISES CORP	2800 SAGE RD STE 400	HOUSTON	TX	77056	101	1	SAGE 400 JAPANESE CUISINE	2800 SAGE RD # A-400	HOUSTON	TX	77056	101	Y	MB575189	3/24/2005		2/28/2019	22240	35728	7875	0	65843
17605169741	AY COCULA, INC.	8145 HIGHWAY 6 S STE 144	HOUSTON	TX	77083	101	1	TEQUILA LOPEZ MEXICAN RESTAURANT	8145 HIGHWAY 6 S STE 144	HOUSTON	TX	77083	101	N	MB406618	1/22/1997		2/28/2019	11341	365	8531	0	20237
32068274490	SANMIGUELBEVERAGES, LLC	17030 GLENEVISS DR	HOUSTON	TX	77084	101	1	DAHLIA	2901 FANNIN ST	HOUSTON	TX	77002	101	Y	MB1056866	6/11/2019	11/24/2020	6/30/2019	0	0	0	0	0
17605861198	W.L. YORK, INC.	PO BOX 570427	HOUSTON	TX	77257	101	1	THE COVER GIRLS	10310 W LITTLE YORK RD	HOUSTON	TX	77041	101	Y	MB443955	1/12/1999		10/31/2019	69489	21566	34297	6268	131620
32061378942	SUITE 100 EDWARDS, LLC	6134 WIGTON DR	HOUSTON	TX	77096	101	1	POITIN	2313 EDWARDS ST	HOUSTON	TX	77007	101	Y	MB1005432	1/25/2018	5/18/2020	3/31/2019	38119	3557	25569	0	67245
32020447481	CEDAR CREEK CAFE, LLC	620 E 6TH 1/2 ST	HOUSTON	TX	77007	101	1	CEDAR CREEK CAFE	1034 W 20TH ST	HOUSTON	TX	77008	101	Y	MB680199	1/3/2008		12/31/2019	9583	5088	18861	0	33532
17412937876	CHAMPIONS GOLF CLUB, INC.	13722 CHAMPIONS DR	HOUSTON	TX	77069	101	1	CHAMPION GOLF CLUB, INC.	13722 CHAMPIONS DR	HOUSTON	TX	77069	101	N	MB239975	12/1/1993		2/28/2019	14655	19261	7956	0	41872
17109091326	ROCKET BEVERAGE COMPANY LLC	11770 US HIGHWAY 1 STE 202	N PALM BEACH	FL	33408	0	9	ROCKET BEVERAGE COMPANY LLC	15405 KATY FWY	HOUSTON	TX	77094	101	Y	MB876203	6/25/2014		2/28/2019	1261	81	594	0	1936
32057852934	MASON'S LOUNGE, LLC	1001 TEXAS ST STE 100	HOUSTON	TX	77002	101	1	TEXAS LONE STAR TACO	1001 TEXAS ST STE 100	HOUSTON	TX	77002	101	Y	MB939833	4/4/2016		2/28/2019	3238	88	1596	0	4922
32052043786	DELIGHT HOOKAH LOUNGE CORPORATION	4719 TAHOE CANYON LN	HOUSTON	TX	77084	101	1	DELIGHT HOOKAH LOUNGE	9421 HIGHWAY 6 S	HOUSTON	TX	77083	79	Y	MB1020665	6/27/2018	1/30/2020	9/30/2019	0	0	678	0	678
32049623401	ELRA, INC.	5865 S GESSNER RD	HOUSTON	TX	77036	101	1	CLUB VERTIGO'S	5865 S GESSNER RD	HOUSTON	TX	77036	101	Y	MB834656	3/14/2013		10/31/2019	5988	450	8954	1000	16392
32006472446	PAUL MILLER	6714 STEARNS ST	HOUSTON	TX	77021	101	1	TURNING POINT	3352 OLD SPANISH TRL	HOUSTON	TX	77021	101	Y	MB120337	12/1/1993		2/28/2019	9745	416	1012	0	11173
32018393465	MARIA SANTOS CHAVEZ	3240 FONDREN RD	HOUSTON	TX	77063	101	1	MILA'S TAQUERIA MEXICO	3240 FONDREN RD	HOUSTON	TX	77063	101	Y	MB620023	2/14/2006		3/31/2019	587	0	719	0	1306
32053158708	1140 ELDRIDGE INTERESTS, LLC	2121 SAGE RD STE 383	HOUSTON	TX	77056	101	1	SYLVIA'S	1140 ELDRIDGE PKWY STE 100	HOUSTON	TX	77077	101	Y	MB871627	5/8/2014		12/31/2019	26939	2712	4240	0	33891
32058380380	ALESH CORPORATION	6802 REGAL LAKES DR	KATY	TX	77493	101	1	CENTENARIO POOL & BAR	9890 SOUTHWEST FWY	HOUSTON	TX	77074	101	Y	MB939774	4/4/2016	2/8/2021	1/31/2019	2080	0	10020	0	12100
32068274490	SANMIGUELBEVERAGES, LLC	17030 GLENEVISS DR	HOUSTON	TX	77084	101	1	DAHLIA	2901 FANNIN ST	HOUSTON	TX	77002	101	Y	MB1056866	6/11/2019	11/24/2020	8/31/2019	0	0	0	0	0
32058814289	INVASION ICE HOUSE, LLC	823 DUMBLE ST	HOUSTON	TX	77023	101	1	LIL' DANNY SPEEDO'S GO FLY A KITE LOUNGE	823 DUMBLE ST	HOUSTON	TX	77023	101	Y	MB978113	4/5/2017		4/30/2019	26155	170	18910	0	45235
32056274486	1000 PRAIRIE CONCEPT, L.L.C.	2450 LOUISIANA ST # 400-935	HOUSTON	TX	77006	101	1	THE MOONSHINERS	1000 PRAIRIE ST	HOUSTON	TX	77002	101	Y	MB903510	4/1/2015		2/28/2019	44710	8799	25355	0	78864
32044165978	MOLINA'S CANTINA TRES, INC.	1225 NORTH LOOP W STE 640	HOUSTON	TX	77008	101	1	MOLINA'S CANTINA	3801 BELLAIRE BLVD UNIT 140301	HOUSTON	TX	77025	101	Y	MB785688	9/23/2011		2/28/2019	66381	6005	8492	0	80878
17521936322	300, INC.	7313 BELL CREEK RD	MECHANICSVLLE	VA	23111	0	20	AMF CLEAR LAKE BOWL	16743 DIANA LN	HOUSTON	TX	77062	101	Y	MB078384	6/1/2000		2/28/2019	0	0	0	0	0
13522355430	PADDY HORAN'S IRISH PUB, INC.	2404 PELHAM DR	HOUSTON	TX	77019	101	1	JOHNNY MCELROY'S IRISH PUB	1223 WAUGH DR	HOUSTON	TX	77019	101	Y	MB663518	6/20/2007		2/28/2019	14098	2372	13988	0	30458
17417148636	THE JOE LEE THOMAS COMPANY, INC.	1925 MILAM ST	HOUSTON	TX	77002	101	2	LONE STAR SALOON	1900 TRAVIS ST	HOUSTON	TX	77002	101	Y	MB070012	12/1/1993		3/31/2019	7201	79	7885	0	15165
16114565662	5913, INC.	5913 WESTHEIMER RD	HOUSTON	TX	77057	101	1	SLICK WILLES'S FAMILY POOL HALL	5913 WESTHEIMER RD	HOUSTON	TX	77057	101	Y	MB551279	2/9/2004		2/28/2019	48593	553	28983	0	78129
17514764004	THE DOWNTOWN CLUB, INC.	3030 LYNDON B JOHNSON FWY	DALLAS	TX	75234	57	3	HOUSTON CENTER CLUB	1100 CAROLINE ST FL 11	HOUSTON	TX	77002	101	Y	MB441459	10/1/2002		6/30/2019	74	20	0	0	94
13714470963	CHICAGO PIZZA HOSPITALITY HOLDING, INC.	7755 CENTER AVE STE 300	HUNTINGTN BCH	CA	92647	0	5	BJ'S RESTAURANT & BREWHOUSE	7637 CYPRESS CREEK PKWY STE A	HOUSTON	TX	77070	101	Y	MB546818	11/13/2003		2/28/2019	42334	14078	45586	0	101998
32062182145	WBPT MONTROSE LLC	5210 SPRUCE ST	BELLAIRE	TX	77401	101	1	'PEPPER TWINS'	315 FAIRVIEW AVE	HOUSTON	TX	77006	101	Y	MB1055448	5/29/2019	6/30/2022	11/30/2019	0	361	156	0	517
32065189212	7620 KATY FREEWAY, LLC	13939 NORTHWEST FWY	HOUSTON	TX	77040	101	1	7620 KATY FREEWAY	7620 KATY FWY STE 360	HOUSTON	TX	77024	101	Y	MB200066332	7/20/2018		12/31/2019	0	0	0	0	0
32044633421	TEPATITLAN MEXICAN KITCHEN INC	10337 EAST FWY	HOUSTON	TX	77029	101	1	TEPATITLAN MEXICAN KITCHEN INC	10337 EASTEX FWY	HOUSTON	TX	77093	101	Y	MB785546	11/15/2011		2/28/2019	6782	0	7532	0	14314
32059274046	IRISH CBMT, LP	2450 LOUISIANA ST STE 400-262	HOUSTON	TX	77006	101	1	IRISH COWBOY	2300 LOUISIANA ST	HOUSTON	TX	77006	101	Y	MB939042	3/28/2016	1/13/2020	5/31/2019	0	0	0	0	0
17419968528	UNIVERSITY FOOD SERVICES, INC.	2400 YORKMONT RD ATTN: BECKY ANDERSON/TA	CHARLOTTE	NC	28217	0	40	EUREST DINING SERVICES @ AIG	2727 ALLEN PKWY STE 175	HOUSTON	TX	77019	101	Y	MB859415	12/13/2013		2/28/2019	0	0	0	0	0
32057317813	HOST H8 IAH FB I, LLC	6905 ROCKLEDGE DR	BETHESDA	MD	20817	0	7	LANDRY'S SEAFOOD	3500 N TERMINAL RD	HOUSTON	TX	77032	101	Y	MB912932	7/1/2015		2/28/2019	47228	26658	34268	0	108154
32042362882	ALICIA'S MEXICAN GRILLE 3, INC.	14302 FLORET ESTATES CT	CYPRESS	TX	77429	101	1	ALICIA'S MEXICAN GRILLE 3, INC.	12002 RICHMOND AVE STE 100	HOUSTON	TX	77082	101	Y	MB765963	1/21/2011		8/31/2019	19952	1320	3394	0	24666
32042335060	GRACE'S KR MANAGEMENT, LLC	3131 ARGONNE ST	HOUSTON	TX	77098	101	1	GRACE'S ON KIRBY	3111 KIRBY DR	HOUSTON	TX	77098	101	Y	MB836676	4/5/2013		4/30/2019	73331	53588	2912	0	129831
17519330587	CHILI'S BEVERAGE COMPANY, INC.	3000 OLYMPUS BLVD C/O TAX DEPARTMENT	COPPELL	TX	75019	57	367	CHILI'S GRILL & BAR #1548	12131 KATY FWY	HOUSTON	TX	77079	101	Y	MB869613	4/16/2014		6/30/2019	16632	1463	7164	0	25259
32056001319	CC PIZZERIA, INC.	15005 N NORTHSIGHT BLVD	SCOTTSDALE	AZ	85260	0	1	GRIMALDI'S COAL BRICK PIZZERIA	12848 QUEENSBURY LN STE 101	HOUSTON	TX	77024	101	Y	MB989047	7/21/2017		8/31/2019	3532	11839	4823	0	20194
32054691970	JAA EXPRESS, A TEXAS LIMITED LIABILITY COMPANY	6406 BROOKFIELD DR APT B	HOUSTON	TX	77085	101	2	JABASTIAN'S MEXICAN RESTAURANT #6	11460 FUQUA ST STE 900	HOUSTON	TX	77089	101	Y	MB976158	5/18/2018	9/11/2019	8/31/2019	198	0	645	0	843
32065327820	TEX MEX GRILL & BAR LLC	12620 FM 1960 RD W STE A1	HOUSTON	TX	77065	101	1	TEX MEX GRILL & BAR	17117 FM 529 RD	HOUSTON	TX	77095	101	Y	MB1023749	7/21/2020	7/31/2020	1/31/2019	2985	20	1843	0	4848
32078101253	B & G TREE HOUSE, INC.	901 NASA PKWY	HOUSTON	TX	77058	101	1	TREE HOUSE	901 NASA PKWY	HOUSTON	TX	77058	101	Y	MB227149	12/1/1993		8/31/2019	22865	954	11407	0	35226
32050943490	PLUCKERS-SHEPHERD, LP	811 BARTON SPRINGS RD STE 600	AUSTIN	TX	78704	227	1	PLUCKERS WING BAR	1400 SHEPHERD DR	HOUSTON	TX	77007	101	Y	MB854463	10/15/2013		2/28/2019	50603	479	68023	0	119105
17604635296	RE-ER, INC.	8925 RICHMOND AVE	HOUSTON	TX	77063	101	1	METROPOLIS DISCOTHEQUE/EXTRAVAGANZA	8925 RICHMOND AVE	HOUSTON	TX	77063	101	Y	MB253540	5/17/1995		8/31/2019	21196	0	28534	0	49730
17416538647	CHRISTIE'S SEAFOOD RESTAURANT, INC. NO. 2	6029 WESTHEIMER RD	HOUSTON	TX	77057	101	2	CHRISTIE'S SEAFOOD & STEAKS	6029 WESTHEIMER RD	HOUSTON	TX	77057	101	Y	MB127887	12/1/1993		8/31/2019	5355	5958	1638	0	12951
17419565928	MERINO'S LA PLAYA, INC.	PO BOX 9028	HOUSTON	TX	77261	101	1	MERINO'S LOUNGE & LA PLAYA RESTAURANT	7143 HARRISBURG BLVD	HOUSTON	TX	77011	101	Y	MB105716	12/1/1993		2/28/2019	3570	0	8721	0	12291
32061079953	LA FRESCA CLUB NP	250 W 20TH ST STE 300	HOUSTON	TX	77008	101	1	LA FRESCA CLUB	250 W 20TH ST STE 300	HOUSTON	TX	77008	101	Y	NB961673	10/20/2016		8/31/2019	0	0	0	0	0
32068274490	SANMIGUELBEVERAGES, LLC	17030 GLENEVISS DR	HOUSTON	TX	77084	101	1	DAHLIA	2901 FANNIN ST	HOUSTON	TX	77002	101	Y	MB1056866	6/11/2019	11/24/2020	7/31/2019	0	0	0	0	0
32053989078	TW RESTAURANT HOLDER, LLC	1815 THE EXCHANGE SE	ATLANTA	GA	30339	0	22	HOOTERS	12914 NORTHWEST FWY	HOUSTON	TX	77040	101	Y	MB714008	11/1/2014		2/28/2019	5925	126	12888	0	18939
32063708120	GRAPEFRUIT TREE LLC	3210 W DALLAS ST	HOUSTON	TX	77019	101	1	BOUTIQUE NIGHTCLUB	5316 WASHINGTON AVE	HOUSTON	TX	77007	101	Y	MB105785055	9/7/2018	7/31/2022	12/31/2019	0	0	0	0	0
17602156279	EL PALENQUE MEXICAN RESTAURANT AND CANTINA, INC.	1485 SPRING CYPRESS RD	SPRING	TX	77373	101	5	EL PALENQUE MEXICAN RESTAURANT AND CANTINA	10803 WESTHEIMER RD	HOUSTON	TX	77042	101	Y	MB545132	10/9/2003		2/28/2019	0	0	0	0	0
32054354942	MULTIBOT LLC	915 FRANKLIN ST UNIT 6B	HOUSTON	TX	77002	101	1	HOUSTON WATCH COMPANY	913 FRANKLIN ST	HOUSTON	TX	77002	101	Y	MB899255	2/26/2015		10/31/2019	18394	776	2932	0	22102
32057413588	WILLIE'S GRILL & ICEHOUSE LLC	10627 TOWER OAKS BLVD	HOUSTON	TX	77070	101	5	WILLIE'S GRILL & ICEHOUSE	19770 STATE HIGHWAY 249	HOUSTON	TX	77070	101	Y	MB931324	1/8/2016		2/28/2019	12516	2727	14603	0	29846
17604378319	MCELROY'S PUB INCORPORATED	3607 S SANDMAN ST	HOUSTON	TX	77098	101	1	MCELROY'S PUB INCORPORATED	3607 S SANDMAN ST	HOUSTON	TX	77098	101	Y	MB248117	8/5/1994		2/28/2019	19205	932	13033	0	33170
19108474867	RED ROBIN INTERNATIONAL, INC.	10000 E GEDDES AVE STE 500	ENGLEWOOD	CO	80112	0	12	RED ROBIN #504	7620 KATY FWY STE 465	HOUSTON	TX	77024	101	Y	MB947173	6/10/2016		3/31/2019	11303	1189	9765	0	22257
32057413588	WILLIE'S GRILL & ICEHOUSE LLC	10627 TOWER OAKS BLVD	HOUSTON	TX	77070	101	14	WILLIE'S GRILL & ICEHOUSE	19905 KATY FWY	HOUSTON	TX	77094	101	Y	MB930359	12/22/2015		2/28/2019	12003	1761	12280	0	26044
17519330587	CHILI'S BEVERAGE COMPANY, INC.	3000 OLYMPUS BLVD C/O TAX DEPARTMENT	COPPELL	TX	75019	57	265	CHILI'S GRILL & BAR	5841 HIGHWAY 6 N	HOUSTON	TX	77084	101	Y	MB632416	9/1/2006		4/30/2019	23070	744	6468	0	30282
12000615851	TIO CHUCHO RESTAURANT #2, INC.	12822 WILLOW CENTRE DR STE A	HOUSTON	TX	77066	101	1	TIO CHUCHO DOS	11425 WEST RD	HOUSTON	TX	77065	101	Y	MB612181	10/21/2005		2/28/2019	9543	87	1752	0	11382
17514764004	THE DOWNTOWN CLUB, INC.	3030 LYNDON B JOHNSON FWY	DALLAS	TX	75234	57	1	THE MET BUSINESS AND SPORTS CLUB AT DOWNTOWN	ONE ALLEN CENTER, 6TH FLOOR, 340 WEST DALLAS	HOUSTON	TX	77002	101	Y	MB502379	10/31/2001		2/28/2019	2570	3535	2073	0	8178
32057636550	HRIL LONESTAR BEVERAGE, LLC	3000 NORTH LOOP W	HOUSTON	TX	77092	101	1	TUXEDO'S/CIMARRON	3000 NORTH LOOP W	HOUSTON	TX	77092	101	Y	MB933133	1/27/2016		8/31/2019	12780	5043	5874	0	23697
32019714339	SAMMIE J'S BAR & GRILL, INC.	9717 N HOUSTON ROSSLYN RD	HOUSTON	TX	77088	101	1	SAMMIE J'S BAR & GRILL INC	9717 N HOUSTON ROSSLYN RD	HOUSTON	TX	77088	101	Y	MB661332	5/31/2007		8/31/2019	5513	180	7476	0	13169
17602437257	VOSS, INC.	3131 ARGONNE ST	HOUSTON	TX	77098	101	1	CARRABBA'S RESTAURANT	1399 S VOSS	HOUSTON	TX	77057	101	Y	MB202066	12/1/1993		8/31/2019	8974	30014	674	0	39662
32059877145	RAN & ROD ENTERPRISES, LLC	8602 ARRANMORE LN	HOUSTON	TX	77095	101	2	BAMBOLEO	5555 HIGHWAY 6 N	HOUSTON	TX	77084	101	Y	MB250293	7/26/2016		2/28/2019	23345	81	1742	0	25168
32051822677	VUELVE A LA VIDA MARISCOS, INC.	876 LOOP 337 STE 501	NEW BRAUNFELS	TX	78130	46	1	VIDA MARISCOS	22400 STATE HIGHWAY 249	HOUSTON	TX	77070	101	N	MB858528	12/4/2013		2/28/2019	60746	2499	91066	0	154311
32052171488	B & R BUTCHERS, LTD.	1244 N POST OAK RD STE 100	HOUSTON	TX	77055	101	1	B & B BUTCHERS	1814 WASHINGTON AVE	HOUSTON	TX	77007	101	Y	MB904357	4/9/2015		4/30/2019	97614	181873	10941	0	290428
32039596369	BELL TOWER GROUP LLC	901 W 34TH ST	HOUSTON	TX	77018	101	2	THE BELLTOWER ON 34TH	901 W 34TH ST	HOUSTON	TX	77018	101	Y	MB744801	3/25/2010		8/31/2019	9931	23057	7495	0	40483
32044416306	KIRBY BEVERAGE, L.L.C.	110 VENICE ST	SUGAR LAND	TX	77478	79	1	TWIN PEAKS	4527 LOMITAS ST	HOUSTON	TX	77098	101	Y	MB786281	9/30/2011		2/28/2019	68729	1792	122161	0	192682
32067865900	DANNY-LEE ENTERTAINMENT, LLC	1011 CORINTH ST	DALLAS	TX	75215	57	1	BAR 9940	9940 FONDREN RD	HOUSTON	TX	77096	101	Y	MB1036470	11/6/2018	1/14/2020	12/31/2019	0	0	0	0	0
17603060405	IRISH PUB KENNEALLY'S, INC.	2111 S SHEPHERD DR	HOUSTON	TX	77019	101	1	IRISH PUB-KENNEALLY'S	2111 S SHEPHERD DR	HOUSTON	TX	77019	101	Y	MB228737	5/1/2008		8/31/2019	16266	4861	22895	0	44022
32059274046	IRISH CBMT, LP	2450 LOUISIANA ST STE 400-262	HOUSTON	TX	77006	101	1	IRISH COWBOY	2300 LOUISIANA ST	HOUSTON	TX	77006	101	Y	MB939042	3/28/2016	1/13/2020	9/30/2019	0	0	0	0	0
17526981786	LONE STAR FONDUE CONCEPTS, INC.	1404 WOODMONT BLVD	NASHVILLE	TN	37215	0	1	THE MELTING POT RESTAURANT	6100 WESTHEIMER RD STE 146	HOUSTON	TX	77057	101	Y	MB417651	9/26/1997		5/31/2019	16149	11758	1680	0	29587
32012091602	MARY TRAN	5130 E SAM HOUSTON PKWY N STE D	HOUSTON	TX	77015	101	5	MOONLIGHT SPORTS BAR	5130 E SAM HOUSTON PKWY N STE D	HOUSTON	TX	77015	101	Y	MB767986	5/27/2014		8/31/2019	11100	50	6150	0	17300
32059009046	EL CABALLO BLANCO RESTAURANT, LLC	6028 S GESSNER RD	HOUSTON	TX	77036	101	1	EL CABALLO BLANCO RESTAURANT	6028 S GESSNER RD	HOUSTON	TX	77036	101	Y	MB990322	8/4/2017		2/28/2019	4421	0	17372	0	21793
32037706739	FRONTERA KITCHEN, LLC	2121 SAGE RD STE 383	HOUSTON	TX	77056	101	1	SYLVIA'S ENCHILADA KITCHEN	6401 WOODWAY DR STE 105	HOUSTON	TX	77057	101	Y	MB715142	2/18/2009		6/30/2019	41335	5779	5041	0	52155
32050567265	NIGHTINGALE ROOM BAR, L.L.C.	1416 WESTHEIMER RD	HOUSTON	TX	77006	101	1	NIGHTINGALE ROOM BAR, L.L.C	308 MAIN ST STE 100	HOUSTON	TX	77002	101	Y	MB887256	10/16/2014	3/24/2020	9/30/2019	11969	90	2357	0	14416
32061456516	BMB DINING SERVICES (PEARLAND), INC.	5300 MEMORIAL DR STE 1000	HOUSTON	TX	77007	101	2	BOMBSHELLS	13965 SOUTH FWY	HOUSTON	TX	77047	101	Y	RM982520	8/1/2018		2/28/2019	100605	846	61189	0	162640
32051340316	TOSTADA REGIA LONG POINT, LLC	10066 LONG POINT RD STE B	HOUSTON	TX	77055	101	1	TOSTADA REGIA	10066 LONG POINT RD STE B	HOUSTON	TX	77055	101	Y	MB927516	11/20/2015		2/28/2019	0	0	13141	0	13141
17606956773	DUKE OF THE SQUARE, INC.	305 TRAVIS ST	HOUSTON	TX	77002	101	1	CHARBAR	305 TRAVIS ST	HOUSTON	TX	77002	101	Y	MB500023	11/1/2001		2/28/2019	12041	514	4633	0	17188
12317173321	ARAMARK EDUCATIONAL SERVICES OF TEXAS, LLC	PO BOX 7548	PHILADELPHIA	PA	19101	0	66	ARAMARK EDUCATIONAL SERVICES OF TEXAS INC	4800 CALHOUN CONRAD IN HILTON COLLEGE	HOUSTON	TX	77004	101	Y	MB604805	8/17/2005		10/31/2019	0	0	0	0	0
15814983126	RARE HOSPITALITY INTERNATIONAL, INC.	PO BOX 695016	ORLANDO	FL	32869	0	20	LONGHORN STEAKHOUSE #5471	9401 KATY FWY STE A	HOUSTON	TX	77024	101	Y	MB835236	3/21/2013		2/28/2019	11508	7060	6089	0	24657
32038555739	VALENCIA ORANGES IV, LLC	4400 POST OAK PKWY STE 1640	HOUSTON	TX	77027	101	3	VALENCIA ORANGES IV, LLC	800 TOWN AND COUNTRY BLVD STE 139	HOUSTON	TX	77024	101	Y	MB790378	11/17/2011	3/20/2020	2/28/2019	682	650	220	0	1552
17419968528	UNIVERSITY FOOD SERVICES, INC.	2400 YORKMONT RD ATTN: BECKY ANDERSON/TA	CHARLOTTE	NC	28217	0	50	UFS @ UNIVERSITY OF HOUSTON STUDENT CENTER #42366	4800 CALHOUN RD	HOUSTON	TX	77204	101	Y	MB105400230	1/1/2023		10/31/2019	0	0	0	0	0
32059760796	THE FINAL SCORE, INC.	8422 KIRKBROOK DR	HOUSTON	TX	77089	101	1	THE FINAL SCORE, INC.	12880 BEAMER RD	HOUSTON	TX	77089	101	Y	MB956977	9/7/2016	3/1/2021	11/30/2019	19291	0	11007	0	30298
32051085341	HORSERADISH MAYONNAISE, L.L.C.	6412 N MAIN ST STE C	HOUSTON	TX	77009	101	1	LEI LOW	6412 N MAIN ST STE C	HOUSTON	TX	77009	101	Y	MB850404	8/30/2013		6/30/2019	105202	235	2237	0	107674
17605401953	NEIGHBORHOOD RESTAURANTS, INC.	13850 CUTTEN RD	HOUSTON	TX	77069	101	2	CAMPIONI RESTAURANT	13850 CUTTEN RD	HOUSTON	TX	77069	101	Y	MB851059	9/9/2013		8/31/2019	4515	23004	1942	0	29461
32055975331	BITTER M.F.K., LLC	1606 CLEAR LAKE CITY BLVD	HOUSTON	TX	77062	101	1	ROSEWATER	1606 CLEAR LAKE CITY BLVD	HOUSTON	TX	77062	101	Y	MB926353	11/9/2015		10/31/2019	52580	1483	1886	0	55949
17605968605	CHILOS SEAFOOD RESTAURANT, INC.	8334 GULF FWY	HOUSTON	TX	77017	101	1	CHILOS SEAFOOD RESTAURANT	8334 GULF FWY	HOUSTON	TX	77017	101	Y	MB449820	5/7/1999		2/28/2019	5655	0	17700	0	23355
32055257409	HANK'S CAJUN GRILL, INC.	4409 HIGHWAY 6 N	HOUSTON	TX	77084	101	2	HANK'S CAJUN GRILL	4409 HIGHWAY 6 N	HOUSTON	TX	77084	101	Y	MB948421	6/20/2016		8/31/2019	6816	363	8798	0	15977
32061378942	SUITE 100 EDWARDS, LLC	6134 WIGTON DR	HOUSTON	TX	77096	101	1	POITIN	2313 EDWARDS ST	HOUSTON	TX	77007	101	Y	MB1005432	1/25/2018	5/18/2020	9/30/2019	37698	22588	4859	0	65145
17408652000	RIVER OAKS COUNTRY CLUB	1600 RIVER OAKS BLVD	HOUSTON	TX	77019	101	1	RIVER OAKS COUNTRY CLUB	1600 RIVER OAKS BLVD	HOUSTON	TX	77019	101	Y	N 100101948	12/1/1993		9/30/2019	49709	5682	92681	0	148072
17602156279	EL PALENQUE MEXICAN RESTAURANT AND CANTINA, INC.	1485 SPRING CYPRESS RD	SPRING	TX	77373	101	2	EL PALENQUE MEXICAN RESTAURANT AND CANTINA	21161 TOMBALL PKWY	HOUSTON	TX	77070	101	N	MB208202	12/1/1993		2/28/2019	29228	356	4580	0	34164
17603801998	B.J.'S ICE HOUSE, LTD.	12640 BRIAR FOREST DR	HOUSTON	TX	77077	101	1	BIG JOHN'S ICE HOUSE	12640 BRIAR FOREST DR	HOUSTON	TX	77077	101	Y	MB234180	12/1/1993		10/31/2019	24403	1533	21452	0	47388
17606888323	THE POLLUTED PARROT, INC.	907 HAROLD ST	HOUSTON	TX	77006	101	1	GRIFF'S SHENANIGANS CAFE	3614 ROSELAND ST	HOUSTON	TX	77006	101	Y	MB507616	1/8/2002		2/28/2019	22366	295	11796	0	34457
17524461674	OUTBACK BEVERAGES OF TEXAS, LLC	2202 N WEST SHORE BLVD STE 500	TAMPA	FL	33607	0	31	OUTBACK STEAKHOUSE	5710 FM 1960 RD W	HOUSTON	TX	77069	101	Y	MB244055	1/1/2008	4/1/2024	4/30/2019	0	0	0	0	0
32040091871	4412 WASHINGTON, LLC	602 SAWYER ST STE 110	HOUSTON	TX	77007	101	1	LAURENZO'S GRILLE DELLO SPORT	4412 WASHINGTON AVE	HOUSTON	TX	77007	101	Y	MB735727	10/30/2009		10/31/2019	27755	28058	5181	0	60994
32070720860	SPIVEY'S UPTOWN, INC.	2802 FRANCIS ST	HOUSTON	TX	77004	101	1	SPIVEY'S UPTOWN	1419 S LOOP W	HOUSTON	TX	77054	101	Y	MB106369290	9/18/2019	9/30/2022	11/30/2019	0	0	0	0	0
17521936322	300, INC.	7313 BELL CREEK RD	MECHANICSVLLE	VA	23111	0	41	AMF DIAMOND LANES	267 N FOREST BLVD	HOUSTON	TX	77090	101	Y	MB687147	3/18/2008		2/28/2019	11575	564	13692	0	25831
32050952376	CHAYO FOODS INC	12822 WILLOW CENTRE DR STE A	HOUSTON	TX	77066	101	1	HUASTECA MEXICAN GRILL	11650 SOUTHWEST FWY	HOUSTON	TX	77031	101	Y	MB848513	8/9/2013		2/28/2019	578	0	582	0	1160
17606595761	MHI HOUSTON BEVERAGES, L.L.C.	6404 IVY LN STE 800	GREENBELT	MD	20770	0	1	PART & PARCEL/EDGAR'S HERMANO	1700 SMITH ST	HOUSTON	TX	77002	101	Y	MB489873	3/28/2001	3/26/2020	6/30/2019	39244	14288	21308	232	75072
17522637846	BELLA BEVERAGE CORPORATION	5851 LEGACY CIR STE 400	PLANO	TX	75024	43	1	HILTON HOUSTON PLAZA MEDICAL CENTER GRAB AND GO	6633 TRAVIS ST	HOUSTON	TX	77030	101	Y	MB204978	12/1/1993		7/31/2019	19145	7907	9892	0	36944
13201422360	HOUSTON KATZ'S, LP	1850 PARKWAY PL SE STE 1100	MARIETTA	GA	30067	0	1	KATZ'S DELI & BAR	616 WESTHEIMER RD	HOUSTON	TX	77006	101	Y	MB616130	12/16/2005		4/30/2019	16345	3489	5670	0	25504
17418188623	BENIHANA OF TEXAS, INC.	21500 BISCAYNE BLVD STE 900	MIAMI	FL	33180	0	3	BENIHANA OF TOKYO	1318 LOUISIANA ST	HOUSTON	TX	77002	101	Y	MB100939	12/1/1993		2/28/2019	20486	13389	10052	0	43927
32050567265	NIGHTINGALE ROOM BAR, L.L.C.	1416 WESTHEIMER RD	HOUSTON	TX	77006	101	1	NIGHTINGALE ROOM BAR, L.L.C	308 MAIN ST STE 100	HOUSTON	TX	77002	101	Y	MB887256	10/16/2014	3/24/2020	7/31/2019	20057	99	4602	0	24758
32057634951	ACMJKPR AMUSEMENT, LLC	9110 JONES RD STE 100	HOUSTON	TX	77065	101	1	JB'S PUB & GRILL	9110 JONES RD STE 100	HOUSTON	TX	77065	101	Y	MB970936	1/31/2017		2/28/2019	28474	220	13337	0	42031
32061378942	SUITE 100 EDWARDS, LLC	6134 WIGTON DR	HOUSTON	TX	77096	101	1	POITIN	2313 EDWARDS ST	HOUSTON	TX	77007	101	Y	MB1005432	1/25/2018	5/18/2020	4/30/2019	38946	22961	4795	0	66702
17519330587	CHILI'S BEVERAGE COMPANY, INC.	3000 OLYMPUS BLVD C/O TAX DEPARTMENT	COPPELL	TX	75019	57	126	CHILIS GRILL & BAR	6121 WESTHEIMER RD	HOUSTON	TX	77057	101	Y	MB468195	3/14/2000		4/30/2019	23203	2310	6089	0	31602
17419968528	UNIVERSITY FOOD SERVICES, INC.	2400 YORKMONT RD ATTN: BECKY ANDERSON/TA	CHARLOTTE	NC	28217	0	43	AMEX CENTURION CLUB	3870 N TERMINAL RD   TERMINAL D 3RD LEVEL	HOUSTON	TX	77032	101	Y	MB945009	5/24/2016		2/28/2019	11420	18229	3471	0	33120
32058380380	ALESH CORPORATION	6802 REGAL LAKES DR	KATY	TX	77493	101	1	CENTENARIO POOL & BAR	9890 SOUTHWEST FWY	HOUSTON	TX	77074	101	Y	MB939774	4/4/2016	2/8/2021	6/30/2019	2050	0	6810	0	8860
32061188622	FASTRAK EXPRESS 3, LLC.	403 GREENS RD	HOUSTON	TX	77060	101	4	FASTRAK MICHELADAS BOTANAS Y PISTO	403 GREENS RD	HOUSTON	TX	77060	101	Y	MB1051630	4/22/2019	6/30/2021	5/31/2019	4532	0	3897	0	8429
12029156614	ASHFORD TRS LESSEE II LLC	14185 DALLAS PKWY STE 1150	DALLAS	TX	75254	57	3	NASSAU BAY HILTON	3000 NASA RD 1	HOUSTON	TX	77058	101	Y	MB751137	6/25/2010		2/28/2019	13778	7875	10238	0	31891
32063084811	WLC GROUP LLC	3206 PATRICIA LN	PEARLAND	TX	77581	20	1	HIGH & DRY	306 MAIN ST STE 200	HOUSTON	TX	77002	101	Y	MB989611	7/27/2017	7/1/2023	3/31/2019	65250	2308	7484	0	75042
17519330587	CHILI'S BEVERAGE COMPANY, INC.	3000 OLYMPUS BLVD C/O TAX DEPARTMENT	COPPELL	TX	75019	57	367	CHILI'S GRILL & BAR #1548	12131 KATY FWY	HOUSTON	TX	77079	101	Y	MB869613	4/16/2014		4/30/2019	22254	1860	8905	0	33019
32055658705	WE RUN HOU, LLC	1703 SILVER ST	HOUSTON	TX	77007	101	1	ENGINE ROOM	1515 PEASE ST STE 101	HOUSTON	TX	77002	101	Y	MB901299	3/17/2015	3/16/2021	12/31/2019	0	0	0	0	0
18611104292	PO GRILL GALLERIA, LLC	1415 S POST OAK LN	HOUSTON	TX	77056	101	1	POST OAK GRILL	1415 S POST OAK LN	HOUSTON	TX	77056	101	Y	MB569477	12/17/2004		10/31/2019	9204	15885	1058	0	26147
30117413697	LOS CUCOS MEXICAN CAFE, INC.	876 LOOP 337 STE 501	NEW BRAUNFELS	TX	78130	46	2	LOS CUCOS MEXICAN CAFE	16216 CLAY RD	HOUSTON	TX	77084	101	Y	MB545061	10/2/2003		2/28/2019	50690	2008	12857	0	65555
32060335620	ICLUB HOUSTON INC	8320 SOUTHWEST FWY	HOUSTON	TX	77074	101	1	EL PARRAL WEST	8320 SOUTHWEST FWY	HOUSTON	TX	77074	101	Y	MB200087550	3/14/2023		2/28/2019	17006	0	8824	0	25830
32048633252	GSM WINGS III, LLC	12660 S KIRKWOOD RD	STAFFORD	TX	77477	79	6	BREWINGZ	13516 EAST FWY	HOUSTON	TX	77015	101	Y	MB842365	6/5/2013		2/28/2019	6535	36	16570	0	23141
17418974006	MOLINA'S MEXICO CITY RESTAURANTS, INC.	PO BOX 631368	HOUSTON	TX	77263	101	8	MOLINA'S MEXICAN RESTAURANT	7901 WESTHEIMER RD	HOUSTON	TX	77063	101	Y	MB204275	12/1/1995		6/30/2019	68527	4615	9677	0	82819
17604846489	FIRST CLASS EVENTS, INCORPORATED	3408 DELANO ST	HOUSTON	TX	77004	101	2	THE WUNDERBAR	2305 ALABAMA ST	HOUSTON	TX	77004	101	Y	MB750740	6/21/2010	5/1/2022	10/31/2019	0	0	0	0	0
32062485571	AHTRST CONCESSIONS, LLC	5301 HEADQUARTERS DR	PLANO	TX	75024	43	14	COURTYARD HOUSTON NORTH	16500 HEDGECROFT DR	HOUSTON	TX	77060	101	Y	MB1008561	2/28/2018	10/17/2019	6/30/2019	0	0	0	0	0
32058380380	ALESH CORPORATION	6802 REGAL LAKES DR	KATY	TX	77493	101	1	CENTENARIO POOL & BAR	9890 SOUTHWEST FWY	HOUSTON	TX	77074	101	Y	MB939774	4/4/2016	2/8/2021	2/28/2019	2900	0	9250	0	12150
32044329418	OUR HOTELS, LLC	1785 STATE HIGHWAY 26 STE 400	GRAPEVINE	TX	76051	220	17	AC HOTEL BY MARRIOTT HOUSTON	723 MAIN ST	HOUSTON	TX	77002	101	Y	MB1057367	6/17/2019	6/17/2023	6/30/2019	0	0	0	0	0
32052869248	KLH 909 LP	222 LAS COLINAS BLVD W STE 2250N	IRVING	TX	75039	57	1	KLH 909 LP	909 TEXAS ST STE 2A	HOUSTON	TX	77002	101	Y	MB883723	9/10/2014		8/31/2019	29147	6920	10017	0	46084
32051543133	ROCKET FARM RESTAURANTS, LLC	1175 CHATTAHOOCHEE AVE NW	ATLANTA	GA	30318	0	2	STATE OF GRACE	3256 WESTHEIMER RD	HOUSTON	TX	77098	101	Y	MB877330	8/1/2015		1/31/2019	58226	106160	6034	0	170420
32048633237	GSM WINGS V, LLC	12660 S KIRKWOOD RD	STAFFORD	TX	77477	79	6	BREWINGZ	8490 S SAM HOUSTON PKWY E	HOUSTON	TX	77075	101	Y	MB842602	6/6/2013		2/28/2019	6536	188	15651	0	22375
32041161582	LOS CUCOS MEXICAN CAFE XXVI, INC.	876 LOOP 337 STE 501	NEW BRAUNFELS	TX	78130	46	1	LOS CUCOS MEXICAN CAFE	10690 NORTHWEST FWY	HOUSTON	TX	77092	101	Y	MB445151	1/11/2011		4/30/2019	25681	1371	8618	0	35670
17524461674	OUTBACK BEVERAGES OF TEXAS, LLC	2202 N WEST SHORE BLVD STE 500	TAMPA	FL	33607	0	31	OUTBACK STEAKHOUSE	5710 FM 1960 RD W	HOUSTON	TX	77069	101	Y	MB244055	1/1/2008	4/1/2024	1/31/2019	0	0	0	0	0
17417066358	HRC-RC, INC.	10709 MEMORIAL DR	HOUSTON	TX	77024	101	1	HOUSTON RACQUET CLUB	10709 MEMORIAL DR	HOUSTON	TX	77024	101	Y	MB066254	9/1/2011		2/28/2019	31976	68234	6095	0	106305
17419968528	UNIVERSITY FOOD SERVICES, INC.	2400 YORKMONT RD ATTN: BECKY ANDERSON/TA	CHARLOTTE	NC	28217	0	50	UFS @ UNIVERSITY OF HOUSTON STUDENT CENTER #42366	4800 CALHOUN RD	HOUSTON	TX	77204	101	Y	MB105400230	1/1/2023		9/30/2019	0	0	0	0	0
17605812878	HOUSTON CHINA GARDEN II, INC.	1602 LEELAND ST	HOUSTON	TX	77003	101	1	CHINA GARDEN	1602 LEELAND ST	HOUSTON	TX	77003	101	Y	MB113378	9/1/1998	10/8/2020	1/31/2019	3498	1655	2369	0	7522
17524461674	OUTBACK BEVERAGES OF TEXAS, LLC	2202 N WEST SHORE BLVD STE 500	TAMPA	FL	33607	0	30	OUTBACK STEAKHOUSE	8731 WEST LOOP S	HOUSTON	TX	77096	101	Y	MB422649	1/1/2008	4/1/2024	12/31/2019	0	0	0	0	0
17601524568	NIPPON RESTAURANT, INC.	4464 MONTROSE BLVD	HOUSTON	TX	77006	101	2	NIPPON RESTAURANT	4464 MONTROSE BLVD	HOUSTON	TX	77006	101	Y	MB177548	1/1/1996		8/31/2019	956	8174	3619	0	12749
32063523008	YM HIBACHI INC	16310 GOANNA CT	SUGAR LAND	TX	77498	79	2	WAGYU HIBACHI AND SUSHI BAR	3239 SOUTHWEST FWY	HOUSTON	TX	77027	101	Y	MB1025868	8/7/2018	9/9/2019	1/31/2019	841	838	590	0	2269
17604854111	SALTGRASS, INC.	1510 WEST LOOP S ATTN: TAX DEPT	HOUSTON	TX	77027	101	26	SALTGRASS STEAKHOUSE	520 MEYERLAND PLAZA MALL	HOUSTON	TX	77096	101	Y	MB535563	5/19/2003		8/31/2019	33298	13987	9981	0	57266
32063084811	WLC GROUP LLC	3206 PATRICIA LN	PEARLAND	TX	77581	20	1	HIGH & DRY	306 MAIN ST STE 200	HOUSTON	TX	77002	101	Y	MB989611	7/27/2017	7/1/2023	12/31/2019	86695	2682	9143	0	98520
17604055420	JEZ, INC.	12779 JONES RD STE 115	HOUSTON	TX	77070	101	1	TONY'S TAVERN & SPORTS BAR	12779 JONES RD STE 115	HOUSTON	TX	77070	101	Y	MB239731	12/1/1993		8/31/2019	42876	515	18184	0	61575
17606284846	MANDOLA BROS. L.L.C.	4302 RICHMOND AVE	HOUSTON	TX	77027	101	1	RAGIN CAJUN	80 WOODLAKE SQ	HOUSTON	TX	77063	101	Y	MB472201	5/23/2000	2/1/2022	4/30/2019	16463	4374	17423	0	38260
17526981786	LONE STAR FONDUE CONCEPTS, INC.	1404 WOODMONT BLVD	NASHVILLE	TN	37215	0	1	THE MELTING POT RESTAURANT	6100 WESTHEIMER RD STE 146	HOUSTON	TX	77057	101	Y	MB417651	9/26/1997		7/31/2019	15028	11631	1757	0	28416
17521936322	300, INC.	7313 BELL CREEK RD	MECHANICSVLLE	VA	23111	0	9	AMF WINDFERN LANES	14441 NORTHWEST FWY	HOUSTON	TX	77040	101	Y	MB113437	6/1/2000		2/28/2019	6862	347	9066	0	16275
32055622909	HG HOTEL BEVERAGE LLC	10306 EATON PL STE 430	FAIRFAX	VA	22030	0	1	HG HOTEL BEVERAGE LLC	5353 WESTHEIMER RD	HOUSTON	TX	77056	101	Y	MB902110	3/23/2015		2/28/2019	23470	6634	12467	0	42571
32055166667	FOREVER MCNE L.L.C.	977 NASA PKWY	HOUSTON	TX	77058	101	1	MASA SUSHI JAPANESE FUSION RESTAURANT	977 NASA PKWY	HOUSTON	TX	77058	101	Y	MB898494	2/17/2015		6/30/2019	3284	8313	4408	0	16005
32065327820	TEX MEX GRILL & BAR LLC	12620 FM 1960 RD W STE A1	HOUSTON	TX	77065	101	1	TEX MEX GRILL & BAR	17117 FM 529 RD	HOUSTON	TX	77095	101	Y	MB1023749	7/21/2020	7/31/2020	6/30/2019	3391	0	3500	0	6891
32060997502	KULTURE@GRB LLC	3710 TRAVIS ST	HOUSTON	TX	77002	101	1	KULTURE	701 AVENIDA DE LAS AMERICAS # A	HOUSTON	TX	77010	101	Y	MB994393	9/15/2017		8/31/2019	23294	3511	2290	0	29095
17606595761	MHI HOUSTON BEVERAGES, L.L.C.	6404 IVY LN STE 800	GREENBELT	MD	20770	0	1	PART & PARCEL/EDGAR'S HERMANO	1700 SMITH ST	HOUSTON	TX	77002	101	Y	MB489873	3/28/2001	3/26/2020	4/30/2019	47295	18839	29466	232	95832
17601930666	PAPPAS RESTAURANTS, INC.	13939 NORTHWEST FWY	HOUSTON	TX	77040	101	11	PAPPASITO'S CANTINA 2	15280 NORTH FWY	HOUSTON	TX	77090	101	N	MB173796	12/1/1993		8/31/2019	94974	2616	18573	0	116163
12317173321	ARAMARK EDUCATIONAL SERVICES OF TEXAS, LLC	PO BOX 7548	PHILADELPHIA	PA	19101	0	91	ARAMARK EDUCATIONAL SERVICES OF TEXAS LLC	4800 CALHOUN UNIVERSITY, STUDENT CENTER BUILDING	HOUSTON	TX	77004	101	Y	MB604801	8/17/2005		8/31/2019	0	0	0	0	0
32058228472	HOUSTON PROVISIONS, LLC	1 GREENWAY PLZ STE 330	HOUSTON	TX	77046	101	1	ONE ARMED SCISSOR	208 TRAVIS ST	HOUSTON	TX	77002	101	Y	MB940514	4/8/2016		10/31/2019	13880	28	1887	0	15795
32047255552	JANITZIO SEAFOOD, LLC	1817 WIRT RD	HOUSTON	TX	77055	101	1	OSTIONERIA MICHOACAN #7	1817 WIRT RD	HOUSTON	TX	77055	101	Y	MB846132	7/16/2013	11/6/2019	5/31/2019	6875	0	50010	0	56885
17604217400	MALDONADO BROTHERS CORPORATION	11811 NORTH FWY STE 105	HOUSTON	TX	77060	101	2	OSTIONERIA MICHOACAN	11402 NORTH FWY	HOUSTON	TX	77060	101	Y	MB257240	7/23/2004		8/31/2019	49915	342	128475	0	178732
32037706739	FRONTERA KITCHEN, LLC	2121 SAGE RD STE 383	HOUSTON	TX	77056	101	1	SYLVIA'S ENCHILADA KITCHEN	6401 WOODWAY DR STE 105	HOUSTON	TX	77057	101	Y	MB715142	2/18/2009		11/30/2019	39607	6217	4455	0	50279
17519330587	CHILI'S BEVERAGE COMPANY, INC.	3000 OLYMPUS BLVD C/O TAX DEPARTMENT	COPPELL	TX	75019	57	126	CHILIS GRILL & BAR	6121 WESTHEIMER RD	HOUSTON	TX	77057	101	Y	MB468195	3/14/2000		6/30/2019	16319	2395	5040	0	23754
32018698210	MR. PURPLE RESTAURANT, LLC	PO BOX 132794	SPRING	TX	77393	170	2	COPPA OSTERIA	5210 MORNINGSIDE DR	HOUSTON	TX	77005	101	Y	MB647509	4/22/2013		2/28/2019	30719	93668	4036	0	128423
32047970895	HONDURAS MAYA CAFE & BAR LLC	8011 HAZEN ST	HOUSTON	TX	77036	101	1	HONDURAS MAYA CAFE & BAR LLC	5945 BELLAIRE BLVD STE B	HOUSTON	TX	77081	101	Y	MB817033	8/16/2012	9/12/2019	6/30/2019	0	0	0	0	0
17602000527	LAMPASAS, INC.	9755 KATY FWY	HOUSTON	TX	77024	101	3	CIRO'S ITALIAN GRILL	9755 KATY FWY STE A	HOUSTON	TX	77024	101	Y	MB984017	5/31/2017		6/30/2019	41996	109201	9769	0	160966
17600480549	TEXANA BRAND, LLC	2422 BARTLETT ST STE 1	HOUSTON	TX	77098	101	2	GOODE COMPANY HAMBURGER	4902 KIRBY DR	HOUSTON	TX	77098	101	Y	MB177556	12/1/1993		6/30/2019	18246	2152	5236	0	25634
32064884607	BARTENDING2U, LLC	4560 W 34TH ST STE A	HOUSTON	TX	77092	101	1	BARTENDING2U, LLC	11106 BAMMEL NORTH HOUSTON RD STE B	HOUSTON	TX	77066	101	N	MB105559592	2/1/2018	12/31/2022	2/28/2019	2411	1502	3538	0	7451
32040700646	WILDCATTER 2 SPORTS BAR INC.	12337 BISSONNET ST	HOUSTON	TX	77099	101	1	WILDCATTER 2 SPORTS BAR	12337 BISSONNET ST	HOUSTON	TX	77099	101	Y	MB241642	12/1/2009		10/31/2019	9693	51	9830	0	19574
17605462294	PERRY'S RESTAURANTS, LTD.	9805 KATY FWY STE 650	HOUSTON	TX	77024	101	7	PERRY'S STEAKHOUSE & GRILLE	9827 KATY FWY	HOUSTON	TX	77024	101	Y	MB681018	1/15/2008		4/30/2019	44211	69368	5010	0	118589
32059760796	THE FINAL SCORE, INC.	8422 KIRKBROOK DR	HOUSTON	TX	77089	101	1	THE FINAL SCORE, INC.	12880 BEAMER RD	HOUSTON	TX	77089	101	Y	MB956977	9/7/2016	3/1/2021	12/31/2019	20424	0	11821	0	32245
32000861685	FOUNTAIN FOODS, INC.	25600 WESTHEIMER PKWY STE 110	KATY	TX	77494	79	2	HARVEST ORGANIC GRILLE	1810 FOUNTAIN VIEW DR	HOUSTON	TX	77057	101	Y	MB817402	8/21/2012	6/1/2019	4/30/2019	0	0	0	0	0
17604854111	SALTGRASS, INC.	1510 WEST LOOP S ATTN: TAX DEPT	HOUSTON	TX	77027	101	7	SALTGRASS STEAKHOUSE #15	17275 TOMBALL PKWY	HOUSTON	TX	77064	101	Y	MB529261	2/10/2003		10/31/2019	35086	14453	12054	0	61593
32057122361	2239 RICHMOND, LLC	1225 NORTH LOOP W STE 640	HOUSTON	TX	77008	101	1	DINO'S DEN	2239 RICHMOND AVE	HOUSTON	TX	77098	101	Y	MB914463	7/16/2015		8/31/2019	27674	1379	6717	0	35770
14505875063	NEW STARLAND CORPORATION	10310 WESTPARK DR	HOUSTON	TX	77042	101	1	SHOGUN JAPANESE GRILL & SUSHI	114 VINTAGE PARK BLVD STE A	HOUSTON	TX	77070	101	Y	MB699987	8/5/2008		8/31/2019	8813	6412	3690	0	18915
12009209193	CARDOSO ENTERPRISES INC	12822 WILLOW CENTRE DR STE A	HOUSTON	TX	77066	101	1	TWO AMIGOS RESTAURANT	14121 NORTHWEST FWY STE A	HOUSTON	TX	77040	101	Y	MB561864	9/10/2004		10/31/2019	5544	117	1959	0	7620
32059009046	EL CABALLO BLANCO RESTAURANT, LLC	6028 S GESSNER RD	HOUSTON	TX	77036	101	1	EL CABALLO BLANCO RESTAURANT	6028 S GESSNER RD	HOUSTON	TX	77036	101	Y	MB990322	8/4/2017		9/30/2019	3853	186	16777	0	20816
32052043786	DELIGHT HOOKAH LOUNGE CORPORATION	4719 TAHOE CANYON LN	HOUSTON	TX	77084	101	1	DELIGHT HOOKAH LOUNGE	9421 HIGHWAY 6 S	HOUSTON	TX	77083	79	Y	MB1020665	6/27/2018	1/30/2020	10/31/2019	0	0	373	0	373
32059760796	THE FINAL SCORE, INC.	8422 KIRKBROOK DR	HOUSTON	TX	77089	101	1	THE FINAL SCORE, INC.	12880 BEAMER RD	HOUSTON	TX	77089	101	Y	MB956977	9/7/2016	3/1/2021	5/31/2019	4898	0	4103	0	9001
12606399942	BAR MT, LLC	2315 BAGBY ST STE B	HOUSTON	TX	77006	101	1	SHOT BAR	2315 BAGBY ST STE B	HOUSTON	TX	77006	101	Y	MB678284	12/5/2007		10/31/2019	92555	0	14658	0	107213
17527348464	MAGGIANO'S BEVERAGE COMPANY	3000 OLYMPUS BLVD ATTN: TAX DEPT.	COPPELL	TX	75019	57	12	MAGGIANO'S LITTLE ITALY	602 MEMORIAL CITY WAY	HOUSTON	TX	77024	101	Y	MB939918	4/5/2016		2/28/2019	10975	29976	3042	0	43993
32063708120	GRAPEFRUIT TREE LLC	3210 W DALLAS ST	HOUSTON	TX	77019	101	1	BOUTIQUE NIGHTCLUB	5316 WASHINGTON AVE	HOUSTON	TX	77007	101	Y	MB105785055	9/7/2018	7/31/2022	5/31/2019	0	0	0	0	0
17527408888	ROADHOUSE ENTERPRISES, INC.	6040 DUTCHMANS LN ATTN: TAX DEPT	LOUISVILLE	KY	40205	0	37	TEXAS ROADHOUSE	124 FM 1960 RD E	HOUSTON	TX	77073	101	Y	MB649314	1/22/2007		6/30/2019	37814	2797	23751	0	64362
32067521651	COACHES J-C, LLC	4925 MAYFLOWER ST	HOUSTON	TX	77033	101	1	COACHES CORNER SPORTS BAR	7818 ALMEDA RD	HOUSTON	TX	77054	101	Y	MB871056	11/14/2018	9/12/2019	4/30/2019	4420	361	1558	0	6339
32055622909	HG HOTEL BEVERAGE LLC	10306 EATON PL STE 430	FAIRFAX	VA	22030	0	1	HG HOTEL BEVERAGE LLC	5353 WESTHEIMER RD	HOUSTON	TX	77056	101	Y	MB902110	3/23/2015		10/31/2019	16919	10496	6311	0	33726
32054905271	MONTROSE REVIVAL GROUP LLC	408 WESTHEIMER RD	HOUSTON	TX	77006	101	3	LOVE BUZZ	412 WESTHEIMER RD	HOUSTON	TX	77006	101	Y	MB889141	10/31/2014	5/13/2024	1/31/2019	8760	1302	8420	0	18482
32060335620	ICLUB HOUSTON INC	8320 SOUTHWEST FWY	HOUSTON	TX	77074	101	1	EL PARRAL WEST	8320 SOUTHWEST FWY	HOUSTON	TX	77074	101	Y	MB200087550	3/14/2023		5/31/2019	14520	0	10164	0	24684
32057317813	HOST H8 IAH FB I, LLC	6905 ROCKLEDGE DR	BETHESDA	MD	20817	0	7	LANDRY'S SEAFOOD	3500 N TERMINAL RD	HOUSTON	TX	77032	101	Y	MB912932	7/1/2015		6/30/2019	40039	23235	26047	0	89321
32061597749	TIMES INFINITY, LLC	37 SCOTSMOOR CT	SUGAR LAND	TX	77479	79	1	STRAYLIGHT	3229 NAVIGATION BLVD STE A	HOUSTON	TX	77003	101	Y	MB989040	7/21/2017	7/20/2021	6/30/2019	0	0	0	0	0
32043925992	1011 MCGOWEN GROUP, LTD.	1505 ISABELLA ST	HOUSTON	TX	77004	101	1	MVSC-MONGOOSE VERSUS COBRA	1011 MCGOWEN ST	HOUSTON	TX	77002	101	Y	MB788866	10/28/2011	10/9/2020	3/31/2019	35657	1540	14926	0	52123
17605916497	FRENCH QUARTER RESTAURANTS, INC.	7099 HIGHWAY 6 N	HOUSTON	TX	77095	101	3	FRENCH QUARTER MARKET & GRILL	7099 HIGHWAY 6 N	HOUSTON	TX	77095	101	Y	MB559099	6/18/2004		4/30/2019	11395	2576	4693	0	18664
17606974859	TAQUERIA TEPATITLAN NO. 11 INC	5545 SOUTHWEST FWY	HOUSTON	TX	77056	101	1	TAQUERIA TEPATITLAN NO 11 INC	5545 SOUTHWEST FWY	HOUSTON	TX	77056	101	Y	MB516014	4/30/2002		6/30/2019	8161	0	14189	0	22350
32061378942	SUITE 100 EDWARDS, LLC	6134 WIGTON DR	HOUSTON	TX	77096	101	1	POITIN	2313 EDWARDS ST	HOUSTON	TX	77007	101	Y	MB1005432	1/25/2018	5/18/2020	11/30/2019	26178	7172	2883	0	36233
17519330587	CHILI'S BEVERAGE COMPANY, INC.	3000 OLYMPUS BLVD C/O TAX DEPARTMENT	COPPELL	TX	75019	57	303	CHILI'S GRILL & BAR	7408 S SAM HOUSTON PKWY W	HOUSTON	TX	77085	101	Y	MB668599	8/16/2007		4/30/2019	27225	438	6032	0	33695
32067521651	COACHES J-C, LLC	4925 MAYFLOWER ST	HOUSTON	TX	77033	101	1	COACHES CORNER SPORTS BAR	7818 ALMEDA RD	HOUSTON	TX	77054	101	Y	MB871056	11/14/2018	9/12/2019	1/31/2019	4777	587	1265	0	6629
32078101253	B & G TREE HOUSE, INC.	901 NASA PKWY	HOUSTON	TX	77058	101	1	TREE HOUSE	901 NASA PKWY	HOUSTON	TX	77058	101	Y	MB227149	12/1/1993		1/31/2019	24271	1145	13172	0	38588
13200661919	UPTOWN SUSHI, INC.	1131 UPTOWN PARK BLVD STE 14	HOUSTON	TX	77056	101	1	UPTOWN SUSHI	1131 UPTOWN PARK BLVD STE 14	HOUSTON	TX	77056	101	Y	MB547691	12/8/2003		10/31/2019	35075	36080	5136	0	76291
17419812965	MERIDA INC.	2509 NAVIGATION BLVD	HOUSTON	TX	77003	101	1	MERIDA RESTAURANT	2509 NAVIGATION BLVD	HOUSTON	TX	77003	101	Y	MB117478	12/1/1993		8/31/2019	1872	137	835	0	2844
17410344000	PINE FOREST COUNTRY CLUB	18003 CLAY RD	HOUSTON	TX	77084	101	2	PINE FOREST COUNTRY CLUB	18003 CLAY RD	HOUSTON	TX	77084	101	N	MB702167	8/30/2008		10/31/2019	9720	15425	8474	0	33619
17521332019	OLIVE GARDEN OF TEXAS, LLC	PO BOX 695011	ORLANDO	FL	32869	0	5	OLIVE GARDEN OF TEXAS #1040	10830 NORTHWEST FWY	HOUSTON	TX	77092	101	Y	MB190271	12/1/1993		10/31/2019	6547	5950	1656	0	14153
32057317813	HOST H8 IAH FB I, LLC	6905 ROCKLEDGE DR	BETHESDA	MD	20817	0	6	HOST H8 IAH FB I LLC (MOCKINGBIRD DISTILLERY & SM)	2800 N TERMINAL RD	HOUSTON	TX	77032	101	Y	MB912935	7/1/2015		4/30/2019	32894	8535	22696	0	64125
32044341009	PUNTA CANA RESTAURANT, LLC	17776 STATE HIGHWAY 249 STE 21	HOUSTON	TX	77064	101	1	PUNTA CANA RESTAURANT	17776 STATE HIGHWAY 249 STE 21	HOUSTON	TX	77064	101	Y	MB858985	12/9/2013		10/31/2019	947	326	621	0	1894
19108474867	RED ROBIN INTERNATIONAL, INC.	10000 E GEDDES AVE STE 500	ENGLEWOOD	CO	80112	0	15	RED ROBIN #510	22455 STATE HIGHWAY 249	HOUSTON	TX	77070	101	Y	MB949443	6/29/2016		3/31/2019	3811	687	4394	0	8892
17419968528	UNIVERSITY FOOD SERVICES, INC.	2400 YORKMONT RD ATTN: BECKY ANDERSON/TA	CHARLOTTE	NC	28217	0	49	UFS @ U OF H STUDENT CENTER & TACA CABANA #42366	3874 HOLMAN ST STE D	HOUSTON	TX	77004	101	Y	MB994418	9/15/2017	12/31/2022	7/31/2019	0	0	0	0	0
32058075816	EDDIE V'S HOLDINGS, LLC	PO BOX 695011	ORLANDO	FL	32869	0	5	EDDIE V'S PRIME SEAFOOD	12848 QUEENSBURY LN STE 200	HOUSTON	TX	77024	101	Y	MB796621	2/1/2016		10/31/2019	54638	79171	3786	0	137595
32012091602	MARY TRAN	5130 E SAM HOUSTON PKWY N STE D	HOUSTON	TX	77015	101	5	MOONLIGHT SPORTS BAR	5130 E SAM HOUSTON PKWY N STE D	HOUSTON	TX	77015	101	Y	MB767986	5/27/2014		10/31/2019	10800	100	6950	0	17850
17605812878	HOUSTON CHINA GARDEN II, INC.	1602 LEELAND ST	HOUSTON	TX	77003	101	1	CHINA GARDEN	1602 LEELAND ST	HOUSTON	TX	77003	101	Y	MB113378	9/1/1998	10/8/2020	3/31/2019	5952	2576	2689	0	11217
32060335620	ICLUB HOUSTON INC	8320 SOUTHWEST FWY	HOUSTON	TX	77074	101	1	EL PARRAL WEST	8320 SOUTHWEST FWY	HOUSTON	TX	77074	101	Y	MB200087550	3/14/2023		9/30/2019	27881	0	7299	0	35180
32064884607	BARTENDING2U, LLC	4560 W 34TH ST STE A	HOUSTON	TX	77092	101	1	BARTENDING2U, LLC	11106 BAMMEL NORTH HOUSTON RD STE B	HOUSTON	TX	77066	101	N	MB105559592	2/1/2018	12/31/2022	4/30/2019	6208	3599	4685	0	14492
32063708120	GRAPEFRUIT TREE LLC	3210 W DALLAS ST	HOUSTON	TX	77019	101	1	BOUTIQUE NIGHTCLUB	5316 WASHINGTON AVE	HOUSTON	TX	77007	101	Y	MB105785055	9/7/2018	7/31/2022	1/31/2019	0	0	0	0	0
17519330587	CHILI'S BEVERAGE COMPANY, INC.	3000 OLYMPUS BLVD C/O TAX DEPARTMENT	COPPELL	TX	75019	57	21	CHILI'S HAMBURGER GRILL & BAR	12897 GULF FWY	HOUSTON	TX	77034	101	Y	MB160467	12/1/1993		4/30/2019	21912	486	6363	0	28761
17606284846	MANDOLA BROS. L.L.C.	4302 RICHMOND AVE	HOUSTON	TX	77027	101	1	RAGIN CAJUN	80 WOODLAKE SQ	HOUSTON	TX	77063	101	Y	MB472201	5/23/2000	2/1/2022	7/31/2019	5018	1669	4685	0	11372
17525258012	EIGHT-O MANAGEMENT, INC.	1722 S HARWOOD ST	DALLAS	TX	75215	57	9	THE FLYING SAUCER DRAUGHT EMPORIUM	705 MAIN ST STE A	HOUSTON	TX	77002	101	Y	MB470301	4/14/2000		8/31/2019	21993	4966	157395	0	184354
32067865900	DANNY-LEE ENTERTAINMENT, LLC	1011 CORINTH ST	DALLAS	TX	75215	57	1	BAR 9940	9940 FONDREN RD	HOUSTON	TX	77096	101	Y	MB1036470	11/6/2018	1/14/2020	7/31/2019	0	0	0	0	0
17606505034	UNCLES ACQUISITION CORP.	PO BOX 22225	HOUSTON	TX	77227	101	2	LOS TIOS MEXICAN RESTAURANT	4840 BEECHNUT ST	HOUSTON	TX	77096	101	Y	MB480738	10/1/2000		1/31/2019	47898	1378	4777	0	54053
17606220915	HOUSTON AQUARIUM, INC.	1510 WEST LOOP S	HOUSTON	TX	77027	101	1	DOWNTOWN AQUARIUM	410 BAGBY ST	HOUSTON	TX	77002	101	Y	MB516011	6/6/2002		10/31/2019	29579	16088	10423	0	56090
17605780653	DOWNTOWN INTERESTS, LTD.	1314 TEXAS ST STE 100	HOUSTON	TX	77002	101	2	IRMA'S SOUTHWEST	1423 TEXAS ST UNIT 146	HOUSTON	TX	77002	101	Y	MB447024	11/1/2018		10/31/2019	95654	6954	22190	0	124798
17527927499	SSP AMERICA TEXAS, INC.	20408 BASHAN DR STE 300	ASHBURN	VA	20147	0	20	EXECUTIVE LOUNGE: TERMINAL D, ACROSS GATE D6.	3875 N TERMINAL RD	HOUSTON	TX	77032	101	Y	MB104402609	7/1/2015		12/31/2019	32015	7366	64713	0	104094
13200661919	UPTOWN SUSHI, INC.	1131 UPTOWN PARK BLVD STE 14	HOUSTON	TX	77056	101	1	UPTOWN SUSHI	1131 UPTOWN PARK BLVD STE 14	HOUSTON	TX	77056	101	Y	MB547691	12/8/2003		8/31/2019	47849	44071	6507	0	98427
32055622909	HG HOTEL BEVERAGE LLC	10306 EATON PL STE 430	FAIRFAX	VA	22030	0	1	HG HOTEL BEVERAGE LLC	5353 WESTHEIMER RD	HOUSTON	TX	77056	101	Y	MB902110	3/23/2015		3/31/2019	16418	6584	8293	0	31295
17415605157	ST FRANCIS OF ASSISSI CATHOLIC PARISH	5102 DABNEY ST	HOUSTON	TX	77026	101	1	THE BAZAAR	5102 DABNEY ST	HOUSTON	TX	77026	101	Y	TB3228778	10/5/2019	10/6/2019	10/31/2019	1242	0	1600	0	2842
32053681907	SSJA LLC	6166 HIGHWAY 6 N UNIT 22	HOUSTON	TX	77084	101	1	AGUIRRES TEX MEX	6166 HIGHWAY 6 N UNIT 22	HOUSTON	TX	77084	101	Y	MB910198	6/8/2015	7/11/2023	12/31/2019	1835	391	558	0	2784
17524461674	OUTBACK BEVERAGES OF TEXAS, LLC	2202 N WEST SHORE BLVD STE 500	TAMPA	FL	33607	0	30	OUTBACK STEAKHOUSE	8731 WEST LOOP S	HOUSTON	TX	77096	101	Y	MB422649	1/1/2008	4/1/2024	9/30/2019	0	0	0	0	0
32038832633	JONATHAN GROW INTERESTS, LLC	10801 SPRING CYPRESS RD # 16	HOUSTON	TX	77070	101	1	LONE STAR ICE HOUSE	10801 SPRING CYPRESS RD # 16	HOUSTON	TX	77070	101	N	MB743489	3/9/2010		4/30/2019	53187	140	30364	0	83691
32067865900	DANNY-LEE ENTERTAINMENT, LLC	1011 CORINTH ST	DALLAS	TX	75215	57	1	BAR 9940	9940 FONDREN RD	HOUSTON	TX	77096	101	Y	MB1036470	11/6/2018	1/14/2020	9/30/2019	0	0	0	0	0
12016577533	FAMILIA GONZALEZ RESTAURANTS, INC.	12822 WILLOW CENTRE DR STE A	HOUSTON	TX	77066	101	1	LA FIESTA MEXICAN RESTAURANT	11623 KATY FWY # B	HOUSTON	TX	77079	101	Y	MB571298	1/4/2005		10/31/2019	5846	168	2254	0	8268
32055026093	1010 TAILGATE, LLC	1717 W 34TH ST STE 600	HOUSTON	TX	77018	101	1	CHRISTIAN'S TAILGATE	1010 HIGHWAY 6 N	HOUSTON	TX	77079	101	Y	MB104145273	11/12/2014		11/30/2019	15816	1241	19068	0	36125
17602156279	EL PALENQUE MEXICAN RESTAURANT AND CANTINA, INC.	1485 SPRING CYPRESS RD	SPRING	TX	77373	101	4	FIESTA EN GUADALAJARA	3522 IRVINGTON BLVD	HOUSTON	TX	77009	101	Y	MB247710	8/4/1994		8/31/2019	58572	185	16359	0	75116
17410440071	THE FOREST CLUB	9950 MEMORIAL DR	HOUSTON	TX	77024	101	1	THE FOREST CLUB	9950 MEMORIAL DR STE B	HOUSTON	TX	77024	101	Y	N 037499	12/1/1993		4/30/2019	25323	34698	3177	0	63198
17601698016	LA HACIENDA ENTERPRISES, INC.	14759 MEMORIAL DR	HOUSTON	TX	77079	101	1	LA HACIENDA	14759 MEMORIAL DR	HOUSTON	TX	77079	101	Y	MB185359	11/30/1993		10/31/2019	12735	256	3117	0	16108
32068274490	SANMIGUELBEVERAGES, LLC	17030 GLENEVISS DR	HOUSTON	TX	77084	101	1	DAHLIA	2901 FANNIN ST	HOUSTON	TX	77002	101	Y	MB1056866	6/11/2019	11/24/2020	10/31/2019	0	0	0	0	0
32043640120	LUCILLE B. SMITH'S FINE FOODS, LLC	5512 LA BRANCH ST	HOUSTON	TX	77004	101	1	LUCILLE'S	5512 LA BRANCH ST	HOUSTON	TX	77004	101	Y	MB810737	6/15/2012		9/30/2019	12527	7319	1511	0	21357
32040309372	MNB FOODS, INC.	3201 LOUISIANA ST STE 103	HOUSTON	TX	77006	101	1	PIOLA	3201 LOUISIANA ST STE 103	HOUSTON	TX	77006	101	Y	MB750677	6/18/2010		2/28/2019	4424	6854	3502	0	14780
32061597749	TIMES INFINITY, LLC	37 SCOTSMOOR CT	SUGAR LAND	TX	77479	79	1	STRAYLIGHT	3229 NAVIGATION BLVD STE A	HOUSTON	TX	77003	101	Y	MB989040	7/21/2017	7/20/2021	5/31/2019	0	0	0	0	0
32033248629	SUCCESS FOODS MANAGEMENT GROUP, LLC	4501 SPRINGDALE RD ATTN: DANNY RUSSO	AUSTIN	TX	78723	227	43	TORCHY'S TACOS	10123 LOUETTA RD STE 1300	HOUSTON	TX	77070	101	Y	MB881689	6/1/2015		8/31/2019	20678	2340	8850	0	31868
32038555739	VALENCIA ORANGES IV, LLC	4400 POST OAK PKWY STE 1640	HOUSTON	TX	77027	101	3	VALENCIA ORANGES IV, LLC	800 TOWN AND COUNTRY BLVD STE 139	HOUSTON	TX	77024	101	Y	MB790378	11/17/2011	3/20/2020	1/31/2019	17591	4279	2679	0	24549
32060692558	OSNAIDA CINTRA	5920 BELLAIRE BLVD STE F	HOUSTON	TX	77081	101	2	SOL BILLARES & DEPORTES	5920 BELLAIRE BLVD STE F	HOUSTON	TX	77081	101	Y	MB995482	9/26/2017	6/25/2019	5/31/2019	2870	325	1589	0	4784
17602643805	JOHNATHAN-LLOYD CORPORATION	13180 WESTPARK DR STE 301	HOUSTON	TX	77082	101	3	JUMP'S BAR & GRILL	13180 WESTPARK DR STE 301	HOUSTON	TX	77082	101	Y	MB205374	12/1/1993		10/31/2019	41688	468	16424	0	58580
17524461674	OUTBACK BEVERAGES OF TEXAS, LLC	2202 N WEST SHORE BLVD STE 500	TAMPA	FL	33607	0	31	OUTBACK STEAKHOUSE	5710 FM 1960 RD W	HOUSTON	TX	77069	101	Y	MB244055	1/1/2008	4/1/2024	12/31/2019	0	0	0	0	0
32018698210	MR. PURPLE RESTAURANT, LLC	PO BOX 132794	SPRING	TX	77393	170	2	COPPA OSTERIA	5210 MORNINGSIDE DR	HOUSTON	TX	77005	101	Y	MB647509	4/22/2013		6/30/2019	37573	106492	4950	0	149015
32043118630	CHAMA GAZCHA BRAZILIAN STEAKHOUSE - HOUSTON, INC.	325 E SONTERRA BLVD STE 240	SAN ANTONIO	TX	78258	15	1	CHAMA GAUCHA BRAZILIAN STEAKHOUSE - HOUSTON	5865 WESTHEIMER RD	HOUSTON	TX	77057	101	Y	MB778963	7/6/2011		10/31/2019	51857	69017	7244	0	128118
17601559655	GOODE CO. SEAFOOD, LLC	2422 BARTLETT ST STE 1	HOUSTON	TX	77098	101	1	GOODE COMPANY TEXAS SEAFOOD	2621 WESTPARK DR	HOUSTON	TX	77098	101	Y	MB189719	12/1/1993		2/28/2019	39922	34187	15667	0	89776
32069278912	TEXAS EVAS FOODS #1 INC	12822 WILLOW CENTRE DR STE A	HOUSTON	TX	77066	101	1	EVAS MEXICAN RESTAURANT #1	16300 KUYKENDAHL RD	HOUSTON	TX	77068	101	Y	MB432881	6/10/2019		8/31/2019	2541	69	1032	0	3642
30117413697	LOS CUCOS MEXICAN CAFE, INC.	876 LOOP 337 STE 501	NEW BRAUNFELS	TX	78130	46	2	LOS CUCOS MEXICAN CAFE	16216 CLAY RD	HOUSTON	TX	77084	101	Y	MB545061	10/2/2003		10/31/2019	47890	1366	13200	0	62456
32031953949	ARENA CONCESSIONS, INC.	1818 RODEO DR	MESQUITE	TX	75149	57	1	ARENA THEATRE	7326 SOUTHWEST FWY	HOUSTON	TX	77074	101	Y	MB672939	10/3/2007		9/30/2019	19711	2051	13787	0	35549
17527408888	ROADHOUSE ENTERPRISES, INC.	6040 DUTCHMANS LN ATTN: TAX DEPT	LOUISVILLE	KY	40205	0	7	TEXAS ROADHOUSE	13345 FM 1960 RD W	HOUSTON	TX	77065	101	Y	MB484473	12/6/2000		4/30/2019	27096	4422	24459	0	55977
32012091602	MARY TRAN	5130 E SAM HOUSTON PKWY N STE D	HOUSTON	TX	77015	101	5	MOONLIGHT SPORTS BAR	5130 E SAM HOUSTON PKWY N STE D	HOUSTON	TX	77015	101	Y	MB767986	5/27/2014		1/31/2019	9250	150	7250	0	16650
17419968528	UNIVERSITY FOOD SERVICES, INC.	2400 YORKMONT RD ATTN: BECKY ANDERSON/TA	CHARLOTTE	NC	28217	0	40	EUREST DINING SERVICES @ AIG	2727 ALLEN PKWY STE 175	HOUSTON	TX	77019	101	Y	MB859415	12/13/2013		4/30/2019	0	0	0	0	0
32078101253	B & G TREE HOUSE, INC.	901 NASA PKWY	HOUSTON	TX	77058	101	1	TREE HOUSE	901 NASA PKWY	HOUSTON	TX	77058	101	Y	MB227149	12/1/1993		4/30/2019	21099	1031	10129	0	32259
32063708120	GRAPEFRUIT TREE LLC	3210 W DALLAS ST	HOUSTON	TX	77019	101	1	BOUTIQUE NIGHTCLUB	5316 WASHINGTON AVE	HOUSTON	TX	77007	101	Y	MB105785055	9/7/2018	7/31/2022	7/31/2019	0	0	0	0	0
17606803124	LE MISTRAL, LTD.	PO BOX 550791	HOUSTON	TX	77255	101	1	LE MISTRAL LTD	1400 ELDRIDGE PKWY	HOUSTON	TX	77077	101	Y	MB506633	12/17/2001	12/31/2019	10/31/2019	9029	28594	1107	0	38730
17606505034	UNCLES ACQUISITION CORP.	PO BOX 22225	HOUSTON	TX	77227	101	3	LOS TIOS MEXICAN RESTAURANT	14006 MEMORIAL DR	HOUSTON	TX	77079	101	Y	MB480740	10/1/2000		7/31/2019	34376	1886	4059	0	40321
12623482440	RUCHI'S EL RINCON DE MEXICO #9, INC.	7307 SHANNONDALE DR	SUGAR LAND	TX	77479	79	1	RUCHI'S MEXICAN GRILL	6410 WESTHEIMER RD	HOUSTON	TX	77057	101	Y	MB1071673	11/5/2019		8/31/2019	36652	231	34014	0	70897
17605812878	HOUSTON CHINA GARDEN II, INC.	1602 LEELAND ST	HOUSTON	TX	77003	101	1	CHINA GARDEN	1602 LEELAND ST	HOUSTON	TX	77003	101	Y	MB113378	9/1/1998	10/8/2020	4/30/2019	3349	2131	1816	0	7296
32056502837	JESUS VILLALPANDO	10020 JENSEN DR	HOUSTON	TX	77093	101	1	MAXIS SEAFOOD & OYSTER BAR	12106 EASTEX FWY	HOUSTON	TX	77039	101	N	MB909047	5/27/2015		10/31/2019	1320	21	7525	0	8866
32064884607	BARTENDING2U, LLC	4560 W 34TH ST STE A	HOUSTON	TX	77092	101	1	BARTENDING2U, LLC	11106 BAMMEL NORTH HOUSTON RD STE B	HOUSTON	TX	77066	101	N	MB105559592	2/1/2018	12/31/2022	11/30/2019	6547	2705	5436	0	14688
32004534056	CHRISTOS STATHATOS	416 76TH ST	HOUSTON	TX	77012	101	3	DON CARLOS RESTAURANT	416 76TH ST	HOUSTON	TX	77012	101	Y	MB431785	5/15/1998		8/31/2019	17015	101	7651	0	24767
14812868819	BREFFNI, INC.	11980 WESTHEIMER RD STE A	HOUSTON	TX	77077	101	1	THE BULL & BEAR	11980 WESTHEIMER RD STE A	HOUSTON	TX	77077	101	Y	MB539260	7/18/2003		8/31/2019	24247	2632	33404	0	60283
32044329418	OUR HOTELS, LLC	1785 STATE HIGHWAY 26 STE 400	GRAPEVINE	TX	76051	220	17	AC HOTEL BY MARRIOTT HOUSTON	723 MAIN ST	HOUSTON	TX	77002	101	Y	MB1057367	6/17/2019	6/17/2023	8/31/2019	13867	5125	2500	0	21492
17603897814	HUNTER'S PUB, INC.	10549 S POST OAK RD	HOUSTON	TX	77035	101	1	HUNTER'S PUB	10549 S POST OAK	HOUSTON	TX	77035	101	Y	MB227919	12/1/1993		8/31/2019	30001	318	30040	0	60359
32054752798	YARD HOUSE USA, INC.	1000 DARDEN CENTER DR ATTN: TAX DEPT	ORLANDO	FL	32837	0	7	YARD HOUSE #8325	800 SORELLA CT SPC 116	HOUSTON	TX	77024	101	Y	MB734341	9/11/2017		10/31/2019	126158	38716	166585	0	331459
32050845976	GOLDEN QUADRILATERAL, LLC	1750 HAROLD ST	HOUSTON	TX	77098	101	1	LITTLE DIPPER LOUNGE	304 MAIN ST	HOUSTON	TX	77002	101	Y	MB853201	10/1/2013		8/31/2019	21850	299	5309	0	27458
17519234359	AMERICAN LIBERTY HOSPITALITY, INC.	2901 WILCREST DR STE 120	HOUSTON	TX	77042	101	4	EMBASSY SUITES HOUSTON DOWNTOWN	1515 DALLAS ST	HOUSTON	TX	77010	101	Y	MB767786	2/14/2011		10/31/2019	3347	630	1220	0	5197
32063523008	YM HIBACHI INC	16310 GOANNA CT	SUGAR LAND	TX	77498	79	2	WAGYU HIBACHI AND SUSHI BAR	3239 SOUTHWEST FWY	HOUSTON	TX	77027	101	Y	MB1025868	8/7/2018	9/9/2019	3/31/2019	0	0	0	0	0
17605861198	W.L. YORK, INC.	PO BOX 570427	HOUSTON	TX	77257	101	1	THE COVER GIRLS	10310 W LITTLE YORK RD	HOUSTON	TX	77041	101	Y	MB443955	1/12/1999		8/31/2019	67907	24836	35978	6515	135236
17606505034	UNCLES ACQUISITION CORP.	PO BOX 22225	HOUSTON	TX	77227	101	1	LOS TIOS MEXICAN RESTAURANT	9527 WESTHEIMER RD	HOUSTON	TX	77063	101	Y	MB480739	10/1/2000		8/31/2019	30764	2330	4096	0	37190
12618509975	D AND S KOREA HOUSE, LLC	10078 LONG POINT RD	HOUSTON	TX	77055	101	1	KOREA HOUSE	10078 LONG POINT RD	HOUSTON	TX	77055	101	Y	MB694253	6/2/2008		8/31/2019	3931	256	3880	0	8067
18611104292	PO GRILL GALLERIA, LLC	1415 S POST OAK LN	HOUSTON	TX	77056	101	1	POST OAK GRILL	1415 S POST OAK LN	HOUSTON	TX	77056	101	Y	MB569477	12/17/2004		8/31/2019	17764	31041	1584	0	50389
32061498831	DOK DO, INC.	10017 LONG POINT RD	HOUSTON	TX	77055	101	1	IL ME JUNG RESTAURANT	10017 LONG POINT RD	HOUSTON	TX	77055	101	Y	MB729009	11/29/2016		10/31/2019	3620	0	1060	0	4680
17600291466	KAREN & KAREN, INC.	4925 W ALABAMA ST	HOUSTON	TX	77056	101	2	PIATTO RISTORANTE	4925 W ALABAMA ST	HOUSTON	TX	77056	101	Y	MB488993	3/16/2001		4/30/2019	9447	17772	1107	0	28326
32059462799	HZMC BEVERAGE COMPANY, LLC	1225 NORTH LOOP W STE 640	HOUSTON	TX	77008	101	1	HOTEL ZAZA MEMORIAL CITY	9787 KATY FWY	HOUSTON	TX	77024	101	Y	MB991950	8/18/2017		10/31/2019	133812	75179	26291	15781	251063
17601930666	PAPPAS RESTAURANTS, INC.	13939 NORTHWEST FWY	HOUSTON	TX	77040	101	133	PAPPAS BAR-B-Q #22	12424 EAST FWY	HOUSTON	TX	77015	101	Y	MB870499	4/25/2014		6/30/2019	0	0	975	0	975
17522637846	BELLA BEVERAGE CORPORATION	5851 LEGACY CIR STE 400	PLANO	TX	75024	43	1	HILTON HOUSTON PLAZA MEDICAL CENTER GRAB AND GO	6633 TRAVIS ST	HOUSTON	TX	77030	101	Y	MB204978	12/1/1993		12/31/2019	24257	9803	6970	0	41030
32041150981	SHILO CLUB, INC.	10010 SENECA TRL	MAGNOLIA	TX	77354	170	1	SHILO CLUB	1321 STUDEWOOD ST	HOUSTON	TX	77008	101	Y	MB507441	4/15/2010		4/30/2019	23211	562	21751	0	45524
32061188622	FASTRAK EXPRESS 3, LLC.	403 GREENS RD	HOUSTON	TX	77060	101	4	FASTRAK MICHELADAS BOTANAS Y PISTO	403 GREENS RD	HOUSTON	TX	77060	101	Y	MB1051630	4/22/2019	6/30/2021	8/31/2019	17103	0	23633	0	40736
17524461674	OUTBACK BEVERAGES OF TEXAS, LLC	2202 N WEST SHORE BLVD STE 500	TAMPA	FL	33607	0	30	OUTBACK STEAKHOUSE	8731 WEST LOOP S	HOUSTON	TX	77096	101	Y	MB422649	1/1/2008	4/1/2024	1/31/2019	0	0	0	0	0
32063440716	GSM WINGS VI, LLC	12660 S KIRKWOOD RD	STAFFORD	TX	77477	79	1	BREWINGZ	5598 NORTH FWY STE B	HOUSTON	TX	77076	101	Y	MB843942	11/1/2017		6/30/2019	4101	36	7315	0	11452
32041161582	LOS CUCOS MEXICAN CAFE XXVI, INC.	876 LOOP 337 STE 501	NEW BRAUNFELS	TX	78130	46	1	LOS CUCOS MEXICAN CAFE	10690 NORTHWEST FWY	HOUSTON	TX	77092	101	Y	MB445151	1/11/2011		8/31/2019	27223	1415	10505	0	39143
32047070712	THE QUILLE GROUP LLC	3601 HASTINGS ST	HOUSTON	TX	77017	101	1	BASE	801 CONGRESS ST	HOUSTON	TX	77002	101	Y	MB1043008	1/22/2019	1/21/2021	8/31/2019	46000	42000	8000	0	96000
32061456516	BMB DINING SERVICES (PEARLAND), INC.	5300 MEMORIAL DR STE 1000	HOUSTON	TX	77007	101	2	BOMBSHELLS	13965 SOUTH FWY	HOUSTON	TX	77047	101	Y	RM982520	8/1/2018		6/30/2019	107243	1232	65881	0	174356
32067365737	NINFASUPTOWN, LLC	1050 N POST OAK RD STE 200	HOUSTON	TX	77055	101	1	THE ORIGINAL NINFA'S UPTOWN HOUSTON	1700 POST OAK BLVD	HOUSTON	TX	77056	101	Y	MB1048175	3/22/2019		3/31/2019	0	0	0	0	0
32053196377	SONGKRAN HOSPITALITY, LP	11 GREENWAY PLZ STE 1400	HOUSTON	TX	77046	101	1	SONGKRAN	1101 UPTOWN PARK BLVD STE 8	HOUSTON	TX	77056	101	Y	MB871244	5/5/2014		6/30/2019	7783	8703	2353	0	18839
17522637846	BELLA BEVERAGE CORPORATION	5851 LEGACY CIR STE 400	PLANO	TX	75024	43	1	HILTON HOUSTON PLAZA MEDICAL CENTER GRAB AND GO	6633 TRAVIS ST	HOUSTON	TX	77030	101	Y	MB204978	12/1/1993		11/30/2019	14235	7236	6849	0	28320
17427780618	BRISTOL-SHANDY GROUP, L.L.C.	230 STARBOARD AVE	ROCKPORT	TX	78382	4	2	WILD WEST - HOUSTON	6101 RICHMOND AVE	HOUSTON	TX	77057	101	Y	MB408838	3/9/1998	7/1/2021	4/30/2019	41618	1046	25490	0	68154
12027757710	THE MAPLE LEAF PUB, LLC	103 MARRAKECH CT	BELLAIRE	TX	77401	101	1	THE MAPLE LEAF PUB	514 ELGIN ST	HOUSTON	TX	77006	101	Y	MB619766	2/9/2006		4/30/2019	5616	102	7004	0	12722
17601930666	PAPPAS RESTAURANTS, INC.	13939 NORTHWEST FWY	HOUSTON	TX	77040	101	3	PAPPASITO'S CANTINA	7050 FM 1960 W	HOUSTON	TX	77069	101	N	MB241000	12/1/1993		6/30/2019	98595	3168	18485	0	120248
12005499566	CARLOS & LUIS, INC.	5305 ANTOINE DR	HOUSTON	TX	77091	101	1	DON JOSE MEXICAN RESTAURANT	5305 ANTOINE DR	HOUSTON	TX	77091	101	Y	MB562033	8/13/2004		4/30/2019	5145	142	1658	0	6945
17601930666	PAPPAS RESTAURANTS, INC.	13939 NORTHWEST FWY	HOUSTON	TX	77040	101	52	PAPPAS SEAFOOD HOUSE AND OYSTER BAR	6894 SOUTHWEST FWY	HOUSTON	TX	77074	101	Y	MB496285	7/9/2001		6/30/2019	0	0	0	0	0
32053681907	SSJA LLC	6166 HIGHWAY 6 N UNIT 22	HOUSTON	TX	77084	101	1	AGUIRRES TEX MEX	6166 HIGHWAY 6 N UNIT 22	HOUSTON	TX	77084	101	Y	MB910198	6/8/2015	7/11/2023	9/30/2019	1455	241	462	0	2158
12050009351	MOKU ENTERPRISE LLC	5010 LAKESIDE CT	PASADENA	TX	77504	101	1	WINGS PIZZA N THINGS #1	11510 SPACE CENTER BLVD #G	HOUSTON	TX	77059	101	Y	MB645718	11/27/2006		4/30/2019	9268	375	11085	0	20728
32010826728	ESTEBAN HERIBERTO TORIBIO	334 PLEASANT ACRES DR	SEGUIN	TX	78155	94	1	PUERTO ALEGRE	2225 MCCARTY ST	HOUSTON	TX	77029	101	Y	MB485789	1/11/2001	12/9/2020	7/31/2019	100	0	12468	0	12568
10436439193	EMPORIO BRAZILIAN GRILL, INC	12288 WESTHEIMER RD STE 210A	HOUSTON	TX	77077	101	1	EMPORIO BRAZILIAN CAFE	12288 WESTHEIMER RD STE 210A	HOUSTON	TX	77077	101	Y	MB717411	3/18/2009		2/28/2019	3291	1705	875	0	5871
17605462294	PERRY'S RESTAURANTS, LTD.	9805 KATY FWY STE 650	HOUSTON	TX	77024	101	7	PERRY'S STEAKHOUSE & GRILLE	9827 KATY FWY	HOUSTON	TX	77024	101	Y	MB681018	1/15/2008		2/28/2019	62432	107892	6825	0	177149
32056935284	NORBERTO GARZA	6648 AVENUE O	HOUSTON	TX	77011	101	1	THE KICKBACK SPORTS BAR	4401 HARRISBURG BLVD # B	HOUSTON	TX	77011	101	Y	MB911039	6/12/2015		10/31/2019	1844	0	5225	0	7069
32041427686	MR. WHITE RESTAURANT, LLC	1962 W GRAY ST	HOUSTON	TX	77019	101	1	BRASSERIE 19	1962 W GRAY ST	HOUSTON	TX	77019	101	Y	MB768266	2/18/2011		2/28/2019	62676	162377	4730	0	229783
32038230911	UPTOWN ENTERTAINMENT GROUP LLC	3302 ONION CRK	SUGAR LAND	TX	77479	79	1	UPTOWN HOOKAH BAR & GRILL	5706 RICHMOND AVE	HOUSTON	TX	77057	101	Y	MB630689	4/1/2014		4/30/2019	14882	202	6208	0	21292
17603848627	BARNEY'S BILLIARDS SALOON #5, INC.	19333 HIGHWAY 59 N STE 300	HUMBLE	TX	77338	101	2	BARNEY'S BILLIARDS SALOON #5	324 FM 1960 RD STE 108	HOUSTON	TX	77073	101	Y	MB235280	4/1/2016	6/28/2021	3/31/2019	29007	108	10146	0	39261
17418861344	LA QUICHE, INC.	2503 S GESSNER RD	HOUSTON	TX	77063	101	1	LECHNER'S	2503 S GESSNER RD	HOUSTON	TX	77063	101	Y	MB132720	12/1/1993		10/31/2019	2346	4584	13245	0	20175
14605199364	A. POWERS ENTERPRISES, LLC	18307 EGRET BAY BLVD	HOUSTON	TX	77058	101	1	SCOUT BAR	18307 EGRET BAY BLVD	HOUSTON	TX	77058	101	Y	MB557475	5/25/2004		10/31/2019	17440	352	15258	0	33050
32063084811	WLC GROUP LLC	3206 PATRICIA LN	PEARLAND	TX	77581	20	1	HIGH & DRY	306 MAIN ST STE 200	HOUSTON	TX	77002	101	Y	MB989611	7/27/2017	7/1/2023	8/31/2019	71779	2659	7738	0	82176
32054354942	MULTIBOT LLC	915 FRANKLIN ST UNIT 6B	HOUSTON	TX	77002	101	1	HOUSTON WATCH COMPANY	913 FRANKLIN ST	HOUSTON	TX	77002	101	Y	MB899255	2/26/2015		6/30/2019	20373	999	2778	0	24150
17429924594	FLEMING'S BEVERAGES, LLC	2202 N WEST SHORE BLVD STE 500	TAMPA	FL	33607	0	2	FLEMINGS PRIME STEAKHOUSE & WINE BAR	2405 W ALABAMA ST	HOUSTON	TX	77098	101	Y	MB525386	10/31/2002		6/30/2019	18787	44921	1694	0	65402
17527348464	MAGGIANO'S BEVERAGE COMPANY	3000 OLYMPUS BLVD ATTN: TAX DEPT.	COPPELL	TX	75019	57	12	MAGGIANO'S LITTLE ITALY	602 MEMORIAL CITY WAY	HOUSTON	TX	77024	101	Y	MB939918	4/5/2016		4/30/2019	14167	28303	3208	0	45678
32063084811	WLC GROUP LLC	3206 PATRICIA LN	PEARLAND	TX	77581	20	1	HIGH & DRY	306 MAIN ST STE 200	HOUSTON	TX	77002	101	Y	MB989611	7/27/2017	7/1/2023	9/30/2019	51391	1869	5484	0	58744
17419968528	UNIVERSITY FOOD SERVICES, INC.	2400 YORKMONT RD ATTN: BECKY ANDERSON/TA	CHARLOTTE	NC	28217	0	43	AMEX CENTURION CLUB	3870 N TERMINAL RD   TERMINAL D 3RD LEVEL	HOUSTON	TX	77032	101	Y	MB945009	5/24/2016		4/30/2019	12796	17477	3724	0	33997
32043993156	RISHI CONSULTANTS, L.L.C.	1134 E 7TH 1/2 ST	HOUSTON	TX	77009	101	1	OPORTO MIDTOWN	125 W GRAY ST # 500	HOUSTON	TX	77019	101	Y	MB868508	4/3/2014		2/28/2019	28011	48333	3162	0	79506
32055658705	WE RUN HOU, LLC	1703 SILVER ST	HOUSTON	TX	77007	101	1	ENGINE ROOM	1515 PEASE ST STE 101	HOUSTON	TX	77002	101	Y	MB901299	3/17/2015	3/16/2021	6/30/2019	57985	7	592	0	58584
32058037881	AMM HOLDINGS, LLC.	110 MAIN ST	HOUSTON	TX	77002	101	1	LILLY AND BLOOM	110 MAIN ST	HOUSTON	TX	77002	101	Y	MB940638	4/11/2016	4/10/2024	11/30/2019	14216	1500	2341	0	18057
12017192548	ERSO ENTERPRISES, L.L.C.	12822 WILLOW CENTRE DR STE A	HOUSTON	TX	77066	101	1	EL JALAPENO MEXICAN CAFE	10775 EASTEX FWY	HOUSTON	TX	77093	101	Y	MB621908	3/13/2006	11/30/2021	10/31/2019	8823	0	7728	0	16551
32060335620	ICLUB HOUSTON INC	8320 SOUTHWEST FWY	HOUSTON	TX	77074	101	1	EL PARRAL WEST	8320 SOUTHWEST FWY	HOUSTON	TX	77074	101	Y	MB200087550	3/14/2023		12/31/2019	11162	0	5821	0	16983
11136565279	BLUE FISH HOUSE, INC.	8330 WESTGLEN DR	HOUSTON	TX	77063	101	1	BLUE FISH HOUSE	2241 RICHMOND AVE	HOUSTON	TX	77098	101	Y	MB974030	2/24/2017		6/30/2019	9484	3170	2882	0	15536
32063708120	GRAPEFRUIT TREE LLC	3210 W DALLAS ST	HOUSTON	TX	77019	101	1	BOUTIQUE NIGHTCLUB	5316 WASHINGTON AVE	HOUSTON	TX	77007	101	Y	MB105785055	9/7/2018	7/31/2022	2/28/2019	0	0	0	0	0
32055166667	FOREVER MCNE L.L.C.	977 NASA PKWY	HOUSTON	TX	77058	101	1	MASA SUSHI JAPANESE FUSION RESTAURANT	977 NASA PKWY	HOUSTON	TX	77058	101	Y	MB898494	2/17/2015		2/28/2019	3075	7803	3508	0	14386
12037207284	DRIFTWOOD BEVERAGE COMPANY IV, LLC	11770 US HIGHWAY 1 STE 202	N PALM BEACH	FL	33408	0	3	DEN	255 N SAM HOUSTON PKWY E	HOUSTON	TX	77060	101	Y	MB885637	12/4/2018		10/31/2019	21547	12011	15640	0	49198
18002059535	COMMUNITY WINE BAR LLC	1728 W MAIN ST	HOUSTON	TX	77098	101	1	COMMUNITY WINE BAR	2703 SMITH ST	HOUSTON	TX	77006	101	Y	MB702271	8/29/2008		10/31/2019	18033	881	2662	0	21576
11137246382	VICTORIAN PROPERTIES, L.L.C.	8686 KIRBY DR	HOUSTON	TX	77054	101	1	CATTLEMAN'S CLUB/CACTUS JACKS'/STETSON'S	8686 KIRBY DR	HOUSTON	TX	77054	101	Y	MB618791	1/30/2006		10/31/2019	15564	2310	10480	200	28554
32015558185	CYPRESS LOUNGE, LLC	11945 BARWOOD BEND DR STE I	HOUSTON	TX	77065	101	1	CYPRESS LOUNGE	11945 BARWOOD BEND DR STE I	HOUSTON	TX	77065	101	Y	MB565021	10/1/2004		4/30/2019	17642	132	9776	0	27550
32051872763	EL TIEMPO WOODLAKE, LLC	602 SAWYER ST STE 110	HOUSTON	TX	77007	101	1	EL TIEMPO WOODLAKE, LLC	2605 S GESSNER RD	HOUSTON	TX	77063	101	Y	MB872255	5/15/2014		6/30/2019	116003	8351	15048	0	139402
12636651262	CHACHO'S SOUTH LOOP 610 LLC	4320 INDUSTRIAL CTR	SAN ANTONIO	TX	78217	15	1	CHACHO'S	2700 S LOOP W	HOUSTON	TX	77054	101	Y	MB738930	12/18/2009		6/30/2019	77413	0	4657	0	82070
12640695560	ANVIL BAR & REFUGE, LTD.	1416 WESTHEIMER RD	HOUSTON	TX	77006	101	1	ANVIL	1424 WESTHEIMER RD STE B	HOUSTON	TX	77006	101	Y	MB716737	3/10/2009		6/30/2019	190249	2500	4037	0	196786
12640695560	ANVIL BAR & REFUGE, LTD.	1416 WESTHEIMER RD	HOUSTON	TX	77006	101	1	ANVIL	1424 WESTHEIMER RD STE B	HOUSTON	TX	77006	101	Y	MB716737	3/10/2009		10/31/2019	155358	1620	3397	0	160375
32054441475	CARMIKE CONCESSIONS II, LLC	11500 ASH ST	LEAWOOD	KS	66211	0	2	AMC YORKTOWN 15	15900 YORKTOWN CROSSING PKWY	HOUSTON	TX	77084	101	Y	MB1000558	11/21/2017	1/21/2020	10/31/2019	1677	126	1137	0	2940
32059009046	EL CABALLO BLANCO RESTAURANT, LLC	6028 S GESSNER RD	HOUSTON	TX	77036	101	1	EL CABALLO BLANCO RESTAURANT	6028 S GESSNER RD	HOUSTON	TX	77036	101	Y	MB990322	8/4/2017		5/31/2019	3534	0	16054	0	19588
32054484723	SOUTHEAST RESTAURANT GROUP-MAIN, LLC	1201 CANAL ST STE C2	NEW ORLEANS	LA	70112	0	1	TGIFRIDAY'S	12895 GULF FWY	HOUSTON	TX	77034	101	Y	MB885735	9/30/2014	9/12/2019	5/31/2019	28036	1928	8064	0	38028
17603260518	C. H. PERMITS, INC.	PO BOX 1892 ATTN: KEVIN YUEN, FACULTY CL	HOUSTON	TX	77251	101	1	COHEN HOUSE FACULTY CLUB	6100 MAIN ST COHEN HOUSE BLDG 12	HOUSTON	TX	77005	101	Y	MB217815	12/1/1993		6/30/2019	0	1910	192	23580	25682
32046210855	PUEBLO VIEJO MEXICAN RESTAURANT & TAQUERIA #2 INC	8408 KATY FWY STE 100	HOUSTON	TX	77024	101	1	PUEBLO VIEJO MEXICAN RESTAURANT & TAQUERIA #2 INC	8408 KATY FWY # 100	HOUSTON	TX	77024	101	Y	MB881913	8/20/2014		8/31/2019	3027	42	3453	0	6522
17405031224	BAYOU CLUB OF HOUSTON	8550 MEMORIAL DR	HOUSTON	TX	77024	101	1	BAYOU CLUB OF HOUSTON	8550 MEMORIAL DR	HOUSTON	TX	77024	101	Y	N 037429	12/1/1993		6/30/2019	23667	6122	1517	0	31306
32061188622	FASTRAK EXPRESS 3, LLC.	403 GREENS RD	HOUSTON	TX	77060	101	4	FASTRAK MICHELADAS BOTANAS Y PISTO	403 GREENS RD	HOUSTON	TX	77060	101	Y	MB1051630	4/22/2019	6/30/2021	6/30/2019	10371	0	16511	0	26882
32048633302	GSM WINGS II, LLC	12660 S KIRKWOOD RD	STAFFORD	TX	77477	79	5	BREWINGZ	12250 GULF FWY	HOUSTON	TX	77034	101	Y	MB842371	6/5/2013		4/30/2019	9369	0	16481	0	25850
18707205193	DARKHORSE TAVERN PARTNERS, L.P.	2207 WASHINGTON AVE	HOUSTON	TX	77007	101	1	DARKHORSE TAVERN	2207 WASHINGTON AVE	HOUSTON	TX	77007	101	Y	MB555399	5/18/2004		8/31/2019	11599	238	11078	0	22915
32063470093	THEODORE BAKER, LLC	2803 WHITE OAK DR	HOUSTON	TX	77007	101	1	BOBCAT TEDDY'S ICEHOUSE	2803 WHITE OAK DR	HOUSTON	TX	77007	101	Y	MB994594	9/18/2017		4/30/2019	46751	3044	60673	0	110468
32050522583	DRY CREEK CLUB, INC.	1416 WESTHEIMER RD	HOUSTON	TX	77006	101	1	BETTER LUCK TOMORROW	544 YALE ST	HOUSTON	TX	77007	101	Y	N 935802	2/23/2016	4/17/2019	3/31/2019	115678	15631	16503	0	147812
32058587869	R6 VENTURES INC.	4329 HIGHWAY 6 N	HOUSTON	TX	77084	101	1	LAZY FROG BAR	4329 HIGHWAY 6 N	HOUSTON	TX	77084	101	Y	MB933914	2/3/2016	1/25/2021	11/30/2019	15000	200	2000	0	17200
32058075840	SEASONS 52 HOLDINGS, LLC	PO BOX 695011	ORLANDO	FL	32869	0	1	SEASON'S 52	842 W SAM HOUSTON PKWY N	HOUSTON	TX	77024	101	Y	MB852721	2/1/2016		4/30/2019	29057	56190	4294	0	89541
17601930666	PAPPAS RESTAURANTS, INC.	13939 NORTHWEST FWY	HOUSTON	TX	77040	101	47	PAPPADEAUX SEAFOOD KITCHEN #2	13080 NORTHWEST FWY	HOUSTON	TX	77040	101	Y	MB491184	4/12/2001		8/31/2019	52016	14767	10397	0	77180
32054855526	LJX ENTERPRISES, L.L.C.	10 TWILIGHT GLEN CT	SPRING	TX	77381	170	1	SPANISH FLOWERS	14915 NORTH FWY	HOUSTON	TX	77090	101	Y	MB957802	9/15/2016		10/31/2019	19067	189	5951	0	25207
32009674600	TAQUERIA TEPATITLAN NO. 9 INC.	9407 KEMPWOOD DR	HOUSTON	TX	77080	101	1	TAQUERIA TEPATITLAN # 9	9407 KEMPWOOD DR	HOUSTON	TX	77080	101	Y	MB540262	8/1/2003		10/31/2019	238	0	2675	0	2913
12622489750	PERICOS OF TEXAS RESTAURANTS, INC.	2701 MANGUM RD	HOUSTON	TX	77092	101	1	PERICOS MEXICAN CAFE AND BAR	2701 MANGUM RD	HOUSTON	TX	77092	101	Y	MB695956	6/18/2008		4/30/2019	2996	0	5609	0	8605
32058587869	R6 VENTURES INC.	4329 HIGHWAY 6 N	HOUSTON	TX	77084	101	1	LAZY FROG BAR	4329 HIGHWAY 6 N	HOUSTON	TX	77084	101	Y	MB933914	2/3/2016	1/25/2021	7/31/2019	13270	0	3100	0	16370
15625453889	OM HOSPITALITY INC	18861 KATY FWY	HOUSTON	TX	77094	101	3	FOUR POINTS SHERATON HOUSTON-KATY	18861 KATY FWY	HOUSTON	TX	77094	101	Y	MB953940	8/9/2016		4/30/2019	3418	1556	4974	0	9948
32060402537	SUMMER BISTRO INC.	18526 CASCADE TIMBERS LN	TOMBALL	TX	77377	101	1	AKASHI FUSION ASIAN AND SUSHI BAR	12230 W LAKE HOUSTON PKWY STE 200	HOUSTON	TX	77044	101	N	MB980018	4/26/2017		6/30/2019	10164	3056	2174	0	15394
32038230911	UPTOWN ENTERTAINMENT GROUP LLC	3302 ONION CRK	SUGAR LAND	TX	77479	79	1	UPTOWN HOOKAH BAR & GRILL	5706 RICHMOND AVE	HOUSTON	TX	77057	101	Y	MB630689	4/1/2014		6/30/2019	12423	42	3842	0	16307
32055622909	HG HOTEL BEVERAGE LLC	10306 EATON PL STE 430	FAIRFAX	VA	22030	0	1	HG HOTEL BEVERAGE LLC	5353 WESTHEIMER RD	HOUSTON	TX	77056	101	Y	MB902110	3/23/2015		4/30/2019	13558	6299	8272	0	28129
32040881685	ACAPW, LLC	2630 WESTHEIMER RD	HOUSTON	TX	77098	101	1	ARMANDOS	2630 WESTHEIMER RD	HOUSTON	TX	77098	101	Y	MB743553	3/9/2010		2/28/2019	96311	22155	7092	0	125558
32053243542	GENERAL COOKING LLC	14364 S POST OAK RD	HOUSTON	TX	77045	101	2	EL POBLANO BAR & GRILL	14364 S POST OAK RD	HOUSTON	TX	77045	101	Y	MB1056294	6/5/2019	6/30/2019	6/30/2019	0	0	0	0	0
32062637270	TEXAS ACA INVESTMENTS LLC	1646 DENNIS ST	HOUSTON	TX	77004	101	1	BURGERIM	3520 S SHEPHERD DR	HOUSTON	TX	77098	101	Y	MB1018896	6/14/2018	4/12/2019	1/31/2019	0	5	64	0	69
32051088337	RRJJJD, LLC	11410 HEMPSTEAD RD	HOUSTON	TX	77092	101	1	NEON BOOTS	11410 HEMPSTEAD RD	HOUSTON	TX	77092	101	Y	MB848492	8/9/2013		4/30/2019	34353	874	20298	0	55525
17527348464	MAGGIANO'S BEVERAGE COMPANY	3000 OLYMPUS BLVD ATTN: TAX DEPT.	COPPELL	TX	75019	57	6	MAGGIANO' LITTLE ITALY	2019 POST OAK BLVD	HOUSTON	TX	77056	101	Y	MB466540	2/23/2000		2/28/2019	34565	69561	10715	0	114841
32004057355	JACK AND HECTOR'S, INC.	12589 WHITTINGTON DR	HOUSTON	TX	77077	101	1	THE FIRST TEE	12589 WHITTINGTON DR	HOUSTON	TX	77077	101	Y	MB511349	3/28/2002		6/30/2019	52932	2501	23464	0	78897
17526981786	LONE STAR FONDUE CONCEPTS, INC.	1404 WOODMONT BLVD	NASHVILLE	TN	37215	0	1	THE MELTING POT RESTAURANT	6100 WESTHEIMER RD STE 146	HOUSTON	TX	77057	101	Y	MB417651	9/26/1997		8/31/2019	24068	18198	2387	0	44653
17602156279	EL PALENQUE MEXICAN RESTAURANT AND CANTINA, INC.	1485 SPRING CYPRESS RD	SPRING	TX	77373	101	5	EL PALENQUE MEXICAN RESTAURANT AND CANTINA	10803 WESTHEIMER RD	HOUSTON	TX	77042	101	Y	MB545132	10/9/2003		4/30/2019	0	0	0	0	0
32049695276	MI BAR, LLC	9102 LANGDON LN	HOUSTON	TX	77036	101	1	MI BAR	7606 CLAREWOOD DR	HOUSTON	TX	77036	101	Y	MB839978	5/9/2013		8/31/2019	3834	0	16734	0	20568
12027757710	THE MAPLE LEAF PUB, LLC	103 MARRAKECH CT	BELLAIRE	TX	77401	101	1	THE MAPLE LEAF PUB	514 ELGIN ST	HOUSTON	TX	77006	101	Y	MB619766	2/9/2006		10/31/2019	12589	148	14777	0	27514
32033248629	SUCCESS FOODS MANAGEMENT GROUP, LLC	4501 SPRINGDALE RD ATTN: DANNY RUSSO	AUSTIN	TX	78723	227	27	TORCHY'S TACOS	2400 TIMES BLVD STE T	HOUSTON	TX	77005	101	Y	MB834761	3/15/2013		10/31/2019	3540	220	2782	0	6542
17606112849	BRIGANTINE, INC.	4712 RICHMOND AVE	HOUSTON	TX	77027	101	3	BAYOU CITY SEAFOOD & PASTA	4730 RICHMOND AVE	HOUSTON	TX	77027	101	Y	MB485859	1/5/2001	8/31/2022	6/30/2019	11693	8001	9379	0	29073
17602000527	LAMPASAS, INC.	9755 KATY FWY	HOUSTON	TX	77024	101	3	CIRO'S ITALIAN GRILL	9755 KATY FWY STE A	HOUSTON	TX	77024	101	Y	MB984017	5/31/2017		2/28/2019	37881	107785	8507	0	154173
17601930666	PAPPAS RESTAURANTS, INC.	13939 NORTHWEST FWY	HOUSTON	TX	77040	101	134	PAPPADEAUX SEAFOOD KITCHEN	12420 EAST FWY	HOUSTON	TX	77015	101	Y	MB870589	4/28/2014		8/31/2019	99725	10923	16246	0	126894
17601930666	PAPPAS RESTAURANTS, INC.	13939 NORTHWEST FWY	HOUSTON	TX	77040	101	134	PAPPADEAUX SEAFOOD KITCHEN	12420 EAST FWY	HOUSTON	TX	77015	101	Y	MB870589	4/28/2014		6/30/2019	97260	10896	16625	0	124781
32062038297	PAPPAS RESTAURANTS,INC AND LA TRELLE'S EXPRESS INC	PO BOX 41567	HOUSTON	TX	77241	101	1	PAPPADEAUX SEAFOOD KITCHEN	1001 AVENIDA DE LAS AMERICAS # E	HOUSTON	TX	77010	101	Y	MB969538	1/19/2017		6/30/2019	72043	19253	24456	0	115752
32059783582	DOQA LUPE MEXICAN RESTAURANT BAR & GRILL LLC	10118 EDDYSTONE DR	HOUSTON	TX	77043	101	1	DONA LUPE MEXICAN RESTAURANT BAR & GRILL	2030 BINGLE RD	HOUSTON	TX	77055	101	Y	MB989301	7/25/2017	4/1/2021	10/31/2019	0	0	0	0	0
14709175971	NEW GOLDEN SEA, INC.	4151 SOUTHWEST FWY STE 620	HOUSTON	TX	77027	101	1	GOLDEN SEAFOOD HOUSE	2407 AIRLINE DR	HOUSTON	TX	77009	101	Y	MB661560	6/1/2007		10/31/2019	0	0	33082	0	33082
32054441475	CARMIKE CONCESSIONS II, LLC	11500 ASH ST	LEAWOOD	KS	66211	0	2	AMC YORKTOWN 15	15900 YORKTOWN CROSSING PKWY	HOUSTON	TX	77084	101	Y	MB1000558	11/21/2017	1/21/2020	5/31/2019	2470	253	1562	0	4285
12057184488	CHUY'S OPCO, INC.	1623 TOOMEY RD	AUSTIN	TX	78704	227	4	CHUY'S WESTHEIMER	2706 WESTHEIMER RD	HOUSTON	TX	77098	101	Y	MB650684	2/4/2014		4/30/2019	78192	1715	10529	0	90436
32051766965	NCMID LLC	12302 WESTMERE DR	HOUSTON	TX	77077	101	1	WOOSTERS	3315 MILAM ST	HOUSTON	TX	77006	101	Y	MB867212	3/24/2014		4/30/2019	90947	5835	13866	0	110648
17524461674	OUTBACK BEVERAGES OF TEXAS, LLC	2202 N WEST SHORE BLVD STE 500	TAMPA	FL	33607	0	43	OUTBACK STEAKHOUSE	7070 HIGHWAY 6 N	HOUSTON	TX	77095	101	Y	MB547726	1/1/2008		6/30/2019	15236	9175	8275	0	32686
17706538760	CHAP CLUB GROUP, L.L.C.	8307 GULF FWY	HOUSTON	TX	77017	101	1	LEGS CABARET	8307 GULF FWY	HOUSTON	TX	77017	101	Y	MB572067	2/9/2005		6/30/2019	18432	1088	14407	0	33927
32054484723	SOUTHEAST RESTAURANT GROUP-MAIN, LLC	1201 CANAL ST STE C2	NEW ORLEANS	LA	70112	0	3	TGIFRIDAY'S	7728 CYPRESS CREEK PKWY	HOUSTON	TX	77070	101	Y	MB885736	9/30/2014	9/12/2019	8/31/2019	20509	1307	3046	0	24862
17603123930	A. H. D. HOUSTON, INC.	PO BOX 570427	HOUSTON	TX	77257	101	1	CENTERFOLDS	6166 RICHMOND AVE	HOUSTON	TX	77057	101	Y	MB216695	11/30/1993		4/30/2019	94802	54205	26206	10562	185775
32078101253	B & G TREE HOUSE, INC.	901 NASA PKWY	HOUSTON	TX	77058	101	1	TREE HOUSE	901 NASA PKWY	HOUSTON	TX	77058	101	Y	MB227149	12/1/1993		7/31/2019	19970	571	8710	0	29251
32053158708	1140 ELDRIDGE INTERESTS, LLC	2121 SAGE RD STE 383	HOUSTON	TX	77056	101	1	SYLVIA'S	1140 ELDRIDGE PKWY STE 100	HOUSTON	TX	77077	101	Y	MB871627	5/8/2014		8/31/2019	29094	2124	4636	0	35854
17605679509	SAW MILL TAVERN, INC.	PO BOX 131927	HOUSTON	TX	77219	101	2	FRONT PORCH PUB	217 GRAY ST	HOUSTON	TX	77002	101	Y	MB474048	6/13/2000		4/30/2019	47071	2602	54481	0	104154
17606803124	LE MISTRAL, LTD.	PO BOX 550791	HOUSTON	TX	77255	101	1	LE MISTRAL LTD	1400 ELDRIDGE PKWY	HOUSTON	TX	77077	101	Y	MB506633	12/17/2001	12/31/2019	2/28/2019	4674	23690	297	0	28661
32043640120	LUCILLE B. SMITH'S FINE FOODS, LLC	5512 LA BRANCH ST	HOUSTON	TX	77004	101	1	LUCILLE'S	5512 LA BRANCH ST	HOUSTON	TX	77004	101	Y	MB810737	6/15/2012		8/31/2019	14320	8001	1211	0	23532
32019027005	BONGOS SPORTS BAR, INC.	14931 CAMINO RANCHO DR	HOUSTON	TX	77083	101	1	BONGOS SPORTS Y CAFE	6253 BISSONNET ST	HOUSTON	TX	77081	101	Y	MB653750	3/8/2007		10/31/2019	2486	18	6474	0	8978
32030452018	YUMMY GROUP INC.	2390 W ALABAMA ST	HOUSTON	TX	77098	101	1	AKA SUSHI HOUSE	2390 W ALABAMA ST	HOUSTON	TX	77098	101	Y	MB671947	9/21/2007		10/31/2019	9004	13885	5930	0	28819
17604873608	LOS CUCOS MEXICAN CAFE II, INC.	876 LOOP 337 STE 501	NEW BRAUNFELS	TX	78130	46	2	LOS CUCOS MEXICAN CAFE #2	22390 TOMBALL PKWY	HOUSTON	TX	77070	101	Y	MB261924	8/1/2000		8/31/2019	78311	2675	15059	0	96045
17604737795	D. HOUSTON, INC.	PO BOX 570427	HOUSTON	TX	77257	101	1	TREASURES	5647 WESTHEIMER RD	HOUSTON	TX	77056	101	Y	MB256488	7/27/1995		8/31/2019	143351	70257	34568	15624	263800
32050702433	D4 PUB, L.L.C.	810 WAUGH DR STE 100	HOUSTON	TX	77019	101	1	PIMLICO	810 WAUGH DR STE 100	HOUSTON	TX	77019	101	Y	MB858895	12/6/2013		8/31/2019	21780	2539	29664	0	53983
32062604916	HUSTLE AT 2704 GROUP, LP	2117 EVERETT ST	HOUSTON	TX	77009	101	1	NANCY'S HUSTLE	2704 POLK ST STE A	HOUSTON	TX	77003	101	Y	MB995444	9/26/2017		2/28/2019	38734	49981	3841	0	92556
32063523008	YM HIBACHI INC	16310 GOANNA CT	SUGAR LAND	TX	77498	79	2	WAGYU HIBACHI AND SUSHI BAR	3239 SOUTHWEST FWY	HOUSTON	TX	77027	101	Y	MB1025868	8/7/2018	9/9/2019	6/30/2019	0	0	0	0	0
32055622909	HG HOTEL BEVERAGE LLC	10306 EATON PL STE 430	FAIRFAX	VA	22030	0	1	HG HOTEL BEVERAGE LLC	5353 WESTHEIMER RD	HOUSTON	TX	77056	101	Y	MB902110	3/23/2015		8/31/2019	11547	4638	6119	0	22304
17603060405	IRISH PUB KENNEALLY'S, INC.	2111 S SHEPHERD DR	HOUSTON	TX	77019	101	1	IRISH PUB-KENNEALLY'S	2111 S SHEPHERD DR	HOUSTON	TX	77019	101	Y	MB228737	5/1/2008		10/31/2019	22183	7182	32613	0	61978
32048633252	GSM WINGS III, LLC	12660 S KIRKWOOD RD	STAFFORD	TX	77477	79	5	BREWINGZ	6006 GULF FWY	HOUSTON	TX	77023	101	Y	MB842364	6/5/2013		4/30/2019	5907	10	10052	0	15969
32064529400	TWO BIRD'S CARWASH DAIQUIRI & GRILL, LLC.	8711 GRASSWREN RD	RICHMOND	TX	77407	79	1	TWO BIRD'S CARWASH DAIQUIRI & GRILL	6613 BOWLING GREEN ST	HOUSTON	TX	77021	101	Y	MB1008720	3/1/2018	9/1/2020	1/31/2019	0	0	0	0	0
32047970895	HONDURAS MAYA CAFE & BAR LLC	8011 HAZEN ST	HOUSTON	TX	77036	101	1	HONDURAS MAYA CAFE & BAR LLC	5945 BELLAIRE BLVD STE B	HOUSTON	TX	77081	101	Y	MB817033	8/16/2012	9/12/2019	3/31/2019	0	0	0	0	0
32058075816	EDDIE V'S HOLDINGS, LLC	PO BOX 695011	ORLANDO	FL	32869	0	5	EDDIE V'S PRIME SEAFOOD	12848 QUEENSBURY LN STE 200	HOUSTON	TX	77024	101	Y	MB796621	2/1/2016		8/31/2019	72150	109164	3953	0	185267
32030452018	YUMMY GROUP INC.	2390 W ALABAMA ST	HOUSTON	TX	77098	101	1	AKA SUSHI HOUSE	2390 W ALABAMA ST	HOUSTON	TX	77098	101	Y	MB671947	9/21/2007		4/30/2019	10319	17473	7384	0	35176
32068959777	RBHJ ENTERTAINMENT LLC	9930 NORTH FWY STE B	HOUSTON	TX	77037	101	1	HOUSTON DOLLS CABARET	313 RANKIN RD STE H	HOUSTON	TX	77073	101	N	MB106132838	4/4/2019		6/30/2019	15930	216	1831	0	17977
32057930557	FRANKLIN STREET HOLDINGS, LLC	2000 WEST LOOP S STE 2100	HOUSTON	TX	77027	101	1	MINISTRY	709 FRANKLIN ST	HOUSTON	TX	77002	101	Y	MB921541	9/24/2015		8/31/2019	0	0	0	0	0
30113788902	KFGF ENTERPRISES, INC.	9585 MAIN ST	HOUSTON	TX	77025	101	1	CARRINGTON'S	9585 MAIN ST	HOUSTON	TX	77025	101	Y	MB216454	12/1/1993		8/31/2019	72415	899	7386	0	80700
17606323347	PALOMERA'S, INC.	3820 S GESSNER RD	HOUSTON	TX	77063	101	2	LA TAPATIA TAQUERIA	3820 S GESSNER RD	HOUSTON	TX	77063	101	Y	MB986967	6/29/2017		6/30/2019	14400	381	9629	0	24410
17601930666	PAPPAS RESTAURANTS, INC.	13939 NORTHWEST FWY	HOUSTON	TX	77040	101	43	PAPPADEAUX SEAFOOD KITCHEN	2525 S LOOP W	HOUSTON	TX	77054	101	Y	MB487730	3/8/2001		8/31/2019	160068	18192	14950	0	193210
17606595761	MHI HOUSTON BEVERAGES, L.L.C.	6404 IVY LN STE 800	GREENBELT	MD	20770	0	1	PART & PARCEL/EDGAR'S HERMANO	1700 SMITH ST	HOUSTON	TX	77002	101	Y	MB489873	3/28/2001	3/26/2020	10/31/2019	40439	16842	27985	0	85266
32062182145	WBPT MONTROSE LLC	5210 SPRUCE ST	BELLAIRE	TX	77401	101	1	'PEPPER TWINS'	315 FAIRVIEW AVE	HOUSTON	TX	77006	101	Y	MB1055448	5/29/2019	6/30/2022	10/31/2019	0	186	79	0	265
32057435839	TACOS TC JESTER LLC	2441 BARTLETT ST	HOUSTON	TX	77098	101	1	TACOS A GO GO OAK FOREST	3401 W T C JESTER BLVD	HOUSTON	TX	77018	101	Y	MB938545	3/21/2016		6/30/2019	5749	102	2320	0	8171
17602584405	TIED FLY, INC.	2011 ELLA BLVD	HOUSTON	TX	77008	101	2	RAINBOW LODGE RESTAURANT	1706 W 21ST ST	HOUSTON	TX	77008	101	Y	MB204987	12/1/2006		6/30/2019	21538	46939	2527	0	71004
17521332019	OLIVE GARDEN OF TEXAS, LLC	PO BOX 695011	ORLANDO	FL	32869	0	77	OLIVE GARDEN OF TEXAS #1775	1310 BAY AREA BLVD	HOUSTON	TX	77058	101	Y	MB701509	8/21/2008		10/31/2019	8529	9241	2577	0	20347
17606112849	BRIGANTINE, INC.	4712 RICHMOND AVE	HOUSTON	TX	77027	101	3	BAYOU CITY SEAFOOD & PASTA	4730 RICHMOND AVE	HOUSTON	TX	77027	101	Y	MB485859	1/5/2001	8/31/2022	2/28/2019	16080	12637	16154	0	44871
18000137549	BERRYHILL HOT TAMALES CORPORATION	4012 ESSEX LN	HOUSTON	TX	77027	101	10	BERRYHILL BAJA GRILL	5110 BUFFALO SPEEDWAY STE C	HOUSTON	TX	77005	101	Y	MB747807	5/7/2010	1/3/2020	9/30/2019	7590	691	1272	0	9553
17521332019	OLIVE GARDEN OF TEXAS, LLC	PO BOX 695011	ORLANDO	FL	32869	0	14	OLIVE GARDEN OF TEXAS #1074	1010 OLD SPANISH TRL	HOUSTON	TX	77054	101	Y	MB197440	12/1/1993		8/31/2019	10175	8127	2524	0	20826
17604854111	SALTGRASS, INC.	1510 WEST LOOP S ATTN: TAX DEPT	HOUSTON	TX	77027	101	26	SALTGRASS STEAKHOUSE	520 MEYERLAND PLAZA MALL	HOUSTON	TX	77096	101	Y	MB535563	5/19/2003		10/31/2019	34170	13488	9058	0	56716
17524521584	CAMPUS BEVERAGE, INC.	111 N POST OAK LN	HOUSTON	TX	77024	101	1	CAMPUS BEVERAGE INC	111 N POST OAK LANE	HOUSTON	TX	77024	101	Y	MB234433	12/1/1993		4/30/2019	184174	196953	36394	59604	477125
17527547768	PARK TEXAS CONCESSIONS, INC.	5701 MAIN ST	HOUSTON	TX	77005	101	1	HOTEL ZA ZA	5701 MAIN ST	HOUSTON	TX	77005	101	Y	MB646732	12/8/2006		10/31/2019	211756	144289	22892	15924	394861
13001539660	STELLAR ELEMENT, INC.	3403 MILAM ST	HOUSTON	TX	77002	101	1	MAI'S RESTAURANT	3403 MILAM ST	HOUSTON	TX	77002	101	Y	MB747748	5/6/2010		4/30/2019	9525	3642	4353	0	17520
32053681907	SSJA LLC	6166 HIGHWAY 6 N UNIT 22	HOUSTON	TX	77084	101	1	AGUIRRES TEX MEX	6166 HIGHWAY 6 N UNIT 22	HOUSTON	TX	77084	101	Y	MB910198	6/8/2015	7/11/2023	7/31/2019	1430	235	311	0	1976
32050567265	NIGHTINGALE ROOM BAR, L.L.C.	1416 WESTHEIMER RD	HOUSTON	TX	77006	101	1	NIGHTINGALE ROOM BAR, L.L.C	308 MAIN ST STE 100	HOUSTON	TX	77002	101	Y	MB887256	10/16/2014	3/24/2020	11/30/2019	0	0	0	0	0
17108902465	JC WINGS, LTD.	3103 N HIGHWAY 146	BAYTOWN	TX	77520	101	1	BAYOU CITY WINGS	12804 GULF FWY	HOUSTON	TX	77034	101	Y	MB553603	3/16/2004		6/30/2019	20404	0	21540	0	41944
32050943490	PLUCKERS-SHEPHERD, LP	811 BARTON SPRINGS RD STE 600	AUSTIN	TX	78704	227	1	PLUCKERS WING BAR	1400 SHEPHERD DR	HOUSTON	TX	77007	101	Y	MB854463	10/15/2013		4/30/2019	63333	468	89264	0	153065
32033684179	JOSE FREDI MEJIA	8526 ALCOTT DR	HOUSTON	TX	77080	101	1	MI CASA DE SABOR BAR & GRILL	8232 LONG POINT RD	HOUSTON	TX	77055	101	Y	MB676158	11/7/2007	7/18/2023	3/31/2019	223	0	2081	0	2304
32061444835	SLI 257 LLC	620 E 6TH 1/2 ST	HOUSTON	TX	77007	101	1	CACTUS COVE BAR & PATIO	3333 W 11TH ST	HOUSTON	TX	77008	101	Y	MB987722	7/10/2017		8/31/2019	17510	4088	22225	0	43823
17606238164	D WG FM, INC.	PO BOX 570427	HOUSTON	TX	77257	101	1	THE SPLENDOR	7440 W GREENS RD	HOUSTON	TX	77064	101	Y	MB465485	1/26/2000		10/31/2019	65314	20861	31070	6178	123423
32040224605	DOG HOUSE BOX LLC	1533 W ALABAMA ST STE 100	HOUSTON	TX	77006	101	1	THE DOG HOUSE TAVERN	2517 BAGBY ST	HOUSTON	TX	77006	101	Y	MB738362	12/10/2009		6/30/2019	26715	592	15186	0	42493
32041077622	APLIN NEW HORIZON, INC.	9603 STONECROSS BEND DR	HOUSTON	TX	77070	101	1	BLUEWATER SEAFOOD	12914 FM 1960 RD W STE I	HOUSTON	TX	77065	101	Y	MB744251	3/17/2010		4/30/2019	30363	3074	20848	0	54285
32038724301	UNITY LODGING, LLC	411 BROAD ST STE 401	CHATTANOOGA	TN	37402	0	1	COURTYARD HOUSTON NW/I-290	6708 GESSNER RD	HOUSTON	TX	77040	101	Y	MB877756	7/10/2014		4/30/2019	2106	1637	2841	0	6584
32064529400	TWO BIRD'S CARWASH DAIQUIRI & GRILL, LLC.	8711 GRASSWREN RD	RICHMOND	TX	77407	79	1	TWO BIRD'S CARWASH DAIQUIRI & GRILL	6613 BOWLING GREEN ST	HOUSTON	TX	77021	101	Y	MB1008720	3/1/2018	9/1/2020	6/30/2019	0	0	0	0	0
12623482440	RUCHI'S EL RINCON DE MEXICO #9, INC.	7307 SHANNONDALE DR	SUGAR LAND	TX	77479	79	1	RUCHI'S MEXICAN GRILL	6410 WESTHEIMER RD	HOUSTON	TX	77057	101	Y	MB1071673	11/5/2019		6/30/2019	39767	406	36067	0	76240
32008206719	MICHAEL W ASHLEY	3409 CAVALCADE ST	HOUSTON	TX	77026	101	3	MR A'S CLUB	3409 CAVALCADE ST	HOUSTON	TX	77026	101	Y	MB226411	12/1/1993		4/30/2019	7308	740	1890	0	9938
32063142130	MELESIO HERRADURA GRILL INC	19407 EGRET WOOD WAY	CYPRESS	TX	77429	101	1	HERRADURA MEXICAN GRILL	16245 FM 529 RD	HOUSTON	TX	77095	101	Y	MB939371	10/1/2017		10/31/2019	5769	212	1457	0	7438
32053681907	SSJA LLC	6166 HIGHWAY 6 N UNIT 22	HOUSTON	TX	77084	101	1	AGUIRRES TEX MEX	6166 HIGHWAY 6 N UNIT 22	HOUSTON	TX	77084	101	Y	MB910198	6/8/2015	7/11/2023	4/30/2019	1361	201	446	0	2008
12626314723	THAI TIME LLC	3214 GATESBURY CT	HOUSTON	TX	77082	101	1	NAAM KHAO	1420 ELDRIDGE PKWY	HOUSTON	TX	77077	101	Y	MB701806	8/26/2008		10/31/2019	14250	10246	8172	0	32668
17601930666	PAPPAS RESTAURANTS, INC.	13939 NORTHWEST FWY	HOUSTON	TX	77040	101	32	CAFE PAPPADEAUX	2226 FM 1960 RD W	HOUSTON	TX	77090	101	N	MB477457	8/15/2000		4/30/2019	0	0	0	0	0
32041397889	V STAR, LLC	8440 GULF FWY	HOUSTON	TX	77017	101	1	V STAR	8440 GULF FWY	HOUSTON	TX	77017	101	Y	MB828643	1/11/2013		4/30/2019	2773	81	4168	0	7022
17606444507	CIGI BEVERAGES OF TEXAS, LLC	2202 N WEST SHORE BLVD STE 500	TAMPA	FL	33607	0	12	CARRABBA'S ITALIAN GRILL	5440 FM 1960 RD W	HOUSTON	TX	77069	101	Y	MB405795	8/12/2004		4/30/2019	9473	26356	2592	0	38421
17600188407	GP DALLAS, INC.	925 HYDE PARK BLVD	HOUSTON	TX	77006	101	1	JR'S BAR & GRILL / HOUSTON	804 PACIFIC ST	HOUSTON	TX	77006	101	Y	MB199517	12/1/1993		4/30/2019	204201	6419	36860	0	247480
17606590515	SPIRITS OF HOUSTON I, L.L.C.	19410 CLAY RD STE F	KATY	TX	77449	101	1	MUG SHOTS TAVERN	19410 CLAY RD STE F	HOUSTON	TX	77084	101	N	MB486168	1/11/2001		10/31/2019	16559	63	11711	0	28333
17604758197	100 % TAQUITO CO.	3245 SOUTHWEST FWY	HOUSTON	TX	77027	101	3	100% TAQUITO CO	3245 SOUTHWEST FWY	HOUSTON	TX	77027	101	Y	MB553644	3/4/2004		10/31/2019	8801	0	4433	0	13234
17419968528	UNIVERSITY FOOD SERVICES, INC.	2400 YORKMONT RD ATTN: BECKY ANDERSON/TA	CHARLOTTE	NC	28217	0	49	UFS @ U OF H STUDENT CENTER & TACA CABANA #42366	3874 HOLMAN ST STE D	HOUSTON	TX	77004	101	Y	MB994418	9/15/2017	12/31/2022	2/28/2019	0	0	0	0	0
18330329675	BRAVITOS GROUP LLC	890 S MASON RD STE A	KATY	TX	77450	101	3	POLLO BRAVO	5801 MEMORIAL DR STE C	HOUSTON	TX	77007	101	Y	MB982227	5/15/2017		3/31/2019	85	235	310	0	630
32067022304	AZUZA LOUNGE & GRILL, LLC.	4115 WASHINGTON AVE	HOUSTON	TX	77007	101	1	AZUZA LOUNGE	4115 WASHINGTON AVE	HOUSTON	TX	77007	101	Y	MB1066133	9/10/2019		11/30/2019	23148	0	2436	0	25584
17410440071	THE FOREST CLUB	9950 MEMORIAL DR	HOUSTON	TX	77024	101	1	THE FOREST CLUB	9950 MEMORIAL DR STE B	HOUSTON	TX	77024	101	Y	N 037499	12/1/1993		6/30/2019	22740	42327	6540	0	71607
17604635296	RE-ER, INC.	8925 RICHMOND AVE	HOUSTON	TX	77063	101	1	METROPOLIS DISCOTHEQUE/EXTRAVAGANZA	8925 RICHMOND AVE	HOUSTON	TX	77063	101	Y	MB253540	5/17/1995		4/30/2019	19187	0	26920	0	46107
12623482440	RUCHI'S EL RINCON DE MEXICO #9, INC.	7307 SHANNONDALE DR	SUGAR LAND	TX	77479	79	1	RUCHI'S MEXICAN GRILL	6410 WESTHEIMER RD	HOUSTON	TX	77057	101	Y	MB1071673	11/5/2019		5/31/2019	41257	240	34273	0	75770
17606284580	LOS GALLITOS MEXICAN CAFE II, INC.	12030 WILCREST DR	HOUSTON	TX	77031	101	3	LOS GALLITOS MEXICAN CAFE II	12030 WILCREST DR	HOUSTON	TX	77031	101	N	MB469832	10/1/2016		8/31/2019	10574	2750	334	0	13658
32048669736	UNDERDOGSPUB, LLC	4212 WASHINGTON AVE	HOUSTON	TX	77007	101	1	UNDERDOGS SPORTS PUB	4212 WASHINGTON AVE	HOUSTON	TX	77007	101	Y	MB826060	12/4/2012		4/30/2019	15694	95	15167	0	30956
32058380380	ALESH CORPORATION	6802 REGAL LAKES DR	KATY	TX	77493	101	1	CENTENARIO POOL & BAR	9890 SOUTHWEST FWY	HOUSTON	TX	77074	101	Y	MB939774	4/4/2016	2/8/2021	8/31/2019	3200	0	7950	0	11150
17601217023	BROSNO, INC.	11128 WESTHEIMER RD	HOUSTON	TX	77042	101	2	MOLLY'S PUB	11128 WESTHEIMER RD	HOUSTON	TX	77042	101	Y	MB162968	12/19/2000		4/30/2019	19599	599	18867	0	39065
32060692558	OSNAIDA CINTRA	5920 BELLAIRE BLVD STE F	HOUSTON	TX	77081	101	2	SOL BILLARES & DEPORTES	5920 BELLAIRE BLVD STE F	HOUSTON	TX	77081	101	Y	MB995482	9/26/2017	6/25/2019	1/31/2019	3548	215	1720	0	5483
32053772045	KASHMERE13, L.L.C.	1533 W ALABAMA ST STE 100	HOUSTON	TX	77006	101	1	BIG STAR BAR	1005 W 19TH ST	HOUSTON	TX	77008	101	Y	MB874309	6/5/2014		10/31/2019	24356	77	14671	0	39104
32043551178	EL TIEMPO VINTAGE PARK, LLC	602 SAWYER ST STE 110	HOUSTON	TX	77007	101	1	EL TIEMPO CANTINA	114 VINTAGE PARK BLVD STE M	HOUSTON	TX	77070	101	Y	MB802472	12/21/2018		4/30/2019	102194	7485	12153	0	121832
17427540780	THE HOUSTON CHEESECAKE FACTORY CORPORATION	26901 MALIBU HILLS RD	CALABASAS HLS	CA	91301	0	12	GRAND LUX CAFE	5000 WESTHEIMER RD STE 690	HOUSTON	TX	77056	101	Y	MB567535	11/12/2004		4/30/2019	67141	21484	11219	0	99844
17606512097	HOUSTON FIRST CORPORATION	1600 LAMAR ST	HOUSTON	TX	77010	101	1	HILTON AMERICAS - HOUSTON	1600 LAMAR ST	HOUSTON	TX	77010	101	Y	MB547553	11/26/2003		4/30/2019	307127	162856	94213	75204	639400
32056087565	RLCJS LLC	1570 S DAIRY ASHFORD RD STE 122	HOUSTON	TX	77077	101	1	MR. C'S IRISH PUB	1570 S DAIRY ASHFORD RD	HOUSTON	TX	77077	101	Y	MB903498	4/1/2015		10/31/2019	11387	599	7297	0	19283
32051678442	MHH BEVERAGE COMPANY, LLC	5000 MERIDIAN BLVD STE 750	FRANKLIN	TN	37067	0	1	COURTYARD HOUSTON BROOKHOLLOW	2504 NORTH LOOP W	HOUSTON	TX	77092	101	Y	MB857749	11/20/2013	4/29/2021	8/31/2019	1688	1321	1437	0	4446
12016577533	FAMILIA GONZALEZ RESTAURANTS, INC.	12822 WILLOW CENTRE DR STE A	HOUSTON	TX	77066	101	1	LA FIESTA MEXICAN RESTAURANT	11623 KATY FWY # B	HOUSTON	TX	77079	101	Y	MB571298	1/4/2005		8/31/2019	6836	340	2620	0	9796
32044329418	OUR HOTELS, LLC	1785 STATE HIGHWAY 26 STE 400	GRAPEVINE	TX	76051	220	17	AC HOTEL BY MARRIOTT HOUSTON	723 MAIN ST	HOUSTON	TX	77002	101	Y	MB1057367	6/17/2019	6/17/2023	12/31/2019	18321	2355	6730	0	27406
32048263720	DIHO ENTERTAINMENT LLC	6100 CORPORATE DR STE 588	HOUSTON	TX	77036	101	1	ROOM 28 KARAOKE LOUNGE	3002 FONDREN RD	HOUSTON	TX	77063	101	Y	MB845290	7/3/2013		2/28/2019	1220	0	1045	0	2265
17429924594	FLEMING'S BEVERAGES, LLC	2202 N WEST SHORE BLVD STE 500	TAMPA	FL	33607	0	7	FLEMING'S PRIME STEAKHOUSE AND WINE BAR	788 W SAM HOUSTON PKWY N STE 120	HOUSTON	TX	77024	101	Y	MB717131	3/12/2009		4/30/2019	24013	45942	2106	0	72061
32063147303	DMHT, LLC	2815 S SHEPHERD DR	HOUSTON	TX	77098	101	1	DMHT	2815 S SHEPHERD DR	HOUSTON	TX	77098	101	Y	MB987852	7/11/2017		4/30/2019	44078	112805	1716	0	158599
32062978583	DIVE 809, LLC	809 PIERCE ST	HOUSTON	TX	77002	101	1	THE DIVE	809 PIERCE ST	HOUSTON	TX	77002	101	Y	MB995058	9/21/2017	10/21/2023	1/31/2019	10011	17	5336	0	15364
32051698812	ACTIVE PARK, LLC	500 DURHAM DR	HOUSTON	TX	77007	101	1	PROSPECT PARK	3100 FOUNTAIN VIEW DR	HOUSTON	TX	77057	101	Y	MB862515	1/29/2014		1/31/2019	347116	9581	23567	0	380264
32055622909	HG HOTEL BEVERAGE LLC	10306 EATON PL STE 430	FAIRFAX	VA	22030	0	1	HG HOTEL BEVERAGE LLC	5353 WESTHEIMER RD	HOUSTON	TX	77056	101	Y	MB902110	3/23/2015		1/31/2019	12587	5003	7963	0	25553
17521332019	OLIVE GARDEN OF TEXAS, LLC	PO BOX 695011	ORLANDO	FL	32869	0	32	OLIVE GARDEN OF TEXAS #1285	9080 SOUTHWEST FWY	HOUSTON	TX	77074	101	Y	MB225374	12/1/1993		10/31/2019	8838	9507	2407	0	20752
32055141074	ABASOLO RESTAURANTS, INC.	1109 HOGAN ST	HOUSTON	TX	77009	101	3	ABASOLO RESTAURANT & SEAFOOD	1822 N MAIN ST	HOUSTON	TX	77009	101	Y	MB894152	1/5/2015		8/31/2019	2573	0	5664	0	8237
17427780618	BRISTOL-SHANDY GROUP, L.L.C.	230 STARBOARD AVE	ROCKPORT	TX	78382	4	2	WILD WEST - HOUSTON	6101 RICHMOND AVE	HOUSTON	TX	77057	101	Y	MB408838	3/9/1998	7/1/2021	11/30/2019	49276	1263	30499	0	81038
32061597749	TIMES INFINITY, LLC	37 SCOTSMOOR CT	SUGAR LAND	TX	77479	79	1	STRAYLIGHT	3229 NAVIGATION BLVD STE A	HOUSTON	TX	77003	101	Y	MB989040	7/21/2017	7/20/2021	4/30/2019	0	0	0	0	0
12623482440	RUCHI'S EL RINCON DE MEXICO #9, INC.	7307 SHANNONDALE DR	SUGAR LAND	TX	77479	79	1	RUCHI'S MEXICAN GRILL	6410 WESTHEIMER RD	HOUSTON	TX	77057	101	Y	MB1071673	11/5/2019		4/30/2019	35654	196	30206	0	66056
17601930666	PAPPAS RESTAURANTS, INC.	13939 NORTHWEST FWY	HOUSTON	TX	77040	101	9	PAPPAS SEAFOOD HOUSE & OYSTER BAR 3	11301 NORTH FWY	HOUSTON	TX	77037	101	Y	MB162826	12/1/1993		4/30/2019	43653	14594	10199	0	68446
11134835476	MORTON'S OF CHICAGO/MCKINNEY, LLC	1510 WEST LOOP S	HOUSTON	TX	77027	101	1	MORTON'S OF CHICAGO	1001 MCKINNEY ST STE 100	HOUSTON	TX	77002	101	Y	MB643881	8/15/2011		4/30/2019	45132	83072	7450	0	135654
32044329418	OUR HOTELS, LLC	1785 STATE HIGHWAY 26 STE 400	GRAPEVINE	TX	76051	220	17	AC HOTEL BY MARRIOTT HOUSTON	723 MAIN ST	HOUSTON	TX	77002	101	Y	MB1057367	6/17/2019	6/17/2023	9/30/2019	14061	5765	3009	0	22835
17605916497	FRENCH QUARTER RESTAURANTS, INC.	7099 HIGHWAY 6 N	HOUSTON	TX	77095	101	3	FRENCH QUARTER MARKET & GRILL	7099 HIGHWAY 6 N	HOUSTON	TX	77095	101	Y	MB559099	6/18/2004		10/31/2019	12754	2366	3662	0	18782
32065327820	TEX MEX GRILL & BAR LLC	12620 FM 1960 RD W STE A1	HOUSTON	TX	77065	101	1	TEX MEX GRILL & BAR	17117 FM 529 RD	HOUSTON	TX	77095	101	Y	MB1023749	7/21/2020	7/31/2020	2/28/2019	8600	100	4600	0	13300
32018393465	MARIA SANTOS CHAVEZ	3240 FONDREN RD	HOUSTON	TX	77063	101	1	MILA'S TAQUERIA MEXICO	3240 FONDREN RD	HOUSTON	TX	77063	101	Y	MB620023	2/14/2006		4/30/2019	639	0	710	0	1349
32064884607	BARTENDING2U, LLC	4560 W 34TH ST STE A	HOUSTON	TX	77092	101	1	BARTENDING2U, LLC	11106 BAMMEL NORTH HOUSTON RD STE B	HOUSTON	TX	77066	101	N	MB105559592	2/1/2018	12/31/2022	10/31/2019	4697	1821	3940	0	10458
17427780618	BRISTOL-SHANDY GROUP, L.L.C.	230 STARBOARD AVE	ROCKPORT	TX	78382	4	2	WILD WEST - HOUSTON	6101 RICHMOND AVE	HOUSTON	TX	77057	101	Y	MB408838	3/9/1998	7/1/2021	8/31/2019	52504	982	31693	0	85179
32062809580	CLUB NUESTRA RAZA, LLC	3100 S GESSNER RD STE 320	HOUSTON	TX	77063	101	1	CLUB NUESTRA RAZA	159 SHARPSTOWN CTR STE 270	HOUSTON	TX	77036	101	Y	MB986982	6/29/2017		8/31/2019	3836	0	68768	0	72604
32053989078	TW RESTAURANT HOLDER, LLC	1815 THE EXCHANGE SE	ATLANTA	GA	30339	0	32	HOOTERS	120 CYPRESS CREEK PKWY	HOUSTON	TX	77090	101	Y	MB805006	11/1/2014		4/30/2019	11939	374	16877	0	29190
32054905271	MONTROSE REVIVAL GROUP LLC	408 WESTHEIMER RD	HOUSTON	TX	77006	101	3	LOVE BUZZ	412 WESTHEIMER RD	HOUSTON	TX	77006	101	Y	MB889141	10/31/2014	5/13/2024	3/31/2019	8994	1337	9160	0	19491
32053681907	SSJA LLC	6166 HIGHWAY 6 N UNIT 22	HOUSTON	TX	77084	101	1	AGUIRRES TEX MEX	6166 HIGHWAY 6 N UNIT 22	HOUSTON	TX	77084	101	Y	MB910198	6/8/2015	7/11/2023	8/31/2019	1354	183	248	0	1785
32058814289	INVASION ICE HOUSE, LLC	823 DUMBLE ST	HOUSTON	TX	77023	101	1	LIL' DANNY SPEEDO'S GO FLY A KITE LOUNGE	823 DUMBLE ST	HOUSTON	TX	77023	101	Y	MB978113	4/5/2017		2/28/2019	25836	147	18417	0	44400
32067215684	PALMER'S ICE HOUSE LLC	PO BOX 73523	HOUSTON	TX	77273	101	1	PALMER'S ICE HOUSE	7315 LYONS AVE	HOUSTON	TX	77020	101	Y	MB959117	4/26/2019	1/21/2020	8/31/2019	0	0	0	0	0
32061597749	TIMES INFINITY, LLC	37 SCOTSMOOR CT	SUGAR LAND	TX	77479	79	1	STRAYLIGHT	3229 NAVIGATION BLVD STE A	HOUSTON	TX	77003	101	Y	MB989040	7/21/2017	7/20/2021	3/31/2019	0	0	0	0	0
12048035971	EL DORADO MEXICAN RESTAURANT, INC.	1962 EL DORADO BLVD	HOUSTON	TX	77062	101	1	EL DORADO MEXICAN RESTAURANT	1962 EL DORADO BLVD	HOUSTON	TX	77062	101	Y	MB483224	7/31/2006		10/31/2019	9104	525	2590	0	12219
17605792468	SAMBUCA HOUSTON, L.P.	222 LAS COLINAS BLVD W STE 2250N	IRVING	TX	75039	57	1	SAMBUCA RESTAURANT	909 TEXAS ST STE F	HOUSTON	TX	77002	101	Y	MB696217	6/21/2008		4/30/2019	75262	29150	12577	0	116989
32053158708	1140 ELDRIDGE INTERESTS, LLC	2121 SAGE RD STE 383	HOUSTON	TX	77056	101	1	SYLVIA'S	1140 ELDRIDGE PKWY STE 100	HOUSTON	TX	77077	101	Y	MB871627	5/8/2014		7/31/2019	27428	2421	4466	0	34315
19105150585	NORDSTROM, INC.	PO BOX 2229 C/O SALES & USE TAX	SEATTLE	WA	98111	0	7	NORDSTROM BAZILLE AND HABITANT	5192 HIDALGO ST	HOUSTON	TX	77056	101	Y	MB796500	4/4/2014		1/31/2019	6360	12389	883	0	19632
32053196377	SONGKRAN HOSPITALITY, LP	11 GREENWAY PLZ STE 1400	HOUSTON	TX	77046	101	1	SONGKRAN	1101 UPTOWN PARK BLVD STE 8	HOUSTON	TX	77056	101	Y	MB871244	5/5/2014		4/30/2019	6867	9055	2117	0	18039
32057634951	ACMJKPR AMUSEMENT, LLC	9110 JONES RD STE 100	HOUSTON	TX	77065	101	1	JB'S PUB & GRILL	9110 JONES RD STE 100	HOUSTON	TX	77065	101	Y	MB970936	1/31/2017		10/31/2019	26185	254	14257	0	40696
17419968528	UNIVERSITY FOOD SERVICES, INC.	2400 YORKMONT RD ATTN: BECKY ANDERSON/TA	CHARLOTTE	NC	28217	0	49	UFS @ U OF H STUDENT CENTER & TACA CABANA #42366	3874 HOLMAN ST STE D	HOUSTON	TX	77004	101	Y	MB994418	9/15/2017	12/31/2022	5/31/2019	0	0	0	0	0
18330329675	BRAVITOS GROUP LLC	890 S MASON RD STE A	KATY	TX	77450	101	2	EL POLLO BRAVO #4	5440 MEMORIAL DR	HOUSTON	TX	77007	101	Y	MB824045	11/6/2012		3/31/2019	0	0	0	0	0
17601522455	EMERALD BOWL, INC.	9307 BOONE RD	HOUSTON	TX	77099	101	1	EMERALD BOWL, INC.	9307 BOONE RD	HOUSTON	TX	77099	101	Y	MB831119	2/8/2013		10/31/2019	10948	238	18162	0	29348
32017671648	PERRY JOE MALOY	5826 CONLEY ST	HOUSTON	TX	77021	101	1	THE ORIGINAL SPEAK EASY	5826 CONLEY ST	HOUSTON	TX	77021	101	Y	MB606476	8/19/2005		8/31/2019	4397	754	792	0	5943
13001539660	STELLAR ELEMENT, INC.	3403 MILAM ST	HOUSTON	TX	77002	101	1	MAI'S RESTAURANT	3403 MILAM ST	HOUSTON	TX	77002	101	Y	MB747748	5/6/2010		10/31/2019	9592	4526	4829	0	18947
32058380380	ALESH CORPORATION	6802 REGAL LAKES DR	KATY	TX	77493	101	1	CENTENARIO POOL & BAR	9890 SOUTHWEST FWY	HOUSTON	TX	77074	101	Y	MB939774	4/4/2016	2/8/2021	4/30/2019	2200	0	5800	0	8000
32063708120	GRAPEFRUIT TREE LLC	3210 W DALLAS ST	HOUSTON	TX	77019	101	1	BOUTIQUE NIGHTCLUB	5316 WASHINGTON AVE	HOUSTON	TX	77007	101	Y	MB105785055	9/7/2018	7/31/2022	8/31/2019	0	0	0	0	0
17427780618	BRISTOL-SHANDY GROUP, L.L.C.	230 STARBOARD AVE	ROCKPORT	TX	78382	4	2	WILD WEST - HOUSTON	6101 RICHMOND AVE	HOUSTON	TX	77057	101	Y	MB408838	3/9/1998	7/1/2021	7/31/2019	51410	898	31968	0	84276
32059783582	DOQA LUPE MEXICAN RESTAURANT BAR & GRILL LLC	10118 EDDYSTONE DR	HOUSTON	TX	77043	101	1	DONA LUPE MEXICAN RESTAURANT BAR & GRILL	2030 BINGLE RD	HOUSTON	TX	77055	101	Y	MB989301	7/25/2017	4/1/2021	2/28/2019	1033	50	915	0	1998
32051678442	MHH BEVERAGE COMPANY, LLC	5000 MERIDIAN BLVD STE 750	FRANKLIN	TN	37067	0	1	COURTYARD HOUSTON BROOKHOLLOW	2504 NORTH LOOP W	HOUSTON	TX	77092	101	Y	MB857749	11/20/2013	4/29/2021	11/30/2019	1303	2041	1487	0	4831
32054484723	SOUTHEAST RESTAURANT GROUP-MAIN, LLC	1201 CANAL ST STE C2	NEW ORLEANS	LA	70112	0	1	TGIFRIDAY'S	12895 GULF FWY	HOUSTON	TX	77034	101	Y	MB885735	9/30/2014	9/12/2019	8/31/2019	20241	1529	6025	0	27795
32067865900	DANNY-LEE ENTERTAINMENT, LLC	1011 CORINTH ST	DALLAS	TX	75215	57	1	BAR 9940	9940 FONDREN RD	HOUSTON	TX	77096	101	Y	MB1036470	11/6/2018	1/14/2020	1/31/2019	2056	121	543	0	2720
17601930666	PAPPAS RESTAURANTS, INC.	13939 NORTHWEST FWY	HOUSTON	TX	77040	101	6	PAPPAS BROS STEAKHOUSE	5839 WESTHEIMER RD	HOUSTON	TX	77057	101	Y	MB153105	12/1/1993		4/30/2019	68369	259102	7462	0	334933
32056468773	STEAK 48 RIVER OAKS, LLC	7345 E ACOMA DR STE 101	SCOTTSDALE	AZ	85260	0	1	STEAK 48	4444 WESTHEIMER RD STE A01	HOUSTON	TX	77027	101	Y	MB934924	2/11/2016		6/30/2019	218612	336507	9659	0	564778
32038832633	JONATHAN GROW INTERESTS, LLC	10801 SPRING CYPRESS RD # 16	HOUSTON	TX	77070	101	1	LONE STAR ICE HOUSE	10801 SPRING CYPRESS RD # 16	HOUSTON	TX	77070	101	N	MB743489	3/9/2010		6/30/2019	51413	92	28923	0	80428
12639540520	RESERVOIR INC	9950 WESTPARK DR STE 415	HOUSTON	TX	77063	101	1	REBELS HONKY TONK	5002 WASHINGTON AVE	HOUSTON	TX	77007	101	Y	MB718443	3/31/2009	6/24/2019	5/31/2019	0	0	0	0	0
32055103934	DDD999, LLC	6968 WILCREST DR STE A	HOUSTON	TX	77072	101	1	VIBE LOUNGE KTV & RESTAURANT	6968 WILCREST DR STE A	HOUSTON	TX	77072	101	Y	MB957596	9/13/2016	5/30/2019	2/28/2019	0	0	0	0	0
17522637846	BELLA BEVERAGE CORPORATION	5851 LEGACY CIR STE 400	PLANO	TX	75024	43	1	HILTON HOUSTON PLAZA MEDICAL CENTER GRAB AND GO	6633 TRAVIS ST	HOUSTON	TX	77030	101	Y	MB204978	12/1/1993		2/28/2019	8575	8817	6890	0	24282
32053989078	TW RESTAURANT HOLDER, LLC	1815 THE EXCHANGE SE	ATLANTA	GA	30339	0	27	HOOTERS	17599 STATE HIGHWAY 249	HOUSTON	TX	77064	101	Y	MB721866	11/1/2014		4/30/2019	8501	286	22833	0	31620
32051543133	ROCKET FARM RESTAURANTS, LLC	1175 CHATTAHOOCHEE AVE NW	ATLANTA	GA	30318	0	2	STATE OF GRACE	3256 WESTHEIMER RD	HOUSTON	TX	77098	101	Y	MB877330	8/1/2015		3/31/2019	63046	110830	5651	0	179527
32058062095	T & D RESTAURANTS, LLC	11901 ALDINE WESTFIELD RD	HOUSTON	TX	77093	101	1	CULICHI TOWN	11901 ALDINE WESTFIELD RD	HOUSTON	TX	77093	101	N	MB990033	6/30/2016		8/31/2019	69502	40	56671	0	126213
17606505034	UNCLES ACQUISITION CORP.	PO BOX 22225	HOUSTON	TX	77227	101	3	LOS TIOS MEXICAN RESTAURANT	14006 MEMORIAL DR	HOUSTON	TX	77079	101	Y	MB480740	10/1/2000		11/30/2019	36917	1542	4697	0	43156
32067080617	SWIFT EVENTS LLC	6363 WOODWAY DR STE 600	HOUSTON	TX	77057	101	2	SWIFT EVENTS LLC	2137 W ALABAMA ST	HOUSTON	TX	77098	101	Y	MB226473	10/2/2018		8/31/2019	530	41	7	0	578
32054642841	DEL MONTE RESTAURANT GROUP, LLC	6565 DEL MONTE DR	HOUSTON	TX	77057	101	1	THE DEL	6565 DEL MONTE DR	HOUSTON	TX	77057	101	Y	MB918904	8/31/2015		4/30/2019	13775	16921	4430	0	35126
32054580314	MR. AQUA RESTAURANT LLC	2450 LOUISIANA ST STE 100	HOUSTON	TX	77006	101	1	SALT AIR	3029 KIRBY DR	HOUSTON	TX	77098	101	Y	MB904216	4/9/2015		4/30/2019	0	0	0	0	0
15814983126	RARE HOSPITALITY INTERNATIONAL, INC.	PO BOX 695016	ORLANDO	FL	32869	0	21	LONGHORN STEAKHOUSE #5481	20636 KATY FREEWAY	HOUSTON	TX	77449	101	Y	MB836165	4/2/2013		10/31/2019	11948	5059	6391	0	23398
32053989078	TW RESTAURANT HOLDER, LLC	1815 THE EXCHANGE SE	ATLANTA	GA	30339	0	22	HOOTERS	12914 NORTHWEST FWY	HOUSTON	TX	77040	101	Y	MB714008	11/1/2014		6/30/2019	5961	102	14909	0	20972
17601930666	PAPPAS RESTAURANTS, INC.	13939 NORTHWEST FWY	HOUSTON	TX	77040	101	12	PAPPADEUX SEAFOOD KITCHEN	7110 FM 1960 WEST	HOUSTON	TX	77069	101	N	MB244714	3/29/1994		8/31/2019	118134	28725	18869	0	165728
32042335060	GRACE'S KR MANAGEMENT, LLC	3131 ARGONNE ST	HOUSTON	TX	77098	101	1	GRACE'S ON KIRBY	3111 KIRBY DR	HOUSTON	TX	77098	101	Y	MB836676	4/5/2013		6/30/2019	84076	53917	3168	0	141161
32051349275	AMALFI RISTORANTE LLC	2811 VAL VERDE CT	HOUSTON	TX	77057	101	1	AMALFI RISTORANTE ITALIANO	6100 WESTHEIMER RD STE 140	HOUSTON	TX	77057	101	Y	MB854007	10/9/2013		12/31/2019	11596	68213	1005	0	80814
32050735144	DOWN THE STREET, L.L.C.	1533 W ALABAMA ST STE 100	HOUSTON	TX	77006	101	1	DOWN THE STREET	5746 LARKIN ST STE A	HOUSTON	TX	77007	101	Y	MB846216	7/17/2013		4/30/2019	36257	20381	23902	0	80540
32056468880	REGAL LICENSING, LLC	7132 REGAL LN	KNOXVILLE	TN	37918	0	3	GREENWAY GRAND PALACE 24	3839 WESLAYAN ST	HOUSTON	TX	77027	101	Y	MB925272	10/29/2015		4/30/2019	20591	3661	17527	0	41779
16114565662	5913, INC.	5913 WESTHEIMER RD	HOUSTON	TX	77057	101	1	SLICK WILLES'S FAMILY POOL HALL	5913 WESTHEIMER RD	HOUSTON	TX	77057	101	Y	MB551279	2/9/2004		4/30/2019	40575	735	24850	0	66160
32038555739	VALENCIA ORANGES IV, LLC	4400 POST OAK PKWY STE 1640	HOUSTON	TX	77027	101	3	VALENCIA ORANGES IV, LLC	800 TOWN AND COUNTRY BLVD STE 139	HOUSTON	TX	77024	101	Y	MB790378	11/17/2011	3/20/2020	3/31/2019	20142	2698	3346	0	26186
32051349275	AMALFI RISTORANTE LLC	2811 VAL VERDE CT	HOUSTON	TX	77057	101	1	AMALFI RISTORANTE ITALIANO	6100 WESTHEIMER RD STE 140	HOUSTON	TX	77057	101	Y	MB854007	10/9/2013		1/31/2019	10161	68069	1003	0	79233
17601930666	PAPPAS RESTAURANTS, INC.	13939 NORTHWEST FWY	HOUSTON	TX	77040	101	53	PAPPADEAUX SEAFOOD KITCHEN	2410 RICHMOND AVE	HOUSTON	TX	77098	101	Y	MB496443	7/6/2001		4/30/2019	55614	17757	6783	0	80154
32048633237	GSM WINGS V, LLC	12660 S KIRKWOOD RD	STAFFORD	TX	77477	79	7	BREWINGZ	8150 SOUTHWEST FWY STE I	HOUSTON	TX	77074	101	Y	MB842601	6/6/2013		4/30/2019	4374	0	7343	0	11717
18707205193	DARKHORSE TAVERN PARTNERS, L.P.	2207 WASHINGTON AVE	HOUSTON	TX	77007	101	1	DARKHORSE TAVERN	2207 WASHINGTON AVE	HOUSTON	TX	77007	101	Y	MB555399	5/18/2004		4/30/2019	11318	268	10740	0	22326
32058587869	R6 VENTURES INC.	4329 HIGHWAY 6 N	HOUSTON	TX	77084	101	1	LAZY FROG BAR	4329 HIGHWAY 6 N	HOUSTON	TX	77084	101	Y	MB933914	2/3/2016	1/25/2021	2/28/2019	9475	17	8473	0	17965
32003317818	BACKYARD INVESTMENTS, LTD.	9453 JONES RD	HOUSTON	TX	77065	101	1	THE BACKYARD GRILL	9453 JONES RD	HOUSTON	TX	77065	101	Y	MB495824	6/28/2001		8/31/2019	14547	3315	30463	0	48325
32064884607	BARTENDING2U, LLC	4560 W 34TH ST STE A	HOUSTON	TX	77092	101	1	BARTENDING2U, LLC	11106 BAMMEL NORTH HOUSTON RD STE B	HOUSTON	TX	77066	101	N	MB105559592	2/1/2018	12/31/2022	9/30/2019	3705	1775	2370	0	7850
17603848627	BARNEY'S BILLIARDS SALOON #5, INC.	19333 HIGHWAY 59 N STE 300	HUMBLE	TX	77338	101	2	BARNEY'S BILLIARDS SALOON #5	324 FM 1960 RD STE 108	HOUSTON	TX	77073	101	Y	MB235280	4/1/2016	6/28/2021	1/31/2019	25350	124	8649	0	34123
32055103934	DDD999, LLC	6968 WILCREST DR STE A	HOUSTON	TX	77072	101	1	VIBE LOUNGE KTV & RESTAURANT	6968 WILCREST DR STE A	HOUSTON	TX	77072	101	Y	MB957596	9/13/2016	5/30/2019	1/31/2019	0	0	0	0	0
32047495299	LEFT FIELD VENTURE, LLC	5859 FARWELL DR	HOUSTON	TX	77035	101	1	EMMITS PLACE	4852 BENNING DR	HOUSTON	TX	77035	101	Y	MB808975	6/1/2012		10/31/2019	4498	142	2630	0	7270
32069659079	CAFE BEN, LTD.	1244 N POST OAK RD STE 100	HOUSTON	TX	77055	101	1	THE ANNIE CAFE & BAR	1800 POST OAK BLVD STE 6170	HOUSTON	TX	77056	101	Y	MB1067178	9/24/2019		11/30/2019	81717	163672	5061	0	250450
17419968528	UNIVERSITY FOOD SERVICES, INC.	2400 YORKMONT RD ATTN: BECKY ANDERSON/TA	CHARLOTTE	NC	28217	0	49	UFS @ U OF H STUDENT CENTER & TACA CABANA #42366	3874 HOLMAN ST STE D	HOUSTON	TX	77004	101	Y	MB994418	9/15/2017	12/31/2022	6/30/2019	0	0	0	0	0
17601855640	DELLA CARTS, INC.	6405 BRITTMOORE RD STE 16	HOUSTON	TX	77041	101	3	HOT DOG SHOP	6405 BRITTMOORE RD STE 9-16	HOUSTON	TX	77041	101	N	MB440368	10/6/1998		10/31/2019	14384	491	14895	0	29770
32053846393	BOWL & BARREL LIQUOR, LLC	8111 PRESTON RD STE 610	DALLAS	TX	75225	57	3	BOWL AND BARREL HOUSTON	797 SORELLA CT STE 118	HOUSTON	TX	77024	101	Y	MB930785	12/30/2015		4/30/2019	73971	15268	32160	0	121399
32055117603	FAJITA'S TAQUERIA INC	13030 WOODFOREST BLVD STE P	HOUSTON	TX	77015	101	1	FAJITA'S TAQUERIA INC	13030 WOODFOREST BLVD STE P	HOUSTON	TX	77015	101	N	MB903896	4/6/2015		10/31/2019	407	8	448	0	863
17602156279	EL PALENQUE MEXICAN RESTAURANT AND CANTINA, INC.	1485 SPRING CYPRESS RD	SPRING	TX	77373	101	5	EL PALENQUE MEXICAN RESTAURANT AND CANTINA	10803 WESTHEIMER RD	HOUSTON	TX	77042	101	Y	MB545132	10/9/2003		10/31/2019	0	0	0	0	0
17604036446	1200, INC.	5913 WESTHEIMER RD	HOUSTON	TX	77057	101	1	SLICK WILLIE'S FAMILY POOL HALL	1200 WESTHEIMER RD	HOUSTON	TX	77006	101	Y	MB238779	12/1/1993		6/30/2019	25350	135	18668	0	44153
17421865423	RENEGADES, LP	4726 RICHMOND AVE	HOUSTON	TX	77027	101	1	LULING CITY MARKET BAR-B-QUE RESTAURANT & BAR	4726 RICHMOND AVE	HOUSTON	TX	77027	101	Y	MB134940	12/1/1993		6/30/2019	5946	1095	3794	0	10835
17427540780	THE HOUSTON CHEESECAKE FACTORY CORPORATION	26901 MALIBU HILLS RD	CALABASAS HLS	CA	91301	0	18	THE CHEESECAKE FACTORY	600 MEMORIAL CITY WAY	HOUSTON	TX	77024	101	Y	MB764879	1/5/2011		4/30/2019	55740	17419	11761	0	84920
32066532691	LIGHT UP THE SKY LLC	811 BUFFALO PARK DR APT 1001	HOUSTON	TX	77019	101	1	SPORTING CLUB HOUSTON	5102 WASHINGTON AVE	HOUSTON	TX	77007	101	Y	MB105786655	6/21/2019		9/30/2019	0	0	0	0	0
32060402537	SUMMER BISTRO INC.	18526 CASCADE TIMBERS LN	TOMBALL	TX	77377	101	1	AKASHI FUSION ASIAN AND SUSHI BAR	12230 W LAKE HOUSTON PKWY STE 200	HOUSTON	TX	77044	101	N	MB980018	4/26/2017		8/31/2019	8783	3680	2460	0	14923
32053681907	SSJA LLC	6166 HIGHWAY 6 N UNIT 22	HOUSTON	TX	77084	101	1	AGUIRRES TEX MEX	6166 HIGHWAY 6 N UNIT 22	HOUSTON	TX	77084	101	Y	MB910198	6/8/2015	7/11/2023	6/30/2019	1630	280	531	0	2441
10206133554	MAGNOLIA SPIRITS HOUSTON, INC.	1100 TEXAS ST	HOUSTON	TX	77002	101	1	MAGNOLIA SPIRITS HOUSTON INC	1100 TEXAS ST	HOUSTON	TX	77002	101	Y	MB529257	1/24/2003		6/30/2019	28369	10939	10503	0	49811
17604378319	MCELROY'S PUB INCORPORATED	3607 S SANDMAN ST	HOUSTON	TX	77098	101	1	MCELROY'S PUB INCORPORATED	3607 S SANDMAN ST	HOUSTON	TX	77098	101	Y	MB248117	8/5/1994		6/30/2019	17584	685	12928	0	31197
32063708120	GRAPEFRUIT TREE LLC	3210 W DALLAS ST	HOUSTON	TX	77019	101	1	BOUTIQUE NIGHTCLUB	5316 WASHINGTON AVE	HOUSTON	TX	77007	101	Y	MB105785055	9/7/2018	7/31/2022	10/31/2019	0	0	0	0	0
15814983126	RARE HOSPITALITY INTERNATIONAL, INC.	PO BOX 695016	ORLANDO	FL	32869	0	21	LONGHORN STEAKHOUSE #5481	20636 KATY FREEWAY	HOUSTON	TX	77449	101	Y	MB836165	4/2/2013		8/31/2019	11371	5190	6653	0	23214
32062576528	MPLANT CORPORATION	3114 WATERS VIEW DR	SUGAR LAND	TX	77478	79	1	SUNRISE BAR & GRILL	8330 W BELLFORT ST STE C	HOUSTON	TX	77071	101	Y	MB983476	5/25/2017	5/28/2019	4/30/2019	0	0	0	0	0
32046039353	GARDEN OAKS SHEPHERD, LLC	1631 DUNLAVY ST	HOUSTON	TX	77006	101	1	COTTONWOOD	3422 N SHEPHERD DR	HOUSTON	TX	77018	101	Y	MB799714	3/6/2012		6/30/2019	57151	6439	56920	0	120510
17425949496	SC BEVERAGE COMPANY	4001 MAPLE AVE STE 500 ATTN: W YEUNG	DALLAS	TX	75219	57	8	SC BEVERAGE COMPANY	4 RIVERWAY	HOUSTON	TX	77056	101	Y	MB267881	8/8/1996		4/30/2019	112063	25202	14480	0	151745
15823417728	CAPITAL GRILLE HOLDINGS, INC.	PO BOX 695011	ORLANDO	FL	32869	0	3	THE CAPITAL GRILLE #8057	840 W SAM HOUSTON PKWY N STE 100	HOUSTON	TX	77024	101	Y	MB933417	1/29/2016		10/31/2019	49070	102524	6663	0	158257
32065115274	THE CATCH CHAMPIONS, LLC	3410 MERCER ST	HOUSTON	TX	77027	101	1	THE CATCH CHAMPIONS	5203 FM 1960 RD W STE D	HOUSTON	TX	77069	101	Y	MB1007909	2/20/2018	7/13/2019	5/31/2019	442	57	286	0	785
32049942165	MEMORIAL BEVERAGE, LLC	110 VENICE ST	SUGAR LAND	TX	77478	79	1	TWIN PEAKS	11335 KATY FWY	HOUSTON	TX	77079	101	Y	MB854255	10/11/2013		4/30/2019	71311	2152	133099	0	206562
32052779660	EL TIEMPO WASHINGTON, LLC	602 SAWYER ST STE 110	HOUSTON	TX	77007	101	1	EL TIEMPO CANTINA	5602 WASHINGTON AVE	HOUSTON	TX	77007	101	Y	MB556570	7/27/2015		4/30/2019	231106	9273	25383	0	265762
32060692558	OSNAIDA CINTRA	5920 BELLAIRE BLVD STE F	HOUSTON	TX	77081	101	2	SOL BILLARES & DEPORTES	5920 BELLAIRE BLVD STE F	HOUSTON	TX	77081	101	Y	MB995482	9/26/2017	6/25/2019	4/30/2019	4150	256	2870	0	7276
17418861344	LA QUICHE, INC.	2503 S GESSNER RD	HOUSTON	TX	77063	101	1	LECHNER'S	2503 S GESSNER RD	HOUSTON	TX	77063	101	Y	MB132720	12/1/1993		8/31/2019	2109	4201	10096	0	16406
32044021544	HERNANDEZ REYES, INC.	15125 NORTH FWY	HOUSTON	TX	77090	101	1	OSTIONERIA MICHOACAN #8	15125 NORTH FWY	HOUSTON	TX	77090	101	Y	MB786656	10/5/2011		4/30/2019	31539	273	66165	2410	100387
17601559655	GOODE CO. SEAFOOD, LLC	2422 BARTLETT ST STE 1	HOUSTON	TX	77098	101	1	GOODE COMPANY TEXAS SEAFOOD	2621 WESTPARK DR	HOUSTON	TX	77098	101	Y	MB189719	12/1/1993		6/30/2019	43298	40413	17034	0	100745
17411856598	THE JUNIOR LEAGUE OF HOUSTON, INC.	1811 BRIAR OAKS LN C/O TEA ROOM TREASURE	HOUSTON	TX	77027	101	2	JUNIOR LEAGUE OF HOUSTON	1811 BRIAR OAKS LN	HOUSTON	TX	77027	101	Y	MB133225	12/1/1993		6/30/2019	25630	15386	1752	0	42768
17422369235	I-37, INC.	12735 MORRIS ROAD EXT STE 400	ALPHARETTA	GA	30004	0	2	I-37 INC	9100 GULF FWY	HOUSTON	TX	77017	101	Y	MB178154	12/1/1993		4/30/2019	19368	11789	14592	0	45749
32063465598	M MELENDEZ, INC.	11243 SHARPCREST ST	HOUSTON	TX	77072	101	1	EL CHARRO MEXICAN BAR & GRILL	3801 HARRISBURG BLVD	HOUSTON	TX	77003	101	Y	MB989788	7/31/2017		4/30/2019	10667	0	0	0	10667
32050735144	DOWN THE STREET, L.L.C.	1533 W ALABAMA ST STE 100	HOUSTON	TX	77006	101	1	DOWN THE STREET	5746 LARKIN ST STE A	HOUSTON	TX	77007	101	Y	MB846216	7/17/2013		6/30/2019	42094	16621	24202	0	82917
17604416507	J.B. & J.S. ENTERPRISES INCORPORATED	7610 CHERRY PARK DR STE B	HOUSTON	TX	77095	101	1	PENNISON'S SPORTS PUB TOO	7610 CHERRY PARK DR STE B	HOUSTON	TX	77095	101	Y	MB248254	8/24/1994		8/31/2019	42646	499	31666	0	74811
17521936322	300, INC.	7313 BELL CREEK RD	MECHANICSVLLE	VA	23111	0	9	AMF WINDFERN LANES	14441 NORTHWEST FWY	HOUSTON	TX	77040	101	Y	MB113437	6/1/2000		4/30/2019	9057	355	11012	0	20424
17425233644	FUGATE CLUB, INC.	PO BOX 75278	HOUSTON	TX	77234	101	1	FUGATE CLUB INC	10055 FUQUA ST	HOUSTON	TX	77089	101	Y	MB203640	12/1/1993		6/30/2019	5572	57	10741	0	16370
17604758197	100 % TAQUITO CO.	3245 SOUTHWEST FWY	HOUSTON	TX	77027	101	3	100% TAQUITO CO	3245 SOUTHWEST FWY	HOUSTON	TX	77027	101	Y	MB553644	3/4/2004		6/30/2019	9189	0	5056	0	14245
17410987139	PETROLEUM CLUB OF HOUSTON	1201 LOUISIANA ST STE 3500	HOUSTON	TX	77002	101	2	PETROLEUM CLUB OF HOUSTON	1201 LOUISIANA ST STE 3500	HOUSTON	TX	77002	101	Y	N 037614	2/1/2015		8/31/2019	11298	18250	1913	0	31461
17425233644	FUGATE CLUB, INC.	PO BOX 75278	HOUSTON	TX	77234	101	1	FUGATE CLUB INC	10055 FUQUA ST	HOUSTON	TX	77089	101	Y	MB203640	12/1/1993		2/28/2019	9482	95	16757	0	26334
17521332019	OLIVE GARDEN OF TEXAS, LLC	PO BOX 695011	ORLANDO	FL	32869	0	32	OLIVE GARDEN OF TEXAS #1285	9080 SOUTHWEST FWY	HOUSTON	TX	77074	101	Y	MB225374	12/1/1993		8/31/2019	10781	9668	2595	0	23044
32047756674	ALH PROPERTIES NO. TWENTY, L.P.	2901 WILCREST DR	HOUSTON	TX	77042	101	2	SAM HOUSTON HOTEL	1117 PRAIRIE ST	HOUSTON	TX	77002	101	Y	MB812675	7/5/2012	10/25/2023	5/31/2019	15704	4654	6965	0	27323
32053681907	SSJA LLC	6166 HIGHWAY 6 N UNIT 22	HOUSTON	TX	77084	101	1	AGUIRRES TEX MEX	6166 HIGHWAY 6 N UNIT 22	HOUSTON	TX	77084	101	Y	MB910198	6/8/2015	7/11/2023	10/31/2019	1733	293	542	0	2568
17606803124	LE MISTRAL, LTD.	PO BOX 550791	HOUSTON	TX	77255	101	1	LE MISTRAL LTD	1400 ELDRIDGE PKWY	HOUSTON	TX	77077	101	Y	MB506633	12/17/2001	12/31/2019	8/31/2019	12097	37322	1697	0	51116
12606695315	MELYS INVESTMENT GROUP, LP	4025 BLUEBIRD WAY	PEARLAND	TX	77584	20	2	EDUARDO'S MEXICAN KITCHEN	911 NASA PKWY	HOUSTON	TX	77058	101	Y	MB680221	4/28/2011		4/30/2019	7239	162	1047	0	8448
32066913842	JORGE S MORA & JUAN M GUERRERO	5505 PINEMONT DR	HOUSTON	TX	77092	101	1	LA GRANJA DISCO Y CANTINA	5505 PINEMONT DR	HOUSTON	TX	77092	101	Y	MB105753663	7/10/2018	10/26/2023	6/30/2019	5969	675	15193	0	21837
12642184720	HOUSTON AVENUE RESTAURANT ASSOCIATION, LLC	2520 HOUSTON AVE	HOUSTON	TX	77009	101	1	LUCKY'S PUB	2520 HOUSTON AVE	HOUSTON	TX	77009	101	Y	MB760410	10/26/2010		8/31/2019	0	0	0	0	0
17427823848	SALC, INC.	755 CROSSOVER LN	MEMPHIS	TN	38117	0	4	SALC, INC.	2001 POST OAK BLVD	HOUSTON	TX	77056	101	Y	MB424612	1/22/1998		6/30/2019	36517	15363	16652	7112	75644
17525258012	EIGHT-O MANAGEMENT, INC.	1722 S HARWOOD ST	DALLAS	TX	75215	57	9	THE FLYING SAUCER DRAUGHT EMPORIUM	705 MAIN ST STE A	HOUSTON	TX	77002	101	Y	MB470301	4/14/2000		4/30/2019	19673	4990	156246	0	180909
17606214017	510 BAR #2, INC.	7410 FAIRBANKS N HOUSTON RD STE G	HOUSTON	TX	77040	101	1	510 BAR #2	7410 FAIRBANKS N HOUSTON RD STE G	HOUSTON	TX	77040	101	N	MB465487	2/13/2000		6/30/2019	14200	180	12438	0	26818
17605638406	NICK'S PLACE, INC.	2713 ROCKYRIDGE DR	HOUSTON	TX	77063	101	1	NICK'S PLACE	2713 ROCKYRIDGE DR	HOUSTON	TX	77063	101	Y	MB258280	6/1/2002		4/30/2019	42157	4145	27802	0	74104
17526981786	LONE STAR FONDUE CONCEPTS, INC.	1404 WOODMONT BLVD	NASHVILLE	TN	37215	0	1	THE MELTING POT RESTAURANT	6100 WESTHEIMER RD STE 146	HOUSTON	TX	77057	101	Y	MB417651	9/26/1997		12/31/2019	20325	16574	2107	0	39006
32000861685	FOUNTAIN FOODS, INC.	25600 WESTHEIMER PKWY STE 110	KATY	TX	77494	79	2	HARVEST ORGANIC GRILLE	1810 FOUNTAIN VIEW DR	HOUSTON	TX	77057	101	Y	MB817402	8/21/2012	6/1/2019	5/31/2019	0	0	0	0	0
17604784508	GOLDEN MOUNTAIN, L.P.	4802 GULF FWY	HOUSTON	TX	77023	101	5	KIM SON RESTAURANT	2001 JEFFERSON ST	HOUSTON	TX	77003	101	Y	MB523330	2/1/2007		10/31/2019	4956	2588	2381	0	9925
17606444507	CIGI BEVERAGES OF TEXAS, LLC	2202 N WEST SHORE BLVD STE 500	TAMPA	FL	33607	0	3	CARRABBA'S ITALIAN GRILL	7540 HIGHWAY 6 N	HOUSTON	TX	77095	101	Y	MB554062	3/22/2004		4/30/2019	11795	28780	3207	0	43782
17604854111	SALTGRASS, INC.	1510 WEST LOOP S ATTN: TAX DEPT	HOUSTON	TX	77027	101	7	SALTGRASS STEAKHOUSE #15	17275 TOMBALL PKWY	HOUSTON	TX	77064	101	Y	MB529261	2/10/2003		4/30/2019	36611	13139	11438	0	61188
17521332019	OLIVE GARDEN OF TEXAS, LLC	PO BOX 695011	ORLANDO	FL	32869	0	31	OLIVE GARDEN OF TEXAS #1259	12711 GULF FWY	HOUSTON	TX	77034	101	Y	MB222380	12/1/1993		10/31/2019	9182	8652	2709	0	20543
12006647981	TIMMONS RESTAURANT PARTNERS, LTD.	11 GREENWAY PLZ STE 515	HOUSTON	TX	77046	101	1	TONY'S	3755 RICHMOND AVE	HOUSTON	TX	77046	101	Y	MB568385	11/24/2004		2/28/2019	25709	137638	1119	0	164466
10437161069	WGC BEVERAGES INC.	12000 ALMEDA RD	HOUSTON	TX	77045	101	1	WILDCAT GOLF CLUB	12000 ALMEDA RD	HOUSTON	TX	77045	101	Y	MB526865	12/5/2002		4/30/2019	23657	260	59163	0	83080
32053010222	STANFORD STREET HOLDINGS, LLC	15722 WALKWOOD DR	HOUSTON	TX	77079	101	1	EAGLE HOUSTON	611 HYDE PARK BLVD	HOUSTON	TX	77006	101	Y	MB869614	4/16/2014		8/31/2019	148300	1688	40612	0	190600
17606505034	UNCLES ACQUISITION CORP.	PO BOX 22225	HOUSTON	TX	77227	101	2	LOS TIOS MEXICAN RESTAURANT	4840 BEECHNUT ST	HOUSTON	TX	77096	101	Y	MB480738	10/1/2000		8/31/2019	34943	1710	5115	0	41768
17419968528	UNIVERSITY FOOD SERVICES, INC.	2400 YORKMONT RD ATTN: BECKY ANDERSON/TA	CHARLOTTE	NC	28217	0	49	UFS @ U OF H STUDENT CENTER & TACA CABANA #42366	3874 HOLMAN ST STE D	HOUSTON	TX	77004	101	Y	MB994418	9/15/2017	12/31/2022	1/31/2019	0	0	0	0	0
17601930666	PAPPAS RESTAURANTS, INC.	13939 NORTHWEST FWY	HOUSTON	TX	77040	101	31	PAPPASITO'S CANTINA	10409 KATY FWY	HOUSTON	TX	77024	101	Y	MB477453	8/30/2000		8/31/2019	141063	4520	29316	0	174899
17604758197	100 % TAQUITO CO.	3245 SOUTHWEST FWY	HOUSTON	TX	77027	101	3	100% TAQUITO CO	3245 SOUTHWEST FWY	HOUSTON	TX	77027	101	Y	MB553644	3/4/2004		4/30/2019	8963	4	4208	0	13175
32059428790	JAIME ERNESTO PAREDES	1534 DARFIELD CT	HOUSTON	TX	77014	101	1	LA CAVERNA SPORTS BAR	8604 IRVINGTON BLVD	HOUSTON	TX	77022	101	Y	MB983154	5/23/2017		8/31/2019	270	0	5220	0	5490
17524461674	OUTBACK BEVERAGES OF TEXAS, LLC	2202 N WEST SHORE BLVD STE 500	TAMPA	FL	33607	0	43	OUTBACK STEAKHOUSE	7070 HIGHWAY 6 N	HOUSTON	TX	77095	101	Y	MB547726	1/1/2008		4/30/2019	12492	7681	6758	0	26931
12013718841	JCJ WINGS, LLC	602 SAWYER ST STE 100	HOUSTON	TX	77007	101	3	BIG CITY WINGS	10903 JONES RD	HOUSTON	TX	77065	101	N	MB943605	5/6/2016		2/28/2019	7778	180	8924	0	16882
14709506506	TAQUERIA ARANDAS NO. 3 INC.	920 N SHEPHERD DR	HOUSTON	TX	77008	101	1	TAQUERIA ARANDAS #3	920 N SHEPHERD DR	HOUSTON	TX	77008	101	Y	MB806624	5/10/2012		8/31/2019	7635	0	7919	0	15554
17606112849	BRIGANTINE, INC.	4712 RICHMOND AVE	HOUSTON	TX	77027	101	3	BAYOU CITY SEAFOOD & PASTA	4730 RICHMOND AVE	HOUSTON	TX	77027	101	Y	MB485859	1/5/2001	8/31/2022	9/30/2019	7527	5357	4754	0	17638
17604858963	TEXAS RACQUET & SPA, INC.	1200 WILCREST DR	HOUSTON	TX	77042	101	1	WESTSIDE TENNIS CLUB	1200 WILCREST DR	HOUSTON	TX	77042	101	Y	MB405075	1/16/1997		6/30/2019	39362	12379	3869	0	55610
17600327146	ART OF THE SPIRITS, INC.	PO BOX 6826	HOUSTON	TX	77265	101	2	ART OF THE SPIRITS INC	5601 MAIN ST	HOUSTON	TX	77005	101	Y	MB471939	5/25/2000		2/28/2019	0	3547	449	0	3996
12026040894	KONA TEXAS RESTAURANTS, INC.	6900 E CAMELBACK RD STE 602	SCOTTSDALE	AZ	85251	0	4	KONA GRILL	5061 WESTHEIMER RD SPC 8040	HOUSTON	TX	77056	101	Y	MB634947	8/1/2006	7/8/2019	3/31/2019	45445	9026	12281	0	66752
32061456516	BMB DINING SERVICES (PEARLAND), INC.	5300 MEMORIAL DR STE 1000	HOUSTON	TX	77007	101	2	BOMBSHELLS	13965 SOUTH FWY	HOUSTON	TX	77047	101	Y	RM982520	8/1/2018		4/30/2019	117450	1068	69685	0	188203
32063823390	CVM LEGACY, INC	1001 STUDEWOOD ST UNIT A	HOUSTON	TX	77008	101	1	MAISON PUCHA BISTRO	1001 STUDEWOOD ST UNIT A	HOUSTON	TX	77008	101	Y	MB997200	10/13/2017		2/28/2019	10031	44427	621	0	55079
32017671648	PERRY JOE MALOY	5826 CONLEY ST	HOUSTON	TX	77021	101	1	THE ORIGINAL SPEAK EASY	5826 CONLEY ST	HOUSTON	TX	77021	101	Y	MB606476	8/19/2005		10/31/2019	4007	704	723	0	5434
15624464135	A. TONY'S MEXICAN RESTAURANT & CANTINA, LLC	2222 ELLA BLVD	HOUSTON	TX	77008	101	1	A TONY'S MEXICAN RESTAURANT & CANTINA LLC	2222 ELLA BLVD	HOUSTON	TX	77008	101	Y	MB562051	8/9/2004		4/30/2019	91153	2230	9866	0	103249
17601930666	PAPPAS RESTAURANTS, INC.	13939 NORTHWEST FWY	HOUSTON	TX	77040	101	27	LITTLE PAPPAS SEAFOOD KITCHEN	3001 S SHEPHERD DR	HOUSTON	TX	77098	101	Y	MB426457	2/9/1998		8/31/2019	19850	19817	5340	0	45007
32068669285	TEKILA MEXICAN CAFE, LLC	2920 TIDWELL RD STE I	HOUSTON	TX	77093	101	1	TEKILA MEXIAN GRILL	2920 TIDWELL RD	HOUSTON	TX	77093	101	Y	MB871389	1/24/2019		10/31/2019	200	0	450	0	650
18611104292	PO GRILL GALLERIA, LLC	1415 S POST OAK LN	HOUSTON	TX	77056	101	1	POST OAK GRILL	1415 S POST OAK LN	HOUSTON	TX	77056	101	Y	MB569477	12/17/2004		2/28/2019	9755	21502	2006	0	33263
17604949556	DEL PUEBLO RESTAURANT GROUP, INC.	13235 JONES RD	HOUSTON	TX	77070	101	4	DEL PUEBLO MEXICAN RESTAURANT	13235 JONES RD	HOUSTON	TX	77070	101	Y	MB264490	12/1/2001		2/28/2019	45439	618	7608	0	53665
32063397452	TEJAS HOSPITALITY, LLC	610 ARLINGTON ST	HOUSTON	TX	77007	101	1	LOW BROW BAR AND GRILL	1601 W MAIN ST	HOUSTON	TX	77006	101	Y	MB991186	8/11/2017	1/22/2021	3/31/2019	24831	11194	2995	0	39020
32067022304	AZUZA LOUNGE & GRILL, LLC.	4115 WASHINGTON AVE	HOUSTON	TX	77007	101	1	AZUZA LOUNGE	4115 WASHINGTON AVE	HOUSTON	TX	77007	101	Y	MB1066133	9/10/2019		12/31/2019	24270	0	2189	0	26459
32065686100	FAIR WARNING LLC	811 BUFFALO PARK DR APT 1001	HOUSTON	TX	77019	101	1	SUGAR ROOM	5120 WASHINGTON AVE	HOUSTON	TX	77007	101	Y	MB105785009	8/20/2018		3/31/2019	0	0	0	0	0
17605234156	MEXICANA AMUSEMENT, INC.	17001 GUINN ST	HOUSTON	TX	77044	101	2	EMILLIANOS SPORTS BAR	7710 IH 10 E	HOUSTON	TX	77020	101	Y	MB419816	9/30/1997	10/17/2019	10/31/2019	0	0	0	0	0
17604834261	TAQUERIA ARANDAS NO. 12 INC.	10403 GULF FWY STE A	HOUSTON	TX	77034	101	2	TAQUERIA ARANDAS #12	10403 GULF FWY STE A	HOUSTON	TX	77034	101	Y	MB716786	3/11/2009		4/30/2019	3624	0	5807	0	9431
17604815476	FORE SURE INTERESTS, INC.	3815 MANGUM RD	HOUSTON	TX	77092	101	2	CLUB NJ'S/BUBBA'S ON MANGUM	3815 MANGUM RD	HOUSTON	TX	77092	101	Y	MB556974	5/12/2004		10/31/2019	22565	240	17558	0	40363
32041116735	RVF MANAGEMENT LLC	6113 FORDHAM ST	HOUSTON	TX	77005	101	2	THE R BAR	1302 HOUSTON AVE	HOUSTON	TX	77007	101	Y	MB747313	3/1/2018		6/30/2019	15020	1858	13225	0	30103
17514764004	THE DOWNTOWN CLUB, INC.	3030 LYNDON B JOHNSON FWY	DALLAS	TX	75234	57	2	THE HOUSTON CLUB	910 LOUISIANA ST FL 49	HOUSTON	TX	77002	101	Y	MB248084	5/1/2002		6/30/2019	9605	19143	2640	0	31388
32041116735	RVF MANAGEMENT LLC	6113 FORDHAM ST	HOUSTON	TX	77005	101	2	THE R BAR	1302 HOUSTON AVE	HOUSTON	TX	77007	101	Y	MB747313	3/1/2018		2/28/2019	12538	1660	10595	0	24793
32055257409	HANK'S CAJUN GRILL, INC.	4409 HIGHWAY 6 N	HOUSTON	TX	77084	101	2	HANK'S CAJUN GRILL	4409 HIGHWAY 6 N	HOUSTON	TX	77084	101	Y	MB948421	6/20/2016		4/30/2019	14789	629	19752	0	35170
32057636550	HRIL LONESTAR BEVERAGE, LLC	3000 NORTH LOOP W	HOUSTON	TX	77092	101	1	TUXEDO'S/CIMARRON	3000 NORTH LOOP W	HOUSTON	TX	77092	101	Y	MB933133	1/27/2016		2/28/2019	15596	5169	7986	0	28751
15823417728	CAPITAL GRILLE HOLDINGS, INC.	PO BOX 695011	ORLANDO	FL	32869	0	3	THE CAPITAL GRILLE #8057	840 W SAM HOUSTON PKWY N STE 100	HOUSTON	TX	77024	101	Y	MB933417	1/29/2016		2/28/2019	54972	105144	7226	0	167342
32043640120	LUCILLE B. SMITH'S FINE FOODS, LLC	5512 LA BRANCH ST	HOUSTON	TX	77004	101	1	LUCILLE'S	5512 LA BRANCH ST	HOUSTON	TX	77004	101	Y	MB810737	6/15/2012		3/31/2019	10441	6538	1128	0	18107
17420599098	RAY HAY'S, INC.	4302 RICHMOND AVE	HOUSTON	TX	77027	101	1	RAGIN CAJUN	4302 RICHMOND AVE	HOUSTON	TX	77027	101	Y	MB481754	10/19/2000		4/30/2019	23197	8602	26790	0	58589
32054484723	SOUTHEAST RESTAURANT GROUP-MAIN, LLC	1201 CANAL ST STE C2	NEW ORLEANS	LA	70112	0	3	TGIFRIDAY'S	7728 CYPRESS CREEK PKWY	HOUSTON	TX	77070	101	Y	MB885736	9/30/2014	9/12/2019	2/28/2019	22851	1454	3849	0	28154
32051872763	EL TIEMPO WOODLAKE, LLC	602 SAWYER ST STE 110	HOUSTON	TX	77007	101	1	EL TIEMPO WOODLAKE, LLC	2605 S GESSNER RD	HOUSTON	TX	77063	101	Y	MB872255	5/15/2014		10/31/2019	102524	6909	14887	0	124320
12601774768	4016 TELEPHONE, LLC	4016 TELEPHONE RD	HOUSTON	TX	77087	101	1	THE HAPPY GO LUCKY CLUB	4016 TELEPHONE RD	HOUSTON	TX	77087	101	Y	MB227481	8/1/2007		2/28/2019	2448	0	845	0	3293
12606695315	MELYS INVESTMENT GROUP, LP	4025 BLUEBIRD WAY	PEARLAND	TX	77584	20	2	EDUARDO'S MEXICAN KITCHEN	911 NASA PKWY	HOUSTON	TX	77058	101	Y	MB680221	4/28/2011		8/31/2019	6716	187	1121	0	8024
32048633237	GSM WINGS V, LLC	12660 S KIRKWOOD RD	STAFFORD	TX	77477	79	7	BREWINGZ	8150 SOUTHWEST FWY STE I	HOUSTON	TX	77074	101	Y	MB842601	6/6/2013		2/28/2019	3465	26	6738	0	10229
17427540780	THE HOUSTON CHEESECAKE FACTORY CORPORATION	26901 MALIBU HILLS RD	CALABASAS HLS	CA	91301	0	12	GRAND LUX CAFE	5000 WESTHEIMER RD STE 690	HOUSTON	TX	77056	101	Y	MB567535	11/12/2004		2/28/2019	64589	19582	8242	0	92413
32055936457	CAFI TOULOUSE RIVER OAKS DISTRICT, LP	3100 MONTICELLO AVE STE 325	DALLAS	TX	75205	57	1	CAFE TOULOUSE	4444 WESTHEIMER RD STE E100	HOUSTON	TX	77027	101	Y	MB909269	5/29/2015		2/28/2019	55531	98128	3790	0	157449
17603537758	LUNA'S MEXICAN RESTAURANT OF TEXAS CITY, INC.	PO BOX 8085	BAYTOWN	TX	77522	101	3	LUNA'S MEXICAN RESTAURANT	263 GREENSPOINT MALL	HOUSTON	TX	77060	101	Y	MB649174	1/19/2007		10/31/2019	0	0	0	0	0
17606321770	G. TORRES, INC.	1749 RICHMOND AVE	HOUSTON	TX	77098	101	1	LA TAPATIA TAQUERIA	1749 RICHMOND AVE	HOUSTON	TX	77098	101	Y	MB541117	8/11/2003		2/28/2019	60738	2200	11682	0	74620
17604873608	LOS CUCOS MEXICAN CAFE II, INC.	876 LOOP 337 STE 501	NEW BRAUNFELS	TX	78130	46	2	LOS CUCOS MEXICAN CAFE #2	22390 TOMBALL PKWY	HOUSTON	TX	77070	101	Y	MB261924	8/1/2000		2/28/2019	75398	3447	15506	0	94351
12026124961	3 SALSAS MEXICAN RESTAURANT & CANTINA, INC.	4325 HIGHWAY 6 N # 27	HOUSTON	TX	77084	101	1	3 SALSAS MEXICAN RESTURANT & CANTINA	4325 HIGHWAY 6 N # 27	HOUSTON	TX	77084	101	Y	MB603865	9/1/2005		2/28/2019	10936	93	2179	0	13208
17419968528	UNIVERSITY FOOD SERVICES, INC.	2400 YORKMONT RD ATTN: BECKY ANDERSON/TA	CHARLOTTE	NC	28217	0	50	UFS @ UNIVERSITY OF HOUSTON STUDENT CENTER #42366	4800 CALHOUN RD	HOUSTON	TX	77204	101	Y	MB105400230	1/1/2023		4/30/2019	0	0	0	0	0
12622914799	MCCORMICK & SCHMICK TEXAS, INC.	1510 WEST LOOP S	HOUSTON	TX	77027	101	2	MCCORMICK & SCHMICK'S SEAFOOD RESTAURANT	791 TOWN AND COUNTRY BLVD STE 160	HOUSTON	TX	77024	101	Y	MB721640	5/12/2009		8/31/2019	45394	45256	7084	0	97734
12622914799	MCCORMICK & SCHMICK TEXAS, INC.	1510 WEST LOOP S	HOUSTON	TX	77027	101	1	MCCORMICK & SCHMICK'S SEAFOOD RESTAURANT	1201 FANNIN ST	HOUSTON	TX	77002	101	Y	MB699754	7/31/2008		2/28/2019	38794	42434	11474	0	92702
32041116735	RVF MANAGEMENT LLC	6113 FORDHAM ST	HOUSTON	TX	77005	101	2	THE R BAR	1302 HOUSTON AVE	HOUSTON	TX	77007	101	Y	MB747313	3/1/2018		10/31/2019	19276	2390	19539	0	41205
32040224605	DOG HOUSE BOX LLC	1533 W ALABAMA ST STE 100	HOUSTON	TX	77006	101	1	THE DOG HOUSE TAVERN	2517 BAGBY ST	HOUSTON	TX	77006	101	Y	MB738362	12/10/2009		4/30/2019	25787	802	15286	0	41875
32063440716	GSM WINGS VI, LLC	12660 S KIRKWOOD RD	STAFFORD	TX	77477	79	5	BREWINGZ	22503 STATE HIGHWAY 249 STE 400	HOUSTON	TX	77070	101	Y	MB842546	11/1/2017		2/28/2019	5088	346	10587	0	16021
17603931308	BLUTO'S COMPANY	8979 RICHMOND AVE	HOUSTON	TX	77063	101	1	BLUTO'S BAR	8979 RICHMOND AVE	HOUSTON	TX	77063	101	Y	MB236874	12/1/1993		2/28/2019	8572	1181	9483	0	19236
32040365002	HUACALGO CORP	5819 GULF FWY STE 900	HOUSTON	TX	77023	101	1	OSTIONERIA MICHOACAN #11	5819 GULF FWY STE 900	HOUSTON	TX	77023	101	Y	MB741835	2/8/2010		6/30/2019	43039	0	99759	0	142798
12039965988	CREATE WORLDS YANEZ, INC.	2807 BROADWAY ST	HOUSTON	TX	77017	101	1	OSTIONERIA VILLA DEL SOL	2807 BROADWAY ST	HOUSTON	TX	77017	101	Y	MB629435	5/31/2006		6/30/2019	701	0	10601	0	11302
32068282022	TEO-GALVAN, LLC	15840 FM 529 RD STE 210	HOUSTON	TX	77095	101	1	TEOTIHAUCAN MEXICAN CAFE #3	3707 IRVINGTON BLVD	HOUSTON	TX	77009	101	Y	MB1041365	1/4/2019		1/31/2019	0	0	0	0	0
32048669736	UNDERDOGSPUB, LLC	4212 WASHINGTON AVE	HOUSTON	TX	77007	101	1	UNDERDOGS SPORTS PUB	4212 WASHINGTON AVE	HOUSTON	TX	77007	101	Y	MB826060	12/4/2012		2/28/2019	16485	75	13806	0	30366
32042335060	GRACE'S KR MANAGEMENT, LLC	3131 ARGONNE ST	HOUSTON	TX	77098	101	1	GRACE'S ON KIRBY	3111 KIRBY DR	HOUSTON	TX	77098	101	Y	MB836676	4/5/2013		2/28/2019	71235	56499	3403	0	131137
32047255552	JANITZIO SEAFOOD, LLC	1817 WIRT RD	HOUSTON	TX	77055	101	1	OSTIONERIA MICHOACAN #7	1817 WIRT RD	HOUSTON	TX	77055	101	Y	MB846132	7/16/2013	11/6/2019	1/31/2019	3639	0	16486	0	20125
32063708120	GRAPEFRUIT TREE LLC	3210 W DALLAS ST	HOUSTON	TX	77019	101	1	BOUTIQUE NIGHTCLUB	5316 WASHINGTON AVE	HOUSTON	TX	77007	101	Y	MB105785055	9/7/2018	7/31/2022	9/30/2019	0	0	0	0	0
32051349275	AMALFI RISTORANTE LLC	2811 VAL VERDE CT	HOUSTON	TX	77057	101	1	AMALFI RISTORANTE ITALIANO	6100 WESTHEIMER RD STE 140	HOUSTON	TX	77057	101	Y	MB854007	10/9/2013		2/28/2019	10107	59180	1299	0	70586
12013718841	JCJ WINGS, LLC	602 SAWYER ST STE 100	HOUSTON	TX	77007	101	3	BIG CITY WINGS	10903 JONES RD	HOUSTON	TX	77065	101	N	MB943605	5/6/2016		1/31/2019	6686	206	9442	0	16334
17606220915	HOUSTON AQUARIUM, INC.	1510 WEST LOOP S	HOUSTON	TX	77027	101	1	DOWNTOWN AQUARIUM	410 BAGBY ST	HOUSTON	TX	77002	101	Y	MB516011	6/6/2002		4/30/2019	34479	11477	21639	0	67595
12606695315	MELYS INVESTMENT GROUP, LP	4025 BLUEBIRD WAY	PEARLAND	TX	77584	20	2	EDUARDO'S MEXICAN KITCHEN	911 NASA PKWY	HOUSTON	TX	77058	101	Y	MB680221	4/28/2011		2/28/2019	9024	130	1466	0	10620
17605401953	NEIGHBORHOOD RESTAURANTS, INC.	13850 CUTTEN RD	HOUSTON	TX	77069	101	2	CAMPIONI RESTAURANT	13850 CUTTEN RD	HOUSTON	TX	77069	101	Y	MB851059	9/9/2013		4/30/2019	3897	21559	2092	0	27548
17605780653	DOWNTOWN INTERESTS, LTD.	1314 TEXAS ST STE 100	HOUSTON	TX	77002	101	2	IRMA'S SOUTHWEST	1423 TEXAS ST UNIT 146	HOUSTON	TX	77002	101	Y	MB447024	11/1/2018		8/31/2019	59802	6418	11572	0	77792
32031953949	ARENA CONCESSIONS, INC.	1818 RODEO DR	MESQUITE	TX	75149	57	1	ARENA THEATRE	7326 SOUTHWEST FWY	HOUSTON	TX	77074	101	Y	MB672939	10/3/2007		12/31/2019	7734	568	602	0	8904
32058721617	HOPDODDY RIVER OAKS LLC	512 E RIVERSIDE DR STE 150	AUSTIN	TX	78704	227	1	HOPDODDY BURGER BAR	4444 WESTHEIMER RD STE H100	HOUSTON	TX	77027	101	Y	MB935807	2/23/2016		2/28/2019	15237	1648	15850	0	32735
32061510809	2900 SET CITY HOUSTON, L.L.C.	1225 NORTH LOOP W STE 640	HOUSTON	TX	77008	101	1	SET	2900 TRAVIS ST STE A	HOUSTON	TX	77006	101	Y	MB970041	1/24/2017	12/27/2021	3/31/2019	25927	1016	3319	0	30262
32041737175	RUCHI'S TAQUERIA EL RINCON DE MEXICO GRILL #2, LLC	7307 SHANNONDALE DR	SUGAR LAND	TX	77479	79	1	RUCHI'S TAQUERIA EL RINCON DE MEXICO	3202 SOUTH LOOP W	HOUSTON	TX	77025	101	Y	MB996842	10/9/2017		8/31/2019	8587	20	6738	0	15345
17600188407	GP DALLAS, INC.	925 HYDE PARK BLVD	HOUSTON	TX	77006	101	1	JR'S BAR & GRILL / HOUSTON	804 PACIFIC ST	HOUSTON	TX	77006	101	Y	MB199517	12/1/1993		2/28/2019	189261	6840	35468	0	231569
32041161582	LOS CUCOS MEXICAN CAFE XXVI, INC.	876 LOOP 337 STE 501	NEW BRAUNFELS	TX	78130	46	1	LOS CUCOS MEXICAN CAFE	10690 NORTHWEST FWY	HOUSTON	TX	77092	101	Y	MB445151	1/11/2011		2/28/2019	24269	2147	8728	0	35144
17601697638	S S D ENTERPRISES, INC.	10520 GULF FWY	HOUSTON	TX	77034	101	1	RITZ HOUSTON	10520 GULF FWY	HOUSTON	TX	77034	101	Y	MB448563	4/8/1999		2/28/2019	123402	3960	49780	0	177142
32052043786	DELIGHT HOOKAH LOUNGE CORPORATION	4719 TAHOE CANYON LN	HOUSTON	TX	77084	101	1	DELIGHT HOOKAH LOUNGE	9421 HIGHWAY 6 S	HOUSTON	TX	77083	79	Y	MB1020665	6/27/2018	1/30/2020	8/31/2019	0	0	457	0	457
12005499566	CARLOS & LUIS, INC.	5305 ANTOINE DR	HOUSTON	TX	77091	101	1	DON JOSE MEXICAN RESTAURANT	5305 ANTOINE DR	HOUSTON	TX	77091	101	Y	MB562033	8/13/2004		2/28/2019	5730	128	1662	0	7520
32048669736	UNDERDOGSPUB, LLC	4212 WASHINGTON AVE	HOUSTON	TX	77007	101	1	UNDERDOGS SPORTS PUB	4212 WASHINGTON AVE	HOUSTON	TX	77007	101	Y	MB826060	12/4/2012		10/31/2019	15381	275	19153	0	34809
32042199847	NOTSUOH BAR, L.L.C.	314 MAIN ST STE A	HOUSTON	TX	77002	101	1	NO TSU OH	314 MAIN ST	HOUSTON	TX	77002	101	Y	MB649300	2/10/2011		8/31/2019	75665	951	19116	0	95732
17603046826	MCGONIGEL'S MUCKY DUCK, INC.	2425 NORFOLK ST	HOUSTON	TX	77098	101	1	MCGONIGEL'S MUCKY DUCK	2425 NORFOLK ST	HOUSTON	TX	77098	101	Y	MB969373	1/18/2017		2/28/2019	24388	17899	22179	0	64466
32062038297	PAPPAS RESTAURANTS,INC AND LA TRELLE'S EXPRESS INC	PO BOX 41567	HOUSTON	TX	77241	101	1	PAPPADEAUX SEAFOOD KITCHEN	1001 AVENIDA DE LAS AMERICAS # E	HOUSTON	TX	77010	101	Y	MB969538	1/19/2017		2/28/2019	65980	24196	27659	0	117835
17514764004	THE DOWNTOWN CLUB, INC.	3030 LYNDON B JOHNSON FWY	DALLAS	TX	75234	57	3	HOUSTON CENTER CLUB	1100 CAROLINE ST FL 11	HOUSTON	TX	77002	101	Y	MB441459	10/1/2002		2/28/2019	805	453	291	0	1549
32062250025	600 W. GRAY LLC	600 W GRAY ST	HOUSTON	TX	77019	101	1	BLYTHE SPIRITS/CECIL'S	600 W GRAY ST	HOUSTON	TX	77019	101	Y	MB173979	5/1/2017		2/28/2019	27433	2252	18955	0	48640
17601960713	FINDAL, INC.	15945 KUYKENDAHL RD	HOUSTON	TX	77068	101	2	MOLLY'S PUB	902 RAMADA DR	HOUSTON	TX	77062	101	Y	MB232739	12/1/1993		2/28/2019	34230	297	31917	0	66444
17602156279	EL PALENQUE MEXICAN RESTAURANT AND CANTINA, INC.	1485 SPRING CYPRESS RD	SPRING	TX	77373	101	4	FIESTA EN GUADALAJARA	3522 IRVINGTON BLVD	HOUSTON	TX	77009	101	Y	MB247710	8/4/1994		2/28/2019	57944	137	17127	0	75208
17418188623	BENIHANA OF TEXAS, INC.	21500 BISCAYNE BLVD STE 900	MIAMI	FL	33180	0	4	BENIHANA OF TOKYO	9707 WESTHEIMER RD	HOUSTON	TX	77042	101	Y	MB104526	12/1/1993		2/28/2019	31035	17732	9139	0	57906
17601510229	NIER OF TEXAS, INCORPORATED	810 PACIFIC ST	HOUSTON	TX	77006	101	3	SOUTH BEACH	810 PACIFIC ST	HOUSTON	TX	77006	101	Y	MB202068	9/14/1999		2/28/2019	0	0	0	0	0
11342318349	TIERRA VIVA, INC.	1423 RICHMOND AVE	HOUSTON	TX	77006	101	1	EL PUEBLITO PLACE	1423 RICHMOND AVE	HOUSTON	TX	77006	101	Y	MB436963	1/12/2003		1/31/2019	11260	85	1675	0	13020
17606303448	CONTINENTAL MAIN, LTD.	3700 MAIN ST	HOUSTON	TX	77002	101	1	THE CONTINENTAL CLUB	3700 MAIN ST	HOUSTON	TX	77002	101	Y	MB470565	4/17/2000		2/28/2019	29327	1038	30603	0	60968
32063708120	GRAPEFRUIT TREE LLC	3210 W DALLAS ST	HOUSTON	TX	77019	101	1	BOUTIQUE NIGHTCLUB	5316 WASHINGTON AVE	HOUSTON	TX	77007	101	Y	MB105785055	9/7/2018	7/31/2022	6/30/2019	0	0	0	0	0
17427540780	THE HOUSTON CHEESECAKE FACTORY CORPORATION	26901 MALIBU HILLS RD	CALABASAS HLS	CA	91301	0	18	THE CHEESECAKE FACTORY	600 MEMORIAL CITY WAY	HOUSTON	TX	77024	101	Y	MB764879	1/5/2011		2/28/2019	52844	14916	9718	0	77478
17526970144	RAINFOREST CAFE, INC. - CHA CHA	1510 WEST LOOP S	HOUSTON	TX	77027	101	5	RAINFOREST CAFE	5015 WESTHEIMER RD STE 1170	HOUSTON	TX	77056	101	Y	MB715717	2/26/2009		8/31/2019	0	0	0	0	0
17418188623	BENIHANA OF TEXAS, INC.	21500 BISCAYNE BLVD STE 900	MIAMI	FL	33180	0	3	BENIHANA OF TOKYO	1318 LOUISIANA ST	HOUSTON	TX	77002	101	Y	MB100939	12/1/1993		8/31/2019	19773	9516	7522	0	36811
32047255552	JANITZIO SEAFOOD, LLC	1817 WIRT RD	HOUSTON	TX	77055	101	1	OSTIONERIA MICHOACAN #7	1817 WIRT RD	HOUSTON	TX	77055	101	Y	MB846132	7/16/2013	11/6/2019	8/31/2019	7482	0	49939	0	57421
17602437257	VOSS, INC.	3131 ARGONNE ST	HOUSTON	TX	77098	101	1	CARRABBA'S RESTAURANT	1399 S VOSS	HOUSTON	TX	77057	101	Y	MB202066	12/1/1993		2/28/2019	40971	124207	4723	0	169901
32018393465	MARIA SANTOS CHAVEZ	3240 FONDREN RD	HOUSTON	TX	77063	101	1	MILA'S TAQUERIA MEXICO	3240 FONDREN RD	HOUSTON	TX	77063	101	Y	MB620023	2/14/2006		1/31/2019	694	0	790	0	1484
32048633245	GSM WINGS IV, LLC	12660 S KIRKWOOD RD	STAFFORD	TX	77477	79	5	BREWINGZ	13816 NORTHWEST FWY	HOUSTON	TX	77040	101	Y	MB842550	6/6/2013		2/28/2019	2170	49	5095	0	7314
12013718841	JCJ WINGS, LLC	602 SAWYER ST STE 100	HOUSTON	TX	77007	101	3	BIG CITY WINGS	10903 JONES RD	HOUSTON	TX	77065	101	N	MB943605	5/6/2016		6/30/2019	6276	114	8478	0	14868
32051157702	SAL Y PIMIENTA, LLC	818 TOWN AND COUNTRY BLVD STE 105	HOUSTON	TX	77024	101	1	SAL Y PIMIENTA RESTAURANT	818 TOWN AND COUNTRY BLVD STE 105	HOUSTON	TX	77024	101	Y	MB870235	4/23/2014		8/31/2019	11499	44865	3940	0	60304
32053846393	BOWL & BARREL LIQUOR, LLC	8111 PRESTON RD STE 610	DALLAS	TX	75225	57	3	BOWL AND BARREL HOUSTON	797 SORELLA CT STE 118	HOUSTON	TX	77024	101	Y	MB930785	12/30/2015		8/31/2019	89108	17573	35380	0	142061
32056622833	1600 WEST LOOP SOUTH, LLC	1510 WEST LOOP S	HOUSTON	TX	77027	101	1	THE POST OAK/MASTRO'S/WILLIE G'S	1600 WEST LOOP S	HOUSTON	TX	77027	101	Y	MB990891	8/9/2017		10/31/2019	571953	55457	802798	0	1430208
32052869248	KLH 909 LP	222 LAS COLINAS BLVD W STE 2250N	IRVING	TX	75039	57	1	KLH 909 LP	909 TEXAS ST STE 2A	HOUSTON	TX	77002	101	Y	MB883723	9/10/2014		10/31/2019	39968	9556	8033	0	57557
32067521651	COACHES J-C, LLC	4925 MAYFLOWER ST	HOUSTON	TX	77033	101	1	COACHES CORNER SPORTS BAR	7818 ALMEDA RD	HOUSTON	TX	77054	101	Y	MB871056	11/14/2018	9/12/2019	2/28/2019	4452	493	1071	0	6016
17413093877	ST MARY'S CATHOLIC CHURCH	3006 ROSEDALE ST ATTN:THELMA GOODMAN	HOUSTON	TX	77004	101	1	ST MARY'S CATHOLIC CHURCH	3006 ROSEDALE ST	HOUSTON	TX	77004	101	Y	TB3235710	10/25/2019	10/25/2019	10/31/2019	10678	0	8685	0	19363
32058831663	LAS ISLITAS LLC	4610 FM 1960 RD W STE P	HOUSTON	TX	77069	101	1	MARISCOS LAS ISLITAS	4610 FM 1960 RD W STE P	HOUSTON	TX	77069	101	Y	MB943442	5/5/2016		10/31/2019	7260	0	18975	0	26235
17606595761	MHI HOUSTON BEVERAGES, L.L.C.	6404 IVY LN STE 800	GREENBELT	MD	20770	0	1	PART & PARCEL/EDGAR'S HERMANO	1700 SMITH ST	HOUSTON	TX	77002	101	Y	MB489873	3/28/2001	3/26/2020	7/31/2019	32270	13437	23837	232	69776
32047756674	ALH PROPERTIES NO. TWENTY, L.P.	2901 WILCREST DR	HOUSTON	TX	77042	101	2	SAM HOUSTON HOTEL	1117 PRAIRIE ST	HOUSTON	TX	77002	101	Y	MB812675	7/5/2012	10/25/2023	10/31/2019	25343	9561	9629	0	44533
32038550839	SHRI BUSINESS, LLC	10555 PEARLAND PKWY STE G	HOUSTON	TX	77089	101	1	2-A-DAYS	10555 PEARLAND PKWY STE G	HOUSTON	TX	77089	101	Y	MB721256	5/6/2009		8/31/2019	48135	398	48815	0	97348
32053846393	BOWL & BARREL LIQUOR, LLC	8111 PRESTON RD STE 610	DALLAS	TX	75225	57	3	BOWL AND BARREL HOUSTON	797 SORELLA CT STE 118	HOUSTON	TX	77024	101	Y	MB930785	12/30/2015		10/31/2019	73468	17675	30892	0	122035
17526981786	LONE STAR FONDUE CONCEPTS, INC.	1404 WOODMONT BLVD	NASHVILLE	TN	37215	0	1	THE MELTING POT RESTAURANT	6100 WESTHEIMER RD STE 146	HOUSTON	TX	77057	101	Y	MB417651	9/26/1997		2/28/2019	20176	19830	1817	0	41823
32055342995	2200 BEVIS, L.L.C.	2450 LOUISIANA ST STE 400-262	HOUSTON	TX	77006	101	2	SHACRE HEIGHTS	2200 BEVIS ST	HOUSTON	TX	77008	101	Y	MB895794	10/9/2018	3/30/2024	4/30/2019	0	0	0	0	0
32047970895	HONDURAS MAYA CAFE & BAR LLC	8011 HAZEN ST	HOUSTON	TX	77036	101	1	HONDURAS MAYA CAFE & BAR LLC	5945 BELLAIRE BLVD STE B	HOUSTON	TX	77081	101	Y	MB817033	8/16/2012	9/12/2019	5/31/2019	0	0	0	0	0
17605679509	SAW MILL TAVERN, INC.	PO BOX 131927	HOUSTON	TX	77219	101	2	FRONT PORCH PUB	217 GRAY ST	HOUSTON	TX	77002	101	Y	MB474048	6/13/2000		2/28/2019	32968	1526	37744	0	72238
32031953949	ARENA CONCESSIONS, INC.	1818 RODEO DR	MESQUITE	TX	75149	57	1	ARENA THEATRE	7326 SOUTHWEST FWY	HOUSTON	TX	77074	101	Y	MB672939	10/3/2007		10/31/2019	21703	1365	12584	0	35652
32064427050	CAFE LEMON, LLC	1244 N POST OAK RD STE 100	HOUSTON	TX	77055	101	1	B B LEMON	1809 WASHINGTON AVE	HOUSTON	TX	77007	101	Y	MB989470	11/15/2017		11/30/2019	41712	20631	6644	0	68987
17602000527	LAMPASAS, INC.	9755 KATY FWY	HOUSTON	TX	77024	101	3	CIRO'S ITALIAN GRILL	9755 KATY FWY STE A	HOUSTON	TX	77024	101	Y	MB984017	5/31/2017		4/30/2019	40685	108749	8709	0	158143
17419376854	LAST PLACE IN TEXAS, INC.	10505 KATY FWY	HOUSTON	TX	77024	101	2	TASTE OF TEXAS	10505 KATY FWY	HOUSTON	TX	77024	101	Y	MB119014	12/1/1993		2/28/2019	70168	136999	30731	0	237898
12604711791	HERMANOS ESCOBAR, L.L.C.	12933 GULF FWY	HOUSTON	TX	77034	101	1	LAS HACIENDAS MEXICAN BAR & GRILL	12933 GULF FWY	HOUSTON	TX	77034	101	Y	MB670709	8/6/2007		8/31/2019	25934	543	13649	0	40126
15218379848	HOSPITALITY INTERNATIONAL, INC.	7750 WISCONSIN AVE	BETHESDA	MD	20814	0	67	HOSPITALITY INTERNATIONAL, INC.	1750 WEST LOOP S	HOUSTON	TX	77027	101	Y	MB446002	7/1/2008	12/21/2022	12/31/2019	27225	12916	11514	0	51655
17606112849	BRIGANTINE, INC.	4712 RICHMOND AVE	HOUSTON	TX	77027	101	3	BAYOU CITY SEAFOOD & PASTA	4730 RICHMOND AVE	HOUSTON	TX	77027	101	Y	MB485859	1/5/2001	8/31/2022	10/31/2019	8024	6198	4942	0	19164
17601930666	PAPPAS RESTAURANTS, INC.	13939 NORTHWEST FWY	HOUSTON	TX	77040	101	27	LITTLE PAPPAS SEAFOOD KITCHEN	3001 S SHEPHERD DR	HOUSTON	TX	77098	101	Y	MB426457	2/9/1998		4/30/2019	19556	18331	5051	0	42938
17605089527	NESSA'S MEMORIAL RESTAURANT, LTD.	7575 SAN FELIPE ST STE 240	HOUSTON	TX	77063	101	1	NINFA'S MEXICAN RESTAURANT	14737 MEMORIAL DR	HOUSTON	TX	77079	101	Y	MB401967	10/28/1996		8/31/2019	14853	1415	2307	0	18575
32037603449	BOOTLEGGERS BAR AND GRILL LLC	11300 WEST RD STE I	HOUSTON	TX	77065	101	1	BOOTLEGGERS	11300 WEST RD STE I	HOUSTON	TX	77065	101	Y	MB719996	4/21/2009		8/31/2019	11552	306	8939	0	20797
32043750044	CATERING PLUS INC	5010 DINCANS ST	HOUSTON	TX	77005	101	2	BACCO ON THE BAYOU	4005 N BRAESWOOD BLVD	HOUSTON	TX	77025	101	Y	MB1002128	12/15/2017	8/20/2020	8/31/2019	3839	6457	1004	0	11300
15218379848	HOSPITALITY INTERNATIONAL, INC.	7750 WISCONSIN AVE	BETHESDA	MD	20814	0	35	HOSPITALITY INTERNATIONAL, INC.	1600 HOLCOMBE BLVD	HOUSTON	TX	77030	101	Y	MB448885	4/1/1999		4/30/2019	15512	29054	7934	0	52500
32057634951	ACMJKPR AMUSEMENT, LLC	9110 JONES RD STE 100	HOUSTON	TX	77065	101	1	JB'S PUB & GRILL	9110 JONES RD STE 100	HOUSTON	TX	77065	101	Y	MB970936	1/31/2017		4/30/2019	26179	316	12614	0	39109
15218379848	HOSPITALITY INTERNATIONAL, INC.	7750 WISCONSIN AVE	BETHESDA	MD	20814	0	35	HOSPITALITY INTERNATIONAL, INC.	1600 HOLCOMBE BLVD	HOUSTON	TX	77030	101	Y	MB448885	4/1/1999		8/31/2019	16200	28442	8119	0	52761
32057503503	NOA HOUSTON 8, LLC	5330 IMPERIAL GROVE DR	HOUSTON	TX	77066	101	1	NOA NAIL BAR	17776 STATE HIGHWAY 249	HOUSTON	TX	77064	101	Y	MB937786	3/14/2016	4/13/2024	4/30/2019	0	0	0	0	0
32059274046	IRISH CBMT, LP	2450 LOUISIANA ST STE 400-262	HOUSTON	TX	77006	101	1	IRISH COWBOY	2300 LOUISIANA ST	HOUSTON	TX	77006	101	Y	MB939042	3/28/2016	1/13/2020	6/30/2019	0	0	0	0	0
10303980147	TAQUERIA ARANDAS NO. 23, INC.	231 CYPRESS CREEK PKWY	HOUSTON	TX	77090	101	2	TAQUERIA ARANDAS #23	231 FM 1960 RD W	HOUSTON	TX	77090	101	Y	MB645499	11/21/2006		4/30/2019	38830	103	36626	0	75559
17605792468	SAMBUCA HOUSTON, L.P.	222 LAS COLINAS BLVD W STE 2250N	IRVING	TX	75039	57	1	SAMBUCA RESTAURANT	909 TEXAS ST STE F	HOUSTON	TX	77002	101	Y	MB696217	6/21/2008		8/31/2019	50151	24735	13726	0	88612
17601946035	ORIGINAL, INC.	3131 ARGONNE ST	HOUSTON	TX	77098	101	1	CARRABBA'S	3115 KIRBY DR	HOUSTON	TX	77098	101	Y	MB187663	12/1/1993		2/28/2019	69941	164966	6266	0	241173
17427540780	THE HOUSTON CHEESECAKE FACTORY CORPORATION	26901 MALIBU HILLS RD	CALABASAS HLS	CA	91301	0	1	THE CHEESECAKE FACTORY OF HOUSTON	5015 WESTHEIMER #2195 #3406	HOUSTON	TX	77056	101	Y	MB258588	10/6/1995		2/28/2019	61241	19470	16086	0	96797
17521332019	OLIVE GARDEN OF TEXAS, LLC	PO BOX 695011	ORLANDO	FL	32869	0	106	OLIVE GARDEN OF TEXAS #4477	15770 NORTH FWY	HOUSTON	TX	77090	101	Y	MB860311	12/30/2013		10/31/2019	10159	7342	2894	0	20395
32018393465	MARIA SANTOS CHAVEZ	3240 FONDREN RD	HOUSTON	TX	77063	101	1	MILA'S TAQUERIA MEXICO	3240 FONDREN RD	HOUSTON	TX	77063	101	Y	MB620023	2/14/2006		2/28/2019	694	0	790	0	1484
32041161582	LOS CUCOS MEXICAN CAFE XXVI, INC.	876 LOOP 337 STE 501	NEW BRAUNFELS	TX	78130	46	1	LOS CUCOS MEXICAN CAFE	10690 NORTHWEST FWY	HOUSTON	TX	77092	101	Y	MB445151	1/11/2011		10/31/2019	23633	1507	8042	0	33182
32049370763	OKRA CHARITY SALOON, L.L.C.	1416 WESTHEIMER RD	HOUSTON	TX	77006	101	1	OKRA CHARITY SALOON, L.L.C.	924 CONGRESS ST	HOUSTON	TX	77002	101	Y	MB826889	12/14/2012		4/30/2019	38957	3838	12140	0	54935
32070720860	SPIVEY'S UPTOWN, INC.	2802 FRANCIS ST	HOUSTON	TX	77004	101	1	SPIVEY'S UPTOWN	1419 S LOOP W	HOUSTON	TX	77054	101	Y	MB106369290	9/18/2019	9/30/2022	9/30/2019	0	0	0	0	0
17604997019	D'AMICO ENTERPRISES, INC.	5510 MORNINGSIDE DR STE 140	HOUSTON	TX	77005	101	1	D'AMICOS ITALIAN MARKET CAFE	5510 MORNINGSIDE DR STE 140	HOUSTON	TX	77005	101	Y	MB952027	7/21/2016		2/28/2019	6507	27536	2709	0	36752
32063523008	YM HIBACHI INC	16310 GOANNA CT	SUGAR LAND	TX	77498	79	2	WAGYU HIBACHI AND SUSHI BAR	3239 SOUTHWEST FWY	HOUSTON	TX	77027	101	Y	MB1025868	8/7/2018	9/9/2019	7/31/2019	0	0	0	0	0
32059009046	EL CABALLO BLANCO RESTAURANT, LLC	6028 S GESSNER RD	HOUSTON	TX	77036	101	1	EL CABALLO BLANCO RESTAURANT	6028 S GESSNER RD	HOUSTON	TX	77036	101	Y	MB990322	8/4/2017		3/31/2019	4254	0	19069	0	23323
32061498807	YAMANG, INC.	10001 LONG POINT RD STE A	HOUSTON	TX	77055	101	1	YAMANG, INC	10001 LONG POINT RD STE A	HOUSTON	TX	77055	101	Y	MB633689	11/22/2016		8/31/2019	5395	0	1990	0	7385
13301416874	PAPPAS BAR-B-Q, INC.	PO BOX 41567	HOUSTON	TX	77241	101	24	PAPPAS BAR-B-Q	12917 NORTHWEST FWY	HOUSTON	TX	77040	101	Y	MB613728	11/8/2005		4/30/2019	0	0	859	0	859
17419565928	MERINO'S LA PLAYA, INC.	PO BOX 9028	HOUSTON	TX	77261	101	1	MERINO'S LOUNGE & LA PLAYA RESTAURANT	7143 HARRISBURG BLVD	HOUSTON	TX	77011	101	Y	MB105716	12/1/1993		4/30/2019	3268	0	8162	0	11430
17601930666	PAPPAS RESTAURANTS, INC.	13939 NORTHWEST FWY	HOUSTON	TX	77040	101	50	LITTLE PAPPASITO'S CANTINA	2536 RICHMOND AVE	HOUSTON	TX	77098	101	Y	MB493350	5/18/2001		4/30/2019	103489	3299	12221	0	119009
32061510809	2900 SET CITY HOUSTON, L.L.C.	1225 NORTH LOOP W STE 640	HOUSTON	TX	77008	101	1	SET	2900 TRAVIS ST STE A	HOUSTON	TX	77006	101	Y	MB970041	1/24/2017	12/27/2021	6/30/2019	23683	1228	4196	0	29107
17604834261	TAQUERIA ARANDAS NO. 12 INC.	10403 GULF FWY STE A	HOUSTON	TX	77034	101	2	TAQUERIA ARANDAS #12	10403 GULF FWY STE A	HOUSTON	TX	77034	101	Y	MB716786	3/11/2009		8/31/2019	4790	0	6475	0	11265
17605462294	PERRY'S RESTAURANTS, LTD.	9805 KATY FWY STE 650	HOUSTON	TX	77024	101	7	PERRY'S STEAKHOUSE & GRILLE	9827 KATY FWY	HOUSTON	TX	77024	101	Y	MB681018	1/15/2008		6/30/2019	53607	80907	5307	0	139821
17524461674	OUTBACK BEVERAGES OF TEXAS, LLC	2202 N WEST SHORE BLVD STE 500	TAMPA	FL	33607	0	31	OUTBACK STEAKHOUSE	5710 FM 1960 RD W	HOUSTON	TX	77069	101	Y	MB244055	1/1/2008	4/1/2024	9/30/2019	0	0	0	0	0
17605167117	P.F.C.C.B. TEXAS, INC.	7676 E PINNACLE PEAK RD	SCOTTSDALE	AZ	85255	0	6	P F CHANG'S CHINA BISTRO	11685 WESTHEIMER RD	HOUSTON	TX	77077	101	Y	MB529125	2/5/2003		6/30/2019	13562	8450	3442	0	25454
17605996366	SCHUSTER INVESTMENTS, INC.	1326 EVERBEAR ST	PASADENA	TX	77504	101	1	CHARIVARI RESTAURANT AND BAR	2521 BAGBY ST	HOUSTON	TX	77006	101	Y	MB469856	4/6/2000	4/23/2019	1/31/2019	0	0	0	0	0
12603849386	POBLANO'S MEXICAN GRILL, INC.	1250 ELDRIDGE PKWY STE 100	HOUSTON	TX	77077	101	1	POBLANO'S MEXICAN GRILL	1250 ELDRIDGE PKWY	HOUSTON	TX	77077	101	Y	MB678768	12/11/2007		8/31/2019	8830	0	0	0	8830
32057413588	WILLIE'S GRILL & ICEHOUSE LLC	10627 TOWER OAKS BLVD	HOUSTON	TX	77070	101	15	WILLIE'S GRILL & ICEHOUSE	7092 HIGHWAY 6 N	HOUSTON	TX	77095	101	Y	MB933734	2/2/2016		2/28/2019	12309	2160	9016	0	23485
32058643167	TAQUERIA ARANDAS NO. 88, LLC	2525 NORTH LOOP W STE 610	HOUSTON	TX	77008	101	1	TAQUERIA ARANDAS NO. 88, L.L.C.	8111 S GESSNER RD	HOUSTON	TX	77036	101	Y	MB999656	11/7/2017		2/28/2019	1832	0	9940	0	11772
32047970895	HONDURAS MAYA CAFE & BAR LLC	8011 HAZEN ST	HOUSTON	TX	77036	101	1	HONDURAS MAYA CAFE & BAR LLC	5945 BELLAIRE BLVD STE B	HOUSTON	TX	77081	101	Y	MB817033	8/16/2012	9/12/2019	4/30/2019	0	0	0	0	0
17602709754	WACHCO, INC.	2407 WESTHEIMER RD	HOUSTON	TX	77098	101	1	SHANGHAI RIVER RESTAURANT	2407 WESTHEIMER RD	HOUSTON	TX	77098	101	Y	MB207434	12/1/1993		8/31/2019	1256	2991	466	0	4713
32061498807	YAMANG, INC.	10001 LONG POINT RD STE A	HOUSTON	TX	77055	101	1	YAMANG, INC	10001 LONG POINT RD STE A	HOUSTON	TX	77055	101	Y	MB633689	11/22/2016		10/31/2019	5040	0	3145	0	8185
17601930666	PAPPAS RESTAURANTS, INC.	13939 NORTHWEST FWY	HOUSTON	TX	77040	101	44	YIA YIA MARYS	4747 SAN FELIPE ST	HOUSTON	TX	77056	101	Y	MB492463	5/1/2001		8/31/2019	24481	27215	7521	0	59217
17460873627	GARDEN OAKS POST NO. 560, THE AMERICAN LEGION, DEP	3720 ALBA RD	HOUSTON	TX	77018	101	2	GARDEN OAKS POST 560	3720 ALBA RD	HOUSTON	TX	77018	101	Y	NE079052	12/1/1993		4/30/2019	4706	345	9908	0	14959
32043529158	7227 ANTOINE, INC.	7723 ALLEGRO DR	HOUSTON	TX	77040	101	1	7227 ANTOINE, INC.	7227 ANTOINE DR STE 1	HOUSTON	TX	77088	101	Y	MB611849	3/4/2011		2/28/2019	6649	60	4876	0	11585
32062978583	DIVE 809, LLC	809 PIERCE ST	HOUSTON	TX	77002	101	1	THE DIVE	809 PIERCE ST	HOUSTON	TX	77002	101	Y	MB995058	9/21/2017	10/21/2023	7/31/2019	8570	26	4665	0	13261
17605167117	P.F.C.C.B. TEXAS, INC.	7676 E PINNACLE PEAK RD	SCOTTSDALE	AZ	85255	0	6	P F CHANG'S CHINA BISTRO	11685 WESTHEIMER RD	HOUSTON	TX	77077	101	Y	MB529125	2/5/2003		4/30/2019	13292	10647	3040	0	26979
32051542705	YACHLU INC.	2424 DUNSTAN RD STE 125	HOUSTON	TX	77005	101	1	LOCAL FOODS	2555 KIRBY DR	HOUSTON	TX	77019	101	Y	MB857769	11/20/2013		2/28/2019	4969	9001	2918	0	16888
12035214464	ASHFORD TRS LESSEE IV LLC	14185 DALLAS PKWY STE 1150	DALLAS	TX	75254	57	1	EMBASSY SUITES HOUSTON	2911 SAGE RD	HOUSTON	TX	77056	101	Y	MB745432	4/1/2010		6/30/2019	5557	855	1848	0	8260
32060692558	OSNAIDA CINTRA	5920 BELLAIRE BLVD STE F	HOUSTON	TX	77081	101	2	SOL BILLARES & DEPORTES	5920 BELLAIRE BLVD STE F	HOUSTON	TX	77081	101	Y	MB995482	9/26/2017	6/25/2019	3/31/2019	2150	325	1485	0	3960
32051174087	SIN LOUNGE, INC	8282 BELLAIRE BLVD STE 138	HOUSTON	TX	77036	101	1	PUERTA VIEJA BAR & GRILL	8282 BELLAIRE BLVD STE 138	HOUSTON	TX	77036	101	Y	MB858743	12/5/2013		8/31/2019	1224	0	8349	0	9573
32054730422	COCKY 16 ENTERPRISES, LLC	9575 KATY FWY STE 150	HOUSTON	TX	77024	101	1	TEXAS T TAVERN	1535 BRITTMOORE RD	HOUSTON	TX	77043	101	Y	MB896488	1/29/2015		2/28/2019	84447	1579	52365	0	138391
32040365002	HUACALGO CORP	5819 GULF FWY STE 900	HOUSTON	TX	77023	101	1	OSTIONERIA MICHOACAN #11	5819 GULF FWY STE 900	HOUSTON	TX	77023	101	Y	MB741835	2/8/2010		4/30/2019	39457	0	87315	0	126772
17419820075	GENJI CORPORATION	11124 WESTHEIMER RD	HOUSTON	TX	77042	101	4	GENJI	11124 WESTHEIMER RD	HOUSTON	TX	77042	101	Y	MB531573	12/1/2012		8/31/2019	29342	3546	8839	0	41727
17522637846	BELLA BEVERAGE CORPORATION	5851 LEGACY CIR STE 400	PLANO	TX	75024	43	1	HILTON HOUSTON PLAZA MEDICAL CENTER GRAB AND GO	6633 TRAVIS ST	HOUSTON	TX	77030	101	Y	MB204978	12/1/1993		8/31/2019	12741	6430	6923	0	26094
12035214464	ASHFORD TRS LESSEE IV LLC	14185 DALLAS PKWY STE 1150	DALLAS	TX	75254	57	1	EMBASSY SUITES HOUSTON	2911 SAGE RD	HOUSTON	TX	77056	101	Y	MB745432	4/1/2010		2/28/2019	5699	1076	2152	0	8927
32042272768	TANGO RIO DE LA PLATA, LLC	2800 SAGE RD STE A100	HOUSTON	TX	77056	101	1	TANGO & MALBEC SOUTH AMERICAN CUISINE	2800 SAGE RD # A100	HOUSTON	TX	77056	101	Y	MB760402	10/26/2010	8/2/2019	8/31/2019	0	0	0	0	0
32063084811	WLC GROUP LLC	3206 PATRICIA LN	PEARLAND	TX	77581	20	1	HIGH & DRY	306 MAIN ST STE 200	HOUSTON	TX	77002	101	Y	MB989611	7/27/2017	7/1/2023	2/28/2019	62558	2271	6833	0	71662
17519330587	CHILI'S BEVERAGE COMPANY, INC.	3000 OLYMPUS BLVD C/O TAX DEPARTMENT	COPPELL	TX	75019	57	316	CHILI'S GRILL & BAR	10955 NORTH FWY	HOUSTON	TX	77037	101	Y	MB677281	11/20/2007		6/30/2019	23250	468	7105	0	30823
32070421097	2327 MCCARTY, LLC	2327 MCCARTY ST	HOUSTON	TX	77029	101	1	EL SOCIAL	2327 MCCARTY ST	HOUSTON	TX	77029	101	Y	MB106348728	9/4/2019	1/10/2023	9/30/2019	685	0	2116	0	2801
15218379848	HOSPITALITY INTERNATIONAL, INC.	7750 WISCONSIN AVE	BETHESDA	MD	20814	0	67	HOSPITALITY INTERNATIONAL, INC.	1750 WEST LOOP S	HOUSTON	TX	77027	101	Y	MB446002	7/1/2008	12/21/2022	11/30/2019	21137	15030	7296	0	43463
32050396202	LEXINGTON UNION, LLC	2500 SUMMER ST BLDG 3-369	HOUSTON	TX	77007	101	1	THE ASTORIAN	2500 SUMMER ST BLDG 3-369	HOUSTON	TX	77007	101	Y	MB906886	5/6/2015		5/31/2019	36597	22159	5128	0	63884
32065399068	WESTCHASE CATERING GROUP INC	3628 WESTCHASE DR	HOUSTON	TX	77042	101	1	CAFE NATALIE	3628 WESTCHASE DR	HOUSTON	TX	77042	101	Y	MB805586	2/14/2018		2/28/2019	6844	5195	3298	0	15337
32067317779	B & DITTY ENTERPRISES, LLC	4711 ENNIS ST	HOUSTON	TX	77004	101	1	FROZEN PARADISE	4711 ENNIS ST	HOUSTON	TX	77004	101	Y	MB105879166	10/1/2018	4/25/2024	4/30/2019	6293	550	533	0	7376
17601930666	PAPPAS RESTAURANTS, INC.	13939 NORTHWEST FWY	HOUSTON	TX	77040	101	39	PAPPASITO'S CANTINA	2515 S LOOP W	HOUSTON	TX	77054	101	Y	MB480318	9/25/2000		4/30/2019	125413	1964	18054	0	145431
12044175722	VOLANT GROUP, LLC	4119 FLOYD ST	HOUSTON	TX	77007	101	1	THE PHOENIX ON WESTHEIMER	1915 WESTHEIMER RD	HOUSTON	TX	77098	101	Y	MB648834	1/11/2007		10/31/2019	29016	4860	40909	0	74785
32051085341	HORSERADISH MAYONNAISE, L.L.C.	6412 N MAIN ST STE C	HOUSTON	TX	77009	101	1	LEI LOW	6412 N MAIN ST STE C	HOUSTON	TX	77009	101	Y	MB850404	8/30/2013		3/31/2019	110501	145	2242	0	112888
19108474867	RED ROBIN INTERNATIONAL, INC.	10000 E GEDDES AVE STE 500	ENGLEWOOD	CO	80112	0	15	RED ROBIN #510	22455 STATE HIGHWAY 249	HOUSTON	TX	77070	101	Y	MB949443	6/29/2016		2/28/2019	3108	633	4407	0	8148
32050522583	DRY CREEK CLUB, INC.	1416 WESTHEIMER RD	HOUSTON	TX	77006	101	1	BETTER LUCK TOMORROW	544 YALE ST	HOUSTON	TX	77007	101	Y	N 935802	2/23/2016	4/17/2019	2/28/2019	98710	13352	13373	0	125435
32065115274	THE CATCH CHAMPIONS, LLC	3410 MERCER ST	HOUSTON	TX	77027	101	1	THE CATCH CHAMPIONS	5203 FM 1960 RD W STE D	HOUSTON	TX	77069	101	Y	MB1007909	2/20/2018	7/13/2019	3/31/2019	2388	166	1074	0	3628
17606112849	BRIGANTINE, INC.	4712 RICHMOND AVE	HOUSTON	TX	77027	101	3	BAYOU CITY SEAFOOD & PASTA	4730 RICHMOND AVE	HOUSTON	TX	77027	101	Y	MB485859	1/5/2001	8/31/2022	8/31/2019	8806	6465	5519	0	20790
32038588961	ACE & ME CORPORATION	9504 LONG POINT RD STE A	HOUSTON	TX	77055	101	2	TREE	9504 LONG POINT RD STE A	HOUSTON	TX	77055	101	Y	MB776173	6/1/2011		8/31/2019	5856	0	733	0	6589
32057413588	WILLIE'S GRILL & ICEHOUSE LLC	10627 TOWER OAKS BLVD	HOUSTON	TX	77070	101	5	WILLIE'S GRILL & ICEHOUSE	19770 STATE HIGHWAY 249	HOUSTON	TX	77070	101	Y	MB931324	1/8/2016		6/30/2019	17012	2530	16876	0	36418
32040091871	4412 WASHINGTON, LLC	602 SAWYER ST STE 110	HOUSTON	TX	77007	101	1	LAURENZO'S GRILLE DELLO SPORT	4412 WASHINGTON AVE	HOUSTON	TX	77007	101	Y	MB735727	10/30/2009		8/31/2019	30340	29039	5346	0	64725
17603477344	PELTON'S CATERING, INC.	11530 BURDINE ST STE A	HOUSTON	TX	77035	101	1	WESTBURY COZY CORNER	11530 BURDINE ST STE A	HOUSTON	TX	77035	101	Y	MB226210	11/30/1993		6/30/2019	17578	161	13006	0	30745
32051698812	ACTIVE PARK, LLC	500 DURHAM DR	HOUSTON	TX	77007	101	1	PROSPECT PARK	3100 FOUNTAIN VIEW DR	HOUSTON	TX	77057	101	Y	MB862515	1/29/2014		11/30/2019	355035	6388	23378	0	384801
12632150475	KRAZY KRISTY, INC.	11528 JONES RD STE W	HOUSTON	TX	77070	101	1	BIG FUN ENTERTAINMENT	11528 JONES RD STE W	HOUSTON	TX	77070	101	N	MB724768	6/22/2009		8/31/2019	11643	175	9679	0	21497
32059877145	RAN & ROD ENTERPRISES, LLC	8602 ARRANMORE LN	HOUSTON	TX	77095	101	2	BAMBOLEO	5555 HIGHWAY 6 N	HOUSTON	TX	77084	101	Y	MB250293	7/26/2016		8/31/2019	19319	22	1400	0	20741
32041274864	LOADED, LLC	3622 MAIN ST STE D	HOUSTON	TX	77002	101	1	DOUBLE TROUBLE CAFFEINE AND COCKTAILS	3622 MAIN ST STE D	HOUSTON	TX	77002	101	Y	MB781335	8/2/2011		6/30/2019	29936	502	5318	0	35756
32053681907	SSJA LLC	6166 HIGHWAY 6 N UNIT 22	HOUSTON	TX	77084	101	1	AGUIRRES TEX MEX	6166 HIGHWAY 6 N UNIT 22	HOUSTON	TX	77084	101	Y	MB910198	6/8/2015	7/11/2023	1/31/2019	1577	246	538	0	2361
32052222893	CASS #2 CAJUN RESTAURANTS LLC	12008 EAST FWY	HOUSTON	TX	77029	101	1	BLUE BAYOU CAFE	12008 EAST FWY	HOUSTON	TX	77029	101	Y	MB867748	3/27/2014		10/31/2019	6481	333	7334	0	14148
32053681907	SSJA LLC	6166 HIGHWAY 6 N UNIT 22	HOUSTON	TX	77084	101	1	AGUIRRES TEX MEX	6166 HIGHWAY 6 N UNIT 22	HOUSTON	TX	77084	101	Y	MB910198	6/8/2015	7/11/2023	2/28/2019	1481	193	464	0	2138
10436439193	EMPORIO BRAZILIAN GRILL, INC	12288 WESTHEIMER RD STE 210A	HOUSTON	TX	77077	101	1	EMPORIO BRAZILIAN CAFE	12288 WESTHEIMER RD STE 210A	HOUSTON	TX	77077	101	Y	MB717411	3/18/2009		8/31/2019	3131	1414	1979	0	6524
12614968340	DOUBLE G ENTERTAINMENT GROUP, L.L.C.	8309 BURKHART CT	HOUSTON	TX	77055	101	1	PORCH SWING PUB	69 HEIGHTS BLVD	HOUSTON	TX	77007	101	Y	MB684692	2/21/2008		8/31/2019	23379	1587	29000	0	53966
17605401953	NEIGHBORHOOD RESTAURANTS, INC.	13850 CUTTEN RD	HOUSTON	TX	77069	101	2	CAMPIONI RESTAURANT	13850 CUTTEN RD	HOUSTON	TX	77069	101	Y	MB851059	9/9/2013		10/31/2019	3075	18078	1702	0	22855
17606839987	D. L. HARRISON, INC.	324 FM 1960 RD STE 108	HOUSTON	TX	77073	101	1	INFINITIVE CLASSIC	4902 LAURA KOPPE RD	HOUSTON	TX	77016	101	Y	MB500992	9/17/2001	3/18/2021	6/30/2019	385	0	294	0	679
32058075816	EDDIE V'S HOLDINGS, LLC	PO BOX 695011	ORLANDO	FL	32869	0	7	EDDIE V'S PRIME SEAFOOD	2800 KIRBY DR STE A100	HOUSTON	TX	77098	101	Y	MB796664	2/1/2016		2/28/2019	71398	89753	3847	0	164998
32047707347	SYNERGY RESTAURANT MANAGEMENT - HOUSTON, L.L.C.	13355 NOEL RD STE 1645	DALLAS	TX	75240	57	20	APPLEBEE'S #8021 (WALLISVILLE)	5911 E SAM HOUSTON PKWY N	HOUSTON	TX	77049	101	Y	MB824623	11/14/2012		6/30/2019	31191	600	17151	0	48942
32051875626	SHADY BON TEMPS INC.	1205 W 19TH ST	HOUSTON	TX	77008	101	1	SHADY BON TEMPS INC.	1206 W 20TH ST	HOUSTON	TX	77008	101	Y	MB867616	3/26/2014		6/30/2019	11663	1349	25933	0	38945
15623303383	ROMERO'S LAS BRAZAS, INC.	15703 LONGENBAUGH DR STE A	HOUSTON	TX	77095	101	2	ROMERO'S LAS BRAZAS MEXICAN KITCHEN	15703 LONGENBAUGH DR STE A	HOUSTON	TX	77095	101	Y	MB537036	11/1/2010		10/31/2019	31336	2118	7939	0	41393
17601930666	PAPPAS RESTAURANTS, INC.	13939 NORTHWEST FWY	HOUSTON	TX	77040	101	11	PAPPASITO'S CANTINA 2	15280 NORTH FWY	HOUSTON	TX	77090	101	N	MB173796	12/1/1993		6/30/2019	94811	2992	18849	0	116652
12026040894	KONA TEXAS RESTAURANTS, INC.	6900 E CAMELBACK RD STE 602	SCOTTSDALE	AZ	85251	0	4	KONA GRILL	5061 WESTHEIMER RD SPC 8040	HOUSTON	TX	77056	101	Y	MB634947	8/1/2006	7/8/2019	4/30/2019	29180	5586	9109	0	43875
15105146482	T. N' N. FUTURE WINGS L.L.C.	13218 DUSTY GROVE LN	SUGAR LAND	TX	77498	79	3	WINGS PIZZA N THINGS RESTAURANT	13420 STATE HIGHWAY 249 STE A	HOUSTON	TX	77086	101	Y	MB572069	9/1/2015		8/31/2019	10904	0	12970	0	23874
32043771289	EL MATADOR BAR & GRILL, INC	12797 WESTHEIMER RD	HOUSTON	TX	77077	101	1	EL MATADOR BAR & GRILL, INC	12797 WESTHEIMER RD	HOUSTON	TX	77077	101	Y	MB783084	8/23/2011		10/31/2019	22149	0	13121	0	35270
17604949556	DEL PUEBLO RESTAURANT GROUP, INC.	13235 JONES RD	HOUSTON	TX	77070	101	4	DEL PUEBLO MEXICAN RESTAURANT	13235 JONES RD	HOUSTON	TX	77070	101	Y	MB264490	12/1/2001		8/31/2019	50898	858	9051	0	60807
32067215684	PALMER'S ICE HOUSE LLC	PO BOX 73523	HOUSTON	TX	77273	101	1	PALMER'S ICE HOUSE	7315 LYONS AVE	HOUSTON	TX	77020	101	Y	MB959117	4/26/2019	1/21/2020	9/30/2019	0	0	0	0	0
32058434427	SNOOZETOWN, LLC	3001 BRIGHTON BLVD STE 303	DENVER	CO	80216	0	5	SNOOZE	600 W SAM HOUSTON PKWY N STE 500	HOUSTON	TX	77024	101	Y	MB985841	6/19/2017		6/30/2019	6512	14177	575	0	21264
32044329418	OUR HOTELS, LLC	1785 STATE HIGHWAY 26 STE 400	GRAPEVINE	TX	76051	220	17	AC HOTEL BY MARRIOTT HOUSTON	723 MAIN ST	HOUSTON	TX	77002	101	Y	MB1057367	6/17/2019	6/17/2023	7/31/2019	336	336	35	0	707
17606839987	D. L. HARRISON, INC.	324 FM 1960 RD STE 108	HOUSTON	TX	77073	101	1	INFINITIVE CLASSIC	4902 LAURA KOPPE RD	HOUSTON	TX	77016	101	Y	MB500992	9/17/2001	3/18/2021	8/31/2019	690	0	356	0	1046
17606430464	LIZZARD'S, INC.	2715 SACKETT ST	HOUSTON	TX	77098	101	1	LIZZARD'S PUB	2715 SACKETT ST	HOUSTON	TX	77098	101	Y	MB198066	7/1/2000		6/30/2019	28811	358	14707	0	43876
15823417728	CAPITAL GRILLE HOLDINGS, INC.	PO BOX 695011	ORLANDO	FL	32869	0	6	THE CAPITAL GRILLE #8007	5365 WESTHEIMER RD	HOUSTON	TX	77056	101	Y	MB935334	2/17/2016		2/28/2019	40140	89201	4642	0	133983
32062812436	RJE ENTERPRISES, INC.	9322 TIMBERSIDE DR	HOUSTON	TX	77025	101	1	TEXADELPHIA RESTAURANT	8383 WESTHEIMER RD STE 114	HOUSTON	TX	77063	101	Y	MB989303	7/25/2017		2/28/2019	468	125	1262	0	1855
17524461674	OUTBACK BEVERAGES OF TEXAS, LLC	2202 N WEST SHORE BLVD STE 500	TAMPA	FL	33607	0	31	OUTBACK STEAKHOUSE	5710 FM 1960 RD W	HOUSTON	TX	77069	101	Y	MB244055	1/1/2008	4/1/2024	5/31/2019	0	0	0	0	0
19108474867	RED ROBIN INTERNATIONAL, INC.	10000 E GEDDES AVE STE 500	ENGLEWOOD	CO	80112	0	12	RED ROBIN #504	7620 KATY FWY STE 465	HOUSTON	TX	77024	101	Y	MB947173	6/10/2016		4/30/2019	9132	1220	7592	0	17944
17418188623	BENIHANA OF TEXAS, INC.	21500 BISCAYNE BLVD STE 900	MIAMI	FL	33180	0	4	BENIHANA OF TOKYO	9707 WESTHEIMER RD	HOUSTON	TX	77042	101	Y	MB104526	12/1/1993		6/30/2019	31512	17709	8750	0	57971
32060089888	KIRBY'S TAVERN, INC.	5004 KIRBY DR	HOUSTON	TX	77098	101	1	ON THE KIRB	5004 KIRBY DR	HOUSTON	TX	77098	101	Y	MB953611	8/5/2016		10/31/2019	28755	2879	6801	0	38435
32063601846	CAPSTONE ENTERTAINMENT, LLC	PO BOX 2691	HOUSTON	TX	77252	101	2	RICH'S	202 TUAM ST	HOUSTON	TX	77006	101	Y	MB105589606	3/26/2018		11/30/2019	0	0	0	0	0
32056087565	RLCJS LLC	1570 S DAIRY ASHFORD RD STE 122	HOUSTON	TX	77077	101	1	MR. C'S IRISH PUB	1570 S DAIRY ASHFORD RD	HOUSTON	TX	77077	101	Y	MB903498	4/1/2015		8/31/2019	13009	350	7462	0	20821
17603060405	IRISH PUB KENNEALLY'S, INC.	2111 S SHEPHERD DR	HOUSTON	TX	77019	101	1	IRISH PUB-KENNEALLY'S	2111 S SHEPHERD DR	HOUSTON	TX	77019	101	Y	MB228737	5/1/2008		1/31/2019	15377	5305	23604	0	44286
32066913842	JORGE S MORA & JUAN M GUERRERO	5505 PINEMONT DR	HOUSTON	TX	77092	101	1	LA GRANJA DISCO Y CANTINA	5505 PINEMONT DR	HOUSTON	TX	77092	101	Y	MB105753663	7/10/2018	10/26/2023	12/31/2019	9839	649	18349	0	28837
17605462294	PERRY'S RESTAURANTS, LTD.	9805 KATY FWY STE 650	HOUSTON	TX	77024	101	6	PERRY'S STEAKHOUSE & GRILLE	9730 CYPRESSWOOD DR	HOUSTON	TX	77070	101	Y	MB679716	12/21/2007		2/28/2019	80731	123829	6380	0	210940
32054484723	SOUTHEAST RESTAURANT GROUP-MAIN, LLC	1201 CANAL ST STE C2	NEW ORLEANS	LA	70112	0	1	TGIFRIDAY'S	12895 GULF FWY	HOUSTON	TX	77034	101	Y	MB885735	9/30/2014	9/12/2019	7/31/2019	21263	1200	5454	0	27917
32063470093	THEODORE BAKER, LLC	2803 WHITE OAK DR	HOUSTON	TX	77007	101	1	BOBCAT TEDDY'S ICEHOUSE	2803 WHITE OAK DR	HOUSTON	TX	77007	101	Y	MB994594	9/18/2017		8/31/2019	41261	1206	51410	0	93877
17422369235	I-37, INC.	12735 MORRIS ROAD EXT STE 400	ALPHARETTA	GA	30004	0	2	I-37 INC	9100 GULF FWY	HOUSTON	TX	77017	101	Y	MB178154	12/1/1993		6/30/2019	18858	7683	10096	0	36637
17606505034	UNCLES ACQUISITION CORP.	PO BOX 22225	HOUSTON	TX	77227	101	3	LOS TIOS MEXICAN RESTAURANT	14006 MEMORIAL DR	HOUSTON	TX	77079	101	Y	MB480740	10/1/2000		5/31/2019	39795	1771	5162	0	46728
32060335620	ICLUB HOUSTON INC	8320 SOUTHWEST FWY	HOUSTON	TX	77074	101	1	EL PARRAL WEST	8320 SOUTHWEST FWY	HOUSTON	TX	77074	101	Y	MB200087550	3/14/2023		8/31/2019	22324	0	11551	0	33875
17424026080	T-K INTERNATIONAL, INC.	2010 W ALABAMA ST	HOUSTON	TX	77098	101	1	T K BITTERMAN'S	2010 W ALABAMA ST	HOUSTON	TX	77098	101	Y	MB181003	12/1/1993		9/30/2019	11750	1485	6649	0	19884
32055905759	IBH BAR, L.L.C.	26886 WELLINGTON CT	KINGWOOD	TX	77339	170	1	IBH BAR	3112 PARKER RD	HOUSTON	TX	77093	101	Y	MB498952	1/1/2015		2/28/2019	1004	0	2896	0	3900
32066532691	LIGHT UP THE SKY LLC	811 BUFFALO PARK DR APT 1001	HOUSTON	TX	77019	101	1	SPORTING CLUB HOUSTON	5102 WASHINGTON AVE	HOUSTON	TX	77007	101	Y	MB105786655	6/21/2019		12/31/2019	0	0	0	0	0
15823417728	CAPITAL GRILLE HOLDINGS, INC.	PO BOX 695011	ORLANDO	FL	32869	0	6	THE CAPITAL GRILLE #8007	5365 WESTHEIMER RD	HOUSTON	TX	77056	101	Y	MB935334	2/17/2016		8/31/2019	37038	82576	3704	0	123318
32065399068	WESTCHASE CATERING GROUP INC	3628 WESTCHASE DR	HOUSTON	TX	77042	101	1	CAFE NATALIE	3628 WESTCHASE DR	HOUSTON	TX	77042	101	Y	MB805586	2/14/2018		6/30/2019	15066	4814	5654	0	25534
32059783582	DOQA LUPE MEXICAN RESTAURANT BAR & GRILL LLC	10118 EDDYSTONE DR	HOUSTON	TX	77043	101	1	DONA LUPE MEXICAN RESTAURANT BAR & GRILL	2030 BINGLE RD	HOUSTON	TX	77055	101	Y	MB989301	7/25/2017	4/1/2021	1/31/2019	763	0	1429	0	2192
32054752798	YARD HOUSE USA, INC.	1000 DARDEN CENTER DR ATTN: TAX DEPT	ORLANDO	FL	32837	0	7	YARD HOUSE #8325	800 SORELLA CT SPC 116	HOUSTON	TX	77024	101	Y	MB734341	9/11/2017		6/30/2019	166101	41280	202722	0	410103
32042362882	ALICIA'S MEXICAN GRILLE 3, INC.	14302 FLORET ESTATES CT	CYPRESS	TX	77429	101	1	ALICIA'S MEXICAN GRILLE 3, INC.	12002 RICHMOND AVE STE 100	HOUSTON	TX	77082	101	Y	MB765963	1/21/2011		10/31/2019	18160	1241	3306	0	22707
17604854111	SALTGRASS, INC.	1510 WEST LOOP S ATTN: TAX DEPT	HOUSTON	TX	77027	101	7	SALTGRASS STEAKHOUSE #15	17275 TOMBALL PKWY	HOUSTON	TX	77064	101	Y	MB529261	2/10/2003		6/30/2019	38377	13078	13125	0	64580
32048633302	GSM WINGS II, LLC	12660 S KIRKWOOD RD	STAFFORD	TX	77477	79	5	BREWINGZ	12250 GULF FWY	HOUSTON	TX	77034	101	Y	MB842371	6/5/2013		2/28/2019	9431	9	15695	0	25135
32011669671	POLONEZ, INC.	1780 BLALOCK RD	HOUSTON	TX	77080	101	5	POLONIA RESTAURANT	1780 BLALOCK RD	HOUSTON	TX	77080	101	Y	MB547693	9/1/2014		8/31/2019	1135	1541	2617	0	5293
12632150475	KRAZY KRISTY, INC.	11528 JONES RD STE W	HOUSTON	TX	77070	101	1	BIG FUN ENTERTAINMENT	11528 JONES RD STE W	HOUSTON	TX	77070	101	N	MB724768	6/22/2009		10/31/2019	8703	75	7405	0	16183
32043750044	CATERING PLUS INC	5010 DINCANS ST	HOUSTON	TX	77005	101	2	BACCO ON THE BAYOU	4005 N BRAESWOOD BLVD	HOUSTON	TX	77025	101	Y	MB1002128	12/15/2017	8/20/2020	10/31/2019	2783	7519	1201	0	11503
17606560146	VELMART, INC.	9425 RICHMOND AVE	HOUSTON	TX	77063	101	1	MI PUEBLITO RESTAURANT	9425 RICHMOND AVE	HOUSTON	TX	77063	101	Y	MB625667	4/21/2006		2/28/2019	6959	958	5612	0	13529
17605643422	CHACHO'S 6006 WESTHEIMER LTD	4320 INDUSTRIAL CTR	SAN ANTONIO	TX	78217	15	1	CHACHO'S MEXICAN GRILL	6006 WESTHEIMER RD	HOUSTON	TX	77057	101	Y	MB431374	10/29/1998		10/31/2019	34328	0	1953	0	36281
32054691970	JAA EXPRESS, A TEXAS LIMITED LIABILITY COMPANY	6406 BROOKFIELD DR APT B	HOUSTON	TX	77085	101	2	JABASTIAN'S MEXICAN RESTAURANT #6	11460 FUQUA ST STE 900	HOUSTON	TX	77089	101	Y	MB976158	5/18/2018	9/11/2019	1/31/2019	916	0	1285	0	2201
32054441475	CARMIKE CONCESSIONS II, LLC	11500 ASH ST	LEAWOOD	KS	66211	0	2	AMC YORKTOWN 15	15900 YORKTOWN CROSSING PKWY	HOUSTON	TX	77084	101	Y	MB1000558	11/21/2017	1/21/2020	6/30/2019	2273	348	1770	0	4391
32051822677	VUELVE A LA VIDA MARISCOS, INC.	876 LOOP 337 STE 501	NEW BRAUNFELS	TX	78130	46	1	VIDA MARISCOS	22400 STATE HIGHWAY 249	HOUSTON	TX	77070	101	N	MB858528	12/4/2013		6/30/2019	70860	1856	103802	0	176518
15823417728	CAPITAL GRILLE HOLDINGS, INC.	PO BOX 695011	ORLANDO	FL	32869	0	3	THE CAPITAL GRILLE #8057	840 W SAM HOUSTON PKWY N STE 100	HOUSTON	TX	77024	101	Y	MB933417	1/29/2016		8/31/2019	57563	124764	6904	0	189231
17601930666	PAPPAS RESTAURANTS, INC.	13939 NORTHWEST FWY	HOUSTON	TX	77040	101	9	PAPPAS SEAFOOD HOUSE & OYSTER BAR 3	11301 NORTH FWY	HOUSTON	TX	77037	101	Y	MB162826	12/1/1993		8/31/2019	42289	12309	10055	0	64653
32059274046	IRISH CBMT, LP	2450 LOUISIANA ST STE 400-262	HOUSTON	TX	77006	101	1	IRISH COWBOY	2300 LOUISIANA ST	HOUSTON	TX	77006	101	Y	MB939042	3/28/2016	1/13/2020	10/31/2019	0	0	0	0	0
17606200750	T G F, INC.	5002 GREENBRIAR DR	HOUSTON	TX	77005	101	1	RED RIVER ICEHOUSE	10308 MAIN ST	HOUSTON	TX	77025	101	Y	MB118927	1/1/2000		8/31/2019	19421	292	17347	0	37060
19108474867	RED ROBIN INTERNATIONAL, INC.	10000 E GEDDES AVE STE 500	ENGLEWOOD	CO	80112	0	15	RED ROBIN #510	22455 STATE HIGHWAY 249	HOUSTON	TX	77070	101	Y	MB949443	6/29/2016		12/31/2019	2797	594	4056	0	7447
19108474867	RED ROBIN INTERNATIONAL, INC.	10000 E GEDDES AVE STE 500	ENGLEWOOD	CO	80112	0	12	RED ROBIN #504	7620 KATY FWY STE 465	HOUSTON	TX	77024	101	Y	MB947173	6/10/2016		12/31/2019	7896	1661	9461	0	19018
17521332019	OLIVE GARDEN OF TEXAS, LLC	PO BOX 695011	ORLANDO	FL	32869	0	32	OLIVE GARDEN OF TEXAS #1285	9080 SOUTHWEST FWY	HOUSTON	TX	77074	101	Y	MB225374	12/1/1993		6/30/2019	12395	14494	4085	0	30974
17606905192	VECCHIO CAPRINI, INC.	817 W DALLAS ST	HOUSTON	TX	77019	101	1	TONYS CORNER POCKET	817 W DALLAS ST	HOUSTON	TX	77019	101	Y	MB502556	10/15/2001		2/28/2019	75698	890	21516	0	98104
32063084811	WLC GROUP LLC	3206 PATRICIA LN	PEARLAND	TX	77581	20	1	HIGH & DRY	306 MAIN ST STE 200	HOUSTON	TX	77002	101	Y	MB989611	7/27/2017	7/1/2023	11/30/2019	79621	2432	9582	0	91635
32044329418	OUR HOTELS, LLC	1785 STATE HIGHWAY 26 STE 400	GRAPEVINE	TX	76051	220	17	AC HOTEL BY MARRIOTT HOUSTON	723 MAIN ST	HOUSTON	TX	77002	101	Y	MB1057367	6/17/2019	6/17/2023	10/31/2019	24667	5441	8514	0	38622
17601930666	PAPPAS RESTAURANTS, INC.	13939 NORTHWEST FWY	HOUSTON	TX	77040	101	124	PAPPADEAUX SEAFOOD KITCHEN	12109 WESTHEIMER RD	HOUSTON	TX	77077	101	Y	MB701281	8/19/2008		8/31/2019	53450	15128	7597	0	76175
12054730135	PAC H. GREENWAY INC.	2712 SOUTHWEST FWY	HOUSTON	TX	77098	101	1	HOLIDAY INN SELECT NEAR GREENWAY PLAZA	2712 SOUTHWEST FWY	HOUSTON	TX	77098	101	Y	MB666006	7/19/2007		10/31/2019	9620	3723	6203	0	19546
32054441475	CARMIKE CONCESSIONS II, LLC	11500 ASH ST	LEAWOOD	KS	66211	0	2	AMC YORKTOWN 15	15900 YORKTOWN CROSSING PKWY	HOUSTON	TX	77084	101	Y	MB1000558	11/21/2017	1/21/2020	3/31/2019	2600	303	1442	0	4345
18707124972	HOUSTON COMEDY, L.P.	7620 KATY FWY STE 455	HOUSTON	TX	77024	101	1	IMPROV COMEDY CLUB & RESTAURANT	7620 KATY FWY STE 431	HOUSTON	TX	77024	101	Y	MB549837	1/5/2004		10/31/2019	64061	7382	29264	0	100707
12049373843	GULF FREEWAY VENTURE, LP	PO BOX 151959	AUSTIN	TX	78715	227	1	NINFA'S GULF FREEWAY	8553 GULF FWY	HOUSTON	TX	77017	101	Y	MB639419	8/15/2006		6/30/2019	24060	904	8768	0	33732
32030452018	YUMMY GROUP INC.	2390 W ALABAMA ST	HOUSTON	TX	77098	101	1	AKA SUSHI HOUSE	2390 W ALABAMA ST	HOUSTON	TX	77098	101	Y	MB671947	9/21/2007		6/30/2019	14677	19084	8970	0	42731
32060997502	KULTURE@GRB LLC	3710 TRAVIS ST	HOUSTON	TX	77002	101	1	KULTURE	701 AVENIDA DE LAS AMERICAS # A	HOUSTON	TX	77010	101	Y	MB994393	9/15/2017		2/28/2019	16987	4005	2114	0	23106
32061378942	SUITE 100 EDWARDS, LLC	6134 WIGTON DR	HOUSTON	TX	77096	101	1	POITIN	2313 EDWARDS ST	HOUSTON	TX	77007	101	Y	MB1005432	1/25/2018	5/18/2020	8/31/2019	37698	22588	4859	0	65145
32059009046	EL CABALLO BLANCO RESTAURANT, LLC	6028 S GESSNER RD	HOUSTON	TX	77036	101	1	EL CABALLO BLANCO RESTAURANT	6028 S GESSNER RD	HOUSTON	TX	77036	101	Y	MB990322	8/4/2017		12/31/2019	3173	76	17452	0	20701
17419934009	LEISURE GROUP, INC.	1260 BLALOCK RD STE 210	HOUSTON	TX	77055	101	1	THE ORIGINAL EL GALLO MEX RESTAURANT	2116 GESSNER DR	HOUSTON	TX	77080	101	Y	MB197282	12/1/1993		6/30/2019	7443	158	1641	0	9242
17419968528	UNIVERSITY FOOD SERVICES, INC.	2400 YORKMONT RD ATTN: BECKY ANDERSON/TA	CHARLOTTE	NC	28217	0	50	UFS @ UNIVERSITY OF HOUSTON STUDENT CENTER #42366	4800 CALHOUN RD	HOUSTON	TX	77204	101	Y	MB105400230	1/1/2023		3/31/2019	0	0	0	0	0
32041653190	SHEGER ETHIOPIAN RESTAURANT, INC	5506 BELLAIRE BLVD STE C	HOUSTON	TX	77081	101	1	SHEGER ETHIOPIAN RESTAURANT	5506 BELLAIRE BLVD STE C	HOUSTON	TX	77081	101	Y	MB802983	4/5/2012		10/31/2019	180	115	420	0	715
17521332019	OLIVE GARDEN OF TEXAS, LLC	PO BOX 695011	ORLANDO	FL	32869	0	40	OLIVE GARDEN OF TEXAS #1441	2750 HIGHWAY 6 S	HOUSTON	TX	77082	101	Y	MB244649	3/28/1994		6/30/2019	9037	7506	2232	0	18775
32062485571	AHTRST CONCESSIONS, LLC	5301 HEADQUARTERS DR	PLANO	TX	75024	43	28	HILTON GARDEN INN HOUSTON NORTHWEST	14919 NORTHWEST FWY	HOUSTON	TX	77040	101	N	MB1064158	6/2/2021	6/21/2021	10/31/2019	10338	2578	6495	0	19411
32064427050	CAFE LEMON, LLC	1244 N POST OAK RD STE 100	HOUSTON	TX	77055	101	1	B B LEMON	1809 WASHINGTON AVE	HOUSTON	TX	77007	101	Y	MB989470	11/15/2017		6/30/2019	53518	26725	8247	0	88490
32047038487	MANAKAMANA MAI LLC	9211 WEST RD STE 113	HOUSTON	TX	77064	101	1	FATS SPORTS BAR	9211 WEST RD STE 113	HOUSTON	TX	77064	101	Y	MB796650	3/22/2012		9/30/2019	10402	39	7839	0	18280
32059783582	DOQA LUPE MEXICAN RESTAURANT BAR & GRILL LLC	10118 EDDYSTONE DR	HOUSTON	TX	77043	101	1	DONA LUPE MEXICAN RESTAURANT BAR & GRILL	2030 BINGLE RD	HOUSTON	TX	77055	101	Y	MB989301	7/25/2017	4/1/2021	8/31/2019	0	0	0	0	0
12635494052	Y. H. CHANG, INC.	6345 WESTHEIMER RD	HOUSTON	TX	77057	101	1	EL PACIFICO SEAFOOD RESTAURANT	5800 BELLAIRE BLVD BLDG 2	HOUSTON	TX	77081	101	Y	MB711779	1/6/2009		6/30/2019	43146	741	45254	0	89141
32056468880	REGAL LICENSING, LLC	7132 REGAL LN	KNOXVILLE	TN	37918	0	3	GREENWAY GRAND PALACE 24	3839 WESLAYAN ST	HOUSTON	TX	77027	101	Y	MB925272	10/29/2015		6/30/2019	18957	7539	17923	0	44419
32038998848	TV ENTERTAINMENT, INC.	12373 SCARSDALE BLVD STE B	HOUSTON	TX	77089	101	1	LEGENDS SPORTS BAR & LOUNGE	12373 SCARSDALE BLVD STE B	HOUSTON	TX	77089	101	Y	MB727833	7/29/2009		10/31/2019	19942	192	21069	0	41203
18330329675	BRAVITOS GROUP LLC	890 S MASON RD STE A	KATY	TX	77450	101	3	POLLO BRAVO	5801 MEMORIAL DR STE C	HOUSTON	TX	77007	101	Y	MB982227	5/15/2017		6/30/2019	93	175	342	0	610
16115044220	SECO'S LATIN CUISINE, INC.	2536 NOTTINGHAM ST	HOUSTON	TX	77005	101	1	SECO'S LATIN RESTAURANT	2536 NOTTINGHAM ST	HOUSTON	TX	77005	101	Y	MB706054	10/16/2008		10/31/2019	0	4428	0	0	4428
32020447481	CEDAR CREEK CAFE, LLC	620 E 6TH 1/2 ST	HOUSTON	TX	77007	101	1	CEDAR CREEK CAFE	1034 W 20TH ST	HOUSTON	TX	77008	101	Y	MB680199	1/3/2008		8/31/2019	62452	15427	63213	0	141092
32063708120	GRAPEFRUIT TREE LLC	3210 W DALLAS ST	HOUSTON	TX	77019	101	1	BOUTIQUE NIGHTCLUB	5316 WASHINGTON AVE	HOUSTON	TX	77007	101	Y	MB105785055	9/7/2018	7/31/2022	3/31/2019	0	0	0	0	0
17604411748	WEST GRAY BARS LTD., INC.	614 W GRAY ST	HOUSTON	TX	77019	101	1	PJ'S SPORTS BAR	614 W GRAY ST	HOUSTON	TX	77019	101	Y	MB249803	11/10/1994		10/31/2019	11885	260	10306	0	22451
32047707347	SYNERGY RESTAURANT MANAGEMENT - HOUSTON, L.L.C.	13355 NOEL RD STE 1645	DALLAS	TX	75240	57	20	APPLEBEE'S #8021 (WALLISVILLE)	5911 E SAM HOUSTON PKWY N	HOUSTON	TX	77049	101	Y	MB824623	11/14/2012		8/31/2019	34431	501	18064	0	52996
17605167117	P.F.C.C.B. TEXAS, INC.	7676 E PINNACLE PEAK RD	SCOTTSDALE	AZ	85255	0	6	P F CHANG'S CHINA BISTRO	11685 WESTHEIMER RD	HOUSTON	TX	77077	101	Y	MB529125	2/5/2003		2/28/2019	16416	11286	3722	0	31424
32061796804	GR8 PLATE WASHINGTON LLC	5106 SPRUCE ST	BELLAIRE	TX	77401	101	1	PASSERELLA	6011 WASHINGTON AVE	HOUSTON	TX	77007	101	Y	MB105299897	6/30/2017		8/31/2019	17452	29744	3983	0	51179
17606505034	UNCLES ACQUISITION CORP.	PO BOX 22225	HOUSTON	TX	77227	101	2	LOS TIOS MEXICAN RESTAURANT	4840 BEECHNUT ST	HOUSTON	TX	77096	101	Y	MB480738	10/1/2000		10/31/2019	19577	1167	3339	0	24083
17427823848	SALC, INC.	755 CROSSOVER LN	MEMPHIS	TN	38117	0	4	SALC, INC.	2001 POST OAK BLVD	HOUSTON	TX	77056	101	Y	MB424612	1/22/1998		2/28/2019	33306	20693	14075	2438	70512
32058075816	EDDIE V'S HOLDINGS, LLC	PO BOX 695011	ORLANDO	FL	32869	0	7	EDDIE V'S PRIME SEAFOOD	2800 KIRBY DR STE A100	HOUSTON	TX	77098	101	Y	MB796664	2/1/2016		8/31/2019	62243	70386	2712	0	135341
17419968528	UNIVERSITY FOOD SERVICES, INC.	2400 YORKMONT RD ATTN: BECKY ANDERSON/TA	CHARLOTTE	NC	28217	0	49	UFS @ U OF H STUDENT CENTER & TACA CABANA #42366	3874 HOLMAN ST STE D	HOUSTON	TX	77004	101	Y	MB994418	9/15/2017	12/31/2022	10/31/2019	0	0	0	0	0
32061519792	HOPDODDY HOUSTON VINTAGE PARK, LLC	512 E RIVERSIDE DR STE 150	AUSTIN	TX	78704	227	1	HOPDODDY BURGER BAR	142 VINTAGE PARK BLVD STE A	HOUSTON	TX	77070	101	Y	MB973130	2/16/2017		6/30/2019	15490	1243	17608	0	34341
17601930666	PAPPAS RESTAURANTS, INC.	13939 NORTHWEST FWY	HOUSTON	TX	77040	101	4	PAPPADEAUX SEAFOOD KITCHEN	6015 WESTHEIMER RD	HOUSTON	TX	77057	101	Y	MB153113	12/1/1993		6/30/2019	61985	14607	9035	0	85627
32051698812	ACTIVE PARK, LLC	500 DURHAM DR	HOUSTON	TX	77007	101	1	PROSPECT PARK	3100 FOUNTAIN VIEW DR	HOUSTON	TX	77057	101	Y	MB862515	1/29/2014		12/31/2019	363794	6605	23848	0	394247
32057635016	JPN MART USA INC.	3848 W CARSON ST STE 330	TORRANCE	CA	90503	0	1	RAMEN BAR ICHI	1801 S DAIRY ASHFORD RD STE 108	HOUSTON	TX	77077	101	Y	MB977503	3/29/2017		2/28/2019	1401	52	1914	0	3367
32011569970	MARIA GUADALUPE GONZALEZ	813 RICHMOND AVE	HOUSTON	TX	77006	101	1	CHAPULTEPEC LUPITA MEXICAN RESTAURANT	813 RICHMOND AVE	HOUSTON	TX	77006	101	Y	MB549556	1/22/2004		6/30/2019	8128	70	1602	0	9800
17604508584	DHR, INC.	11927 EAST FWY	HOUSTON	TX	77029	101	1	DIVA'S BIKINI SPORTS BAR & GRILL	11927 EAST FWY	HOUSTON	TX	77029	101	Y	MB251925	5/4/1995		6/30/2019	26807	150	31502	0	58459
32033248629	SUCCESS FOODS MANAGEMENT GROUP, LLC	4501 SPRINGDALE RD ATTN: DANNY RUSSO	AUSTIN	TX	78723	227	54	TORCHY'S TACOS	2675 WILCREST DR	HOUSTON	TX	77042	101	Y	MB968460	1/9/2017		8/31/2019	16087	1456	6658	0	24201
12713378326	M & JW, LLC	6007 WARM SPRINGS RD	HOUSTON	TX	77035	101	1	STATS SPORTS BAR & GRILL	10850 LOUETTA RD STE 1700	HOUSTON	TX	77070	101	Y	MB742667	2/24/2010		2/28/2019	38327	1165	38974	0	78466
17604804702	MORTON'S OF CHICAGO/HOUSTON, INC.	325 N LA SALLE DR STE 500 ATTN: MARIA CA	CHICAGO	IL	60654	0	1	MORTON'S OF CHICAGO/HOUSTON	5000 WESTHEIMER RD STE 190	HOUSTON	TX	77056	101	Y	MB262135	8/15/2011		2/28/2019	33438	46953	3114	0	83505
32031953949	ARENA CONCESSIONS, INC.	1818 RODEO DR	MESQUITE	TX	75149	57	1	ARENA THEATRE	7326 SOUTHWEST FWY	HOUSTON	TX	77074	101	Y	MB672939	10/3/2007		1/31/2019	25458	1594	14149	0	41201
32050845976	GOLDEN QUADRILATERAL, LLC	1750 HAROLD ST	HOUSTON	TX	77098	101	1	LITTLE DIPPER LOUNGE	304 MAIN ST	HOUSTON	TX	77002	101	Y	MB853201	10/1/2013		2/28/2019	20381	570	4938	0	25889
32069462276	CREED RESTAURANT AND BAR LLC	12419 BRIAR FOREST DR	HOUSTON	TX	77077	101	1	CREED RESTAURANT AND BAR	12126 WESTHEIMER RD STE 98	HOUSTON	TX	77077	101	Y	MB1051738	4/22/2019	3/19/2020	4/30/2019	1686	9177	997	0	11860
17603381181	5919 WESTHEIMER PARTNERS, LTD.	9601 KATY FWY STE 210	HOUSTON	TX	77024	101	3	TRULUCK'S STEAK & STONE CRAB	5350 WESTHEIMER RD	HOUSTON	TX	77056	101	Y	MB226565	3/1/2015		6/30/2019	66078	101368	6164	0	173610
17601930666	PAPPAS RESTAURANTS, INC.	13939 NORTHWEST FWY	HOUSTON	TX	77040	101	45	PAPPAS SEAFOOD HOUSE & OYSTER BAR#6	6945 GULF FWY	HOUSTON	TX	77087	101	Y	MB491746	4/18/2001		6/30/2019	18549	5250	6611	0	30410
32058873392	INSTANT KARMA LLC	811 BUFFALO PARK DR APT 1001	HOUSTON	TX	77019	101	1	CLUTCH BAR & RESTAURANT	5334 WASHINGTON AVE	HOUSTON	TX	77007	101	Y	MB104877815	8/17/2016		10/31/2019	202909	8177	73249	0	284335
12317173321	ARAMARK EDUCATIONAL SERVICES OF TEXAS, LLC	PO BOX 7548	PHILADELPHIA	PA	19101	0	91	ARAMARK EDUCATIONAL SERVICES OF TEXAS LLC	4800 CALHOUN UNIVERSITY, STUDENT CENTER BUILDING	HOUSTON	TX	77004	101	Y	MB604801	8/17/2005		10/31/2019	0	0	0	0	0
17521332019	OLIVE GARDEN OF TEXAS, LLC	PO BOX 695011	ORLANDO	FL	32869	0	22	OLIVE GARDEN OF TEXAS #1166	7525 CYPRESS CREEK PKWY	HOUSTON	TX	77070	101	Y	MB208284	12/1/1993		8/31/2019	15025	12223	3520	0	30768
17606214017	510 BAR #2, INC.	7410 FAIRBANKS N HOUSTON RD STE G	HOUSTON	TX	77040	101	1	510 BAR #2	7410 FAIRBANKS N HOUSTON RD STE G	HOUSTON	TX	77040	101	N	MB465487	2/13/2000		2/28/2019	13566	240	11581	0	25387
14812595115	NATIONAL PIZZA RESTAURANTS, INC.	13939 NORTHWEST FWY	HOUSTON	TX	77040	101	10	RUBY'S DINER	3870 NORTH TERMINAL RD SPACE 44-INSPECT SVC'S BLDG	HOUSTON	TX	77032	101	Y	MB625015	4/13/2006	7/18/2023	8/31/2019	30478	3548	33373	0	67399
17606857666	DONERAKI GULFGATE, INC.	300 GULFGATE MALL	HOUSTON	TX	77087	101	1	DONERAKI RESTAURANTE MEXICANO	300 GULFGATE MALL	HOUSTON	TX	77087	101	Y	MB535172	5/14/2003		2/28/2019	49929	509	20253	0	70691
12039965988	CREATE WORLDS YANEZ, INC.	2807 BROADWAY ST	HOUSTON	TX	77017	101	1	OSTIONERIA VILLA DEL SOL	2807 BROADWAY ST	HOUSTON	TX	77017	101	Y	MB629435	5/31/2006		2/28/2019	2080	0	9137	0	11217
32051678442	MHH BEVERAGE COMPANY, LLC	5000 MERIDIAN BLVD STE 750	FRANKLIN	TN	37067	0	1	COURTYARD HOUSTON BROOKHOLLOW	2504 NORTH LOOP W	HOUSTON	TX	77092	101	Y	MB857749	11/20/2013	4/29/2021	2/28/2019	1854	1645	1057	0	4556
32057743836	ELEVATE HUMANITY, INC.	1030 HEIGHTS BLVD	HOUSTON	TX	77008	101	1	EQ HEIGHTS	1030 HEIGHTS BLVD	HOUSTON	TX	77008	101	Y	NB928349	12/2/2015		8/31/2019	0	1241	901	0	2142
32053389501	BOIL HOUSE CRAWFISH L.L.C.	606 E 11TH ST	HOUSTON	TX	77008	101	1	BOIL HOUSE CRAWFISH	606 E 11TH ST	HOUSTON	TX	77008	101	Y	MB100710	2/8/2018		8/31/2019	0	0	0	0	0
12614968340	DOUBLE G ENTERTAINMENT GROUP, L.L.C.	8309 BURKHART CT	HOUSTON	TX	77055	101	1	PORCH SWING PUB	69 HEIGHTS BLVD	HOUSTON	TX	77007	101	Y	MB684692	2/21/2008		2/28/2019	23680	919	26571	0	51170
17417066358	HRC-RC, INC.	10709 MEMORIAL DR	HOUSTON	TX	77024	101	1	HOUSTON RACQUET CLUB	10709 MEMORIAL DR	HOUSTON	TX	77024	101	Y	MB066254	9/1/2011		6/30/2019	67940	91227	10924	0	170091
32057289681	TOSTADA REGIA WESTHEIMER, LLC	12315 WESTHEIMER RD STE C	HOUSTON	TX	77077	101	1	TOSTADA REGIA	12315 WESTHEIMER RD STE C	HOUSTON	TX	77077	101	Y	MB962248	10/25/2016		2/28/2019	0	0	5743	0	5743
32056622833	1600 WEST LOOP SOUTH, LLC	1510 WEST LOOP S	HOUSTON	TX	77027	101	1	THE POST OAK/MASTRO'S/WILLIE G'S	1600 WEST LOOP S	HOUSTON	TX	77027	101	Y	MB990891	8/9/2017		8/31/2019	554281	591792	39467	0	1185540
32057317813	HOST H8 IAH FB I, LLC	6905 ROCKLEDGE DR	BETHESDA	MD	20817	0	15	HOST H8 IAH FB I, LLC (UMAIZUSHI)	3500 N TERMINAL RD SPC TCSF4	HOUSTON	TX	77032	101	Y	MB931377	1/8/2016		2/28/2019	0	0	0	0	0
32054752798	YARD HOUSE USA, INC.	1000 DARDEN CENTER DR ATTN: TAX DEPT	ORLANDO	FL	32837	0	7	YARD HOUSE #8325	800 SORELLA CT SPC 116	HOUSTON	TX	77024	101	Y	MB734341	9/11/2017		2/28/2019	119003	33661	152539	0	305203
12317173321	ARAMARK EDUCATIONAL SERVICES OF TEXAS, LLC	PO BOX 7548	PHILADELPHIA	PA	19101	0	66	ARAMARK EDUCATIONAL SERVICES OF TEXAS INC	4800 CALHOUN CONRAD IN HILTON COLLEGE	HOUSTON	TX	77004	101	Y	MB604805	8/17/2005		6/30/2019	0	0	0	0	0
32045342972	303 COG INC	3306 MIDWAY PASS CT	SPRING	TX	77373	101	1	ARB'S BAR	2315 GREENS RD	HOUSTON	TX	77032	101	Y	MB908564	5/21/2015	6/21/2019	5/31/2019	7886	120	8137	0	16143
14505495557	RA SUSHI CITY CENTER CORP.	21500 BISCAYNE BLVD STE 900	MIAMI	FL	33180	0	2	RA SUSHI	12860 QUEENSBURY LN	HOUSTON	TX	77024	101	Y	MB724175	6/15/2009		2/28/2019	51894	15581	18598	0	86073
19313205130	MCCORMICK & SCHMICK ACQUISITION III TEXAS, INC.	1510 WEST LOOP S	HOUSTON	TX	77027	101	1	MCCORMICK & SCHMICK RESTAURANT	1151 UPTOWN PARK BLVD	HOUSTON	TX	77056	101	Y	MB497935	8/29/2001		2/28/2019	37557	34755	6856	0	79168
17410948149	THE BRIAR CLUB	2603 TIMMONS LN	HOUSTON	TX	77027	101	2	THE BRIAR CLUB	2603 TIMMONS LN	HOUSTON	TX	77027	101	Y	N 154917	9/12/2004		8/31/2019	30704	47127	14502	0	92333
32048633245	GSM WINGS IV, LLC	12660 S KIRKWOOD RD	STAFFORD	TX	77477	79	5	BREWINGZ	13816 NORTHWEST FWY	HOUSTON	TX	77040	101	Y	MB842550	6/6/2013		8/31/2019	12173	457	15825	0	28455
32064884607	BARTENDING2U, LLC	4560 W 34TH ST STE A	HOUSTON	TX	77092	101	1	BARTENDING2U, LLC	11106 BAMMEL NORTH HOUSTON RD STE B	HOUSTON	TX	77066	101	N	MB105559592	2/1/2018	12/31/2022	7/31/2019	1986	384	1340	0	3710
12013491738	WEST TAPATIA, INC.	1749 RICHMOND AVE	HOUSTON	TX	77098	101	2	LA TAPATIA MEXICAN CAFE	5710 BELLAIRE BLVD	HOUSTON	TX	77081	101	Y	MB564507	7/26/2012		2/28/2019	16313	861	7996	0	25170
32043750044	CATERING PLUS INC	5010 DINCANS ST	HOUSTON	TX	77005	101	2	BACCO ON THE BAYOU	4005 N BRAESWOOD BLVD	HOUSTON	TX	77025	101	Y	MB1002128	12/15/2017	8/20/2020	7/31/2019	4500	10025	1256	0	15781
17601930666	PAPPAS RESTAURANTS, INC.	13939 NORTHWEST FWY	HOUSTON	TX	77040	101	8	PAPPASITO'S CANTINA	6445 RICHMOND AVE	HOUSTON	TX	77057	101	Y	MB155132	12/1/1993		6/30/2019	94680	2833	11482	0	108995
17601960713	FINDAL, INC.	15945 KUYKENDAHL RD	HOUSTON	TX	77068	101	1	MOLLY MAGUIRE'S	15945 KUYKENDAHL RD	HOUSTON	TX	77068	101	N	MB186261	11/30/1993		2/28/2019	12482	140	10381	0	23003
17602709754	WACHCO, INC.	2407 WESTHEIMER RD	HOUSTON	TX	77098	101	1	SHANGHAI RIVER RESTAURANT	2407 WESTHEIMER RD	HOUSTON	TX	77098	101	Y	MB207434	12/1/1993		6/30/2019	1374	2913	509	0	4796
32047495299	LEFT FIELD VENTURE, LLC	5859 FARWELL DR	HOUSTON	TX	77035	101	1	EMMITS PLACE	4852 BENNING DR	HOUSTON	TX	77035	101	Y	MB808975	6/1/2012		6/30/2019	5565	206	4085	0	9856
12029842627	LOS CUCOS MEXICAN CAFE XVII, INC	876 LOOP 337 STE 501	NEW BRAUNFELS	TX	78130	46	1	LA MARISQUERA OSTIONERIA IV	5851 WESTHEIMER RD STE A	HOUSTON	TX	77057	101	Y	MB615712	12/12/2005		8/31/2019	29602	1144	23389	0	54135
17605812878	HOUSTON CHINA GARDEN II, INC.	1602 LEELAND ST	HOUSTON	TX	77003	101	1	CHINA GARDEN	1602 LEELAND ST	HOUSTON	TX	77003	101	Y	MB113378	9/1/1998	10/8/2020	7/31/2019	2343	1528	1376	0	5247
32033684179	JOSE FREDI MEJIA	8526 ALCOTT DR	HOUSTON	TX	77080	101	1	MI CASA DE SABOR BAR & GRILL	8232 LONG POINT RD	HOUSTON	TX	77055	101	Y	MB676158	11/7/2007	7/18/2023	6/30/2019	367	0	1795	0	2162
32050266843	2626 WHITE OAK LLC	2626 WHITE OAK DR	HOUSTON	TX	77009	101	1	THE READY ROOM	2626 WHITE OAK DR	HOUSTON	TX	77009	101	Y	MB966157	12/7/2016		8/31/2019	35235	3400	1964	0	40599
17602734604	2356 RICE, INC.	PO BOX 440713	HOUSTON	TX	77244	101	1	HUNGRY'S CAFE & BISTRO	2356 RICE BLVD	HOUSTON	TX	77005	101	Y	MB670584	9/5/2007		6/30/2019	72489	52026	15584	0	140099
14812595115	NATIONAL PIZZA RESTAURANTS, INC.	13939 NORTHWEST FWY	HOUSTON	TX	77040	101	10	RUBY'S DINER	3870 NORTH TERMINAL RD SPACE 44-INSPECT SVC'S BLDG	HOUSTON	TX	77032	101	Y	MB625015	4/13/2006	7/18/2023	2/28/2019	27805	3067	32049	0	62921
32050106163	THE INTERNATIONAL FUNPLEX OFFICE SPORTS BAR AND GR	13700 BEECHNUT ST	HOUSTON	TX	77083	101	2	FUNPLEX	13700 BEECHNUT ST	HOUSTON	TX	77083	101	N	MB813766	4/1/2018		8/31/2019	11950	44	4687	0	16681
32043925992	1011 MCGOWEN GROUP, LTD.	1505 ISABELLA ST	HOUSTON	TX	77004	101	1	MVSC-MONGOOSE VERSUS COBRA	1011 MCGOWEN ST	HOUSTON	TX	77002	101	Y	MB788866	10/28/2011	10/9/2020	4/30/2019	25262	920	11512	0	37694
17604834261	TAQUERIA ARANDAS NO. 12 INC.	10403 GULF FWY STE A	HOUSTON	TX	77034	101	2	TAQUERIA ARANDAS #12	10403 GULF FWY STE A	HOUSTON	TX	77034	101	Y	MB716786	3/11/2009		6/30/2019	4403	0	6471	0	10874
17604854111	SALTGRASS, INC.	1510 WEST LOOP S ATTN: TAX DEPT	HOUSTON	TX	77027	101	21	SALTGRASS STEAKHOUSE	14909 NORTH FWY	HOUSTON	TX	77090	101	Y	MB533039	4/3/2003		8/31/2019	25904	7322	9304	0	42530
17603537758	LUNA'S MEXICAN RESTAURANT OF TEXAS CITY, INC.	PO BOX 8085	BAYTOWN	TX	77522	101	3	LUNA'S MEXICAN RESTAURANT	263 GREENSPOINT MALL	HOUSTON	TX	77060	101	Y	MB649174	1/19/2007		2/28/2019	0	0	0	0	0
17521936322	300, INC.	7313 BELL CREEK RD	MECHANICSVLLE	VA	23111	0	20	AMF CLEAR LAKE BOWL	16743 DIANA LN	HOUSTON	TX	77062	101	Y	MB078384	6/1/2000		6/30/2019	0	0	0	0	0
32048633237	GSM WINGS V, LLC	12660 S KIRKWOOD RD	STAFFORD	TX	77477	79	7	BREWINGZ	8150 SOUTHWEST FWY STE I	HOUSTON	TX	77074	101	Y	MB842601	6/6/2013		6/30/2019	4341	17	6340	0	10698
32056318788	SHOHAG CORPORATION	125 E EDGEBROOK DR STE B	HOUSTON	TX	77034	101	1	JOE'S PLACE	125 E EDGEBROOK DR STE B	HOUSTON	TX	77034	101	Y	MB918082	8/20/2015	10/14/2020	2/28/2019	3132	6685	0	0	9817
17524461674	OUTBACK BEVERAGES OF TEXAS, LLC	2202 N WEST SHORE BLVD STE 500	TAMPA	FL	33607	0	30	OUTBACK STEAKHOUSE	8731 WEST LOOP S	HOUSTON	TX	77096	101	Y	MB422649	1/1/2008	4/1/2024	5/31/2019	0	0	0	0	0
32060993147	VERANDA NATION, INC.	1001 TEXAS ST STE 940	HOUSTON	TX	77002	101	1	THE ADDRESS	3333 RALEIGH ST	HOUSTON	TX	77021	101	Y	MB971363	2/2/2017		10/31/2019	348047	1653	15781	0	365481
17514764004	THE DOWNTOWN CLUB, INC.	3030 LYNDON B JOHNSON FWY	DALLAS	TX	75234	57	2	THE HOUSTON CLUB	910 LOUISIANA ST FL 49	HOUSTON	TX	77002	101	Y	MB248084	5/1/2002		2/28/2019	12190	4449	26295	0	42934
32014760808	THE ORIGINAL PYRAMID, INC.	16714 ALIANA LAKES CT	RICHMOND	TX	77407	79	2	THE ORIGINAL RED ROOSTER	13334 ALMEDA RD	HOUSTON	TX	77045	101	Y	MB528117	5/10/2016	6/1/2022	3/31/2019	68707	1998	9435	0	80140
17604416507	J.B. & J.S. ENTERPRISES INCORPORATED	7610 CHERRY PARK DR STE B	HOUSTON	TX	77095	101	1	PENNISON'S SPORTS PUB TOO	7610 CHERRY PARK DR STE B	HOUSTON	TX	77095	101	Y	MB248254	8/24/1994		2/28/2019	45864	482	31678	0	78024
32063147303	DMHT, LLC	2815 S SHEPHERD DR	HOUSTON	TX	77098	101	1	DMHT	2815 S SHEPHERD DR	HOUSTON	TX	77098	101	Y	MB987852	7/11/2017		2/28/2019	45250	107091	1806	0	154147
17419968528	UNIVERSITY FOOD SERVICES, INC.	2400 YORKMONT RD ATTN: BECKY ANDERSON/TA	CHARLOTTE	NC	28217	0	49	UFS @ U OF H STUDENT CENTER & TACA CABANA #42366	3874 HOLMAN ST STE D	HOUSTON	TX	77004	101	Y	MB994418	9/15/2017	12/31/2022	11/30/2019	0	0	0	0	0
32057852934	MASON'S LOUNGE, LLC	1001 TEXAS ST STE 100	HOUSTON	TX	77002	101	1	TEXAS LONE STAR TACO	1001 TEXAS ST STE 100	HOUSTON	TX	77002	101	Y	MB939833	4/4/2016		8/31/2019	3619	105	2032	0	5756
15508413372	T & P INTERESTS, INC.	1704 HIGHWAY 6 S	HOUSTON	TX	77077	101	1	PAUL'S SEAFOOD & OYSTER BAR	1704 HIGHWAY 6 S	HOUSTON	TX	77077	101	Y	MB544356	10/7/2003		10/31/2019	5219	115	3623	0	8957
32052631416	LOS PEREZ MEXICAN RESTAURANT INC	12822 WILLOW CENTRE DR STE A	HOUSTON	TX	77066	101	1	LOS PEREZ MEXICAN RESTAURANT	9439 HIGHWAY 6 S	HOUSTON	TX	77083	79	Y	MB459231	1/3/2014		2/28/2019	11591	252	3066	0	14909
17603046826	MCGONIGEL'S MUCKY DUCK, INC.	2425 NORFOLK ST	HOUSTON	TX	77098	101	1	MCGONIGEL'S MUCKY DUCK	2425 NORFOLK ST	HOUSTON	TX	77098	101	Y	MB969373	1/18/2017		10/31/2019	17584	11656	13633	0	42873
32048012549	EL TIEMPO ELMDALE, LLC	602 SAWYER ST STE 110	HOUSTON	TX	77007	101	1	EL TIEMPO CANTINA NAVIGATION	2814 NAVIGATION BLVD	HOUSTON	TX	77003	101	Y	MB832403	2/21/2013		10/31/2019	136297	6594	14086	0	156977
32059462799	HZMC BEVERAGE COMPANY, LLC	1225 NORTH LOOP W STE 640	HOUSTON	TX	77008	101	1	HOTEL ZAZA MEMORIAL CITY	9787 KATY FWY	HOUSTON	TX	77024	101	Y	MB991950	8/18/2017		2/28/2019	70682	71985	19170	3979	165816
32056502837	JESUS VILLALPANDO	10020 JENSEN DR	HOUSTON	TX	77093	101	1	MAXIS SEAFOOD & OYSTER BAR	12106 EASTEX FWY	HOUSTON	TX	77039	101	N	MB909047	5/27/2015		6/30/2019	3579	79	9225	0	12883
17602729208	LANDRY'S SEAFOOD INN & OYSTER BAR - SUGAR CREEK, L	1510 WEST LOOP S	HOUSTON	TX	77027	101	3	CADILLAC BAR	1802 SHEPHERD DR	HOUSTON	TX	77007	101	Y	MB426942	2/20/1998		6/30/2019	56471	6915	17513	0	80899
17419968528	UNIVERSITY FOOD SERVICES, INC.	2400 YORKMONT RD ATTN: BECKY ANDERSON/TA	CHARLOTTE	NC	28217	0	49	UFS @ U OF H STUDENT CENTER & TACA CABANA #42366	3874 HOLMAN ST STE D	HOUSTON	TX	77004	101	Y	MB994418	9/15/2017	12/31/2022	4/30/2019	0	0	0	0	0
13837833477	TEPATITLAN INC.	4720 N MAIN ST	HOUSTON	TX	77009	101	1	TEPATITLAN INC	4720 N MAIN ST	HOUSTON	TX	77009	101	Y	MB745749	4/8/2010		2/28/2019	5123	0	4354	0	9477
17602388153	BLALOCK PROPERTIES, INC.	2520 AMHERST ST	HOUSTON	TX	77005	101	1	PREGO	2520 AMHERST ST	HOUSTON	TX	77005	101	Y	MB198523	12/1/1993	6/4/2024	10/31/2019	8151	34100	950	0	43201
12049373843	GULF FREEWAY VENTURE, LP	PO BOX 151959	AUSTIN	TX	78715	227	1	NINFA'S GULF FREEWAY	8553 GULF FWY	HOUSTON	TX	77017	101	Y	MB639419	8/15/2006		2/28/2019	26219	1016	8781	0	36016
17604949556	DEL PUEBLO RESTAURANT GROUP, INC.	13235 JONES RD	HOUSTON	TX	77070	101	4	DEL PUEBLO MEXICAN RESTAURANT	13235 JONES RD	HOUSTON	TX	77070	101	Y	MB264490	12/1/2001		6/30/2019	50040	779	8116	0	58935
32058966147	BOSSCAT KITCHEN & LIBATIONS - HOUSTON, LLC	4310 WESTHEIMER RD STE 150	HOUSTON	TX	77027	101	1	BOSSCAT KITCHEN & LIBATIONS	4310 WESTHEIMER RD STE 150	HOUSTON	TX	77027	101	Y	MB961505	10/19/2016		2/28/2019	90449	38126	22362	0	150937
17604036446	1200, INC.	5913 WESTHEIMER RD	HOUSTON	TX	77057	101	1	SLICK WILLIE'S FAMILY POOL HALL	1200 WESTHEIMER RD	HOUSTON	TX	77006	101	Y	MB238779	12/1/1993		2/28/2019	24004	175	16391	0	40570
32067934474	AMALA ZONE LLC	14815 WESTHEIMER RD	HOUSTON	TX	77082	101	2	AMALAZONE GRILL BAR	14815 WESTHEIMER RD	HOUSTON	TX	77082	101	Y	MB1059072	6/27/2019	6/27/2023	6/30/2019	0	0	0	0	0
17420599098	RAY HAY'S, INC.	4302 RICHMOND AVE	HOUSTON	TX	77027	101	1	RAGIN CAJUN	4302 RICHMOND AVE	HOUSTON	TX	77027	101	Y	MB481754	10/19/2000		10/31/2019	15102	4487	10849	0	30438
17602483475	LANDRY'S SEAFOOD INN & OYSTER BAR - GALVESTON, INC	1510 WEST LOOP S	HOUSTON	TX	77027	101	2	GROTTO RISTORANTE	4715 WESTHEIMER RD	HOUSTON	TX	77027	101	Y	MB552812	2/25/2004		6/30/2019	24338	60674	5370	0	90382
17419934009	LEISURE GROUP, INC.	1260 BLALOCK RD STE 210	HOUSTON	TX	77055	101	2	THE ORIGINAL EL GALLO MEX RESTAURANT II	12527 JONES RD	HOUSTON	TX	77070	101	Y	MB196017	12/1/1993		8/31/2019	6039	54	1865	0	7958
32059274046	IRISH CBMT, LP	2450 LOUISIANA ST STE 400-262	HOUSTON	TX	77006	101	1	IRISH COWBOY	2300 LOUISIANA ST	HOUSTON	TX	77006	101	Y	MB939042	3/28/2016	1/13/2020	7/31/2019	0	0	0	0	0
32043582439	SYBARITE PUBS LLC	2802 WHITE OAK DR STE 100	HOUSTON	TX	77007	101	1	PUBLIC HOUSE HEIGHTS	2802 WHITE OAK DR	HOUSTON	TX	77007	101	Y	MB784867	9/13/2011		8/31/2019	37006	1433	9593	0	48032
32033684179	JOSE FREDI MEJIA	8526 ALCOTT DR	HOUSTON	TX	77080	101	1	MI CASA DE SABOR BAR & GRILL	8232 LONG POINT RD	HOUSTON	TX	77055	101	Y	MB676158	11/7/2007	7/18/2023	12/31/2019	389	0	1448	0	1837
19548959402	EL RANCHO MEXICAN RESTAURANT, INC.	17754 KATY FWY STE B	HOUSTON	TX	77094	101	2	EL RANCHO MEXICAN RESTAURANT	17754 KATY FWY STE B	HOUSTON	TX	77094	101	Y	MB517828	4/5/2011		2/28/2019	8790	797	3084	0	12671
32065189212	7620 KATY FREEWAY, LLC	13939 NORTHWEST FWY	HOUSTON	TX	77040	101	1	7620 KATY FREEWAY	7620 KATY FWY STE 360	HOUSTON	TX	77024	101	Y	MB200066332	7/20/2018		1/31/2019	0	0	0	0	0
17605638406	NICK'S PLACE, INC.	2713 ROCKYRIDGE DR	HOUSTON	TX	77063	101	1	NICK'S PLACE	2713 ROCKYRIDGE DR	HOUSTON	TX	77063	101	Y	MB258280	6/1/2002		2/28/2019	40117	5253	26106	0	71476
32021410793	RAMORA INVESTMENTS, LLC	11811 NORTH FWY STE 105	HOUSTON	TX	77060	101	2	OSTIONERIA MICHOACAN #3	1006 FEDERAL RD STE A	HOUSTON	TX	77015	101	Y	MB669439	7/26/2010		8/31/2019	12233	66	41313	0	53612
32058075816	EDDIE V'S HOLDINGS, LLC	PO BOX 695011	ORLANDO	FL	32869	0	7	EDDIE V'S PRIME SEAFOOD	2800 KIRBY DR STE A100	HOUSTON	TX	77098	101	Y	MB796664	2/1/2016		6/30/2019	61617	82057	2711	0	146385
12605853402	SDG DOWNTOWN BEVERAGE, LLC	5858 WESTHEIMER RD STE 101	HOUSTON	TX	77057	101	2	THE GROVE	1611 LAMAR ST	HOUSTON	TX	77010	101	Y	MB677397	3/1/2008		2/28/2019	76303	108872	21444	0	206619
32040293204	HEADLINERS GROUP LLC	9804 JONES RD STE F	HOUSTON	TX	77065	101	1	HEADLINERS SPORTS BAR	9804 JONES RD STE F	HOUSTON	TX	77065	101	N	MB737572	11/25/2009		8/31/2019	32992	722	21917	0	55631
32008206719	MICHAEL W ASHLEY	3409 CAVALCADE ST	HOUSTON	TX	77026	101	3	MR A'S CLUB	3409 CAVALCADE ST	HOUSTON	TX	77026	101	Y	MB226411	12/1/1993		10/31/2019	5121	682	1722	0	7525
32061550748	705 EAST 11TH ST LP	705 E 11TH ST	HOUSTON	TX	77008	101	1	FIELD AND TIDES RESTAURANT BAR	705 E 11TH ST	HOUSTON	TX	77008	101	Y	MB969835	1/23/2017		8/31/2019	23016	25749	2996	0	51761
17603305800	PARADOX INTERNATIONAL, INC.	1010 BANKS ST	HOUSTON	TX	77006	101	1	GRAND PRIZE	1010 BANKS ST	HOUSTON	TX	77006	101	Y	MB221474	12/1/1993		10/31/2019	59671	733	27332	0	87736
32041778039	THE TOASTED YOLK CAFE, LLC	20008 CHAMPION FOREST DR STE 301	SPRING	TX	77379	101	2	THE TOASTED YOLK CAFE	15135 NORTH FWY STE 600	HOUSTON	TX	77090	101	Y	MB1044317	2/6/2019		2/28/2019	1913	6288	236	0	8437
17602639696	BAMCO PROPERTIES, INC.	11163 HUFFMEISTER RD	HOUSTON	TX	77065	101	1	EL CHARRO MEXICAN RESTAURANT CAFE & CANTINA	11163 HUFFMEISTER RD	HOUSTON	TX	77065	101	N	MB244647	4/5/1994		8/31/2019	9914	146	2869	0	12929
17603305800	PARADOX INTERNATIONAL, INC.	1010 BANKS ST	HOUSTON	TX	77006	101	1	GRAND PRIZE	1010 BANKS ST	HOUSTON	TX	77006	101	Y	MB221474	12/1/1993		2/28/2019	53788	851	24379	0	79018
32055975331	BITTER M.F.K., LLC	1606 CLEAR LAKE CITY BLVD	HOUSTON	TX	77062	101	1	ROSEWATER	1606 CLEAR LAKE CITY BLVD	HOUSTON	TX	77062	101	Y	MB926353	11/9/2015		8/31/2019	51172	1513	1793	0	54478
12027334452	SPIRITED DEVELOPMENT INC.	2241 INWOOD DR	HOUSTON	TX	77019	101	1	THIRD COAST	6550 BERTNER ST FL 6	HOUSTON	TX	77030	101	Y	MB606090	7/1/2005	12/18/2020	10/31/2019	10843	35372	4397	0	50612
17413856133	TROPICANA, INC.	15615 GLEN CHASE DR	HOUSTON	TX	77095	101	6	COPPERFIELD BOWL	15615 GLEN CHASE DR	HOUSTON	TX	77095	101	Y	MB067702	12/1/1993		2/28/2019	11926	490	22069	0	34485
32009855514	SCHELENDA GAIL MICKEY	6714 STEARNS ST	HOUSTON	TX	77021	101	1	CLUB REMY	6556 PEERLESS ST	HOUSTON	TX	77021	101	Y	MB728927	8/12/2009		2/28/2019	8701	410	606	0	9717
32033248629	SUCCESS FOODS MANAGEMENT GROUP, LLC	4501 SPRINGDALE RD ATTN: DANNY RUSSO	AUSTIN	TX	78723	227	54	TORCHY'S TACOS	2675 WILCREST DR	HOUSTON	TX	77042	101	Y	MB968460	1/9/2017		4/30/2019	18158	1782	7577	0	27517
32056024089	THE SECRET GROUP LLC	2101 POLK ST STE A	HOUSTON	TX	77003	101	1	THE SECRET GROUP	2101 POLK ST STE A	HOUSTON	TX	77003	101	Y	MB920851	9/17/2015		2/28/2019	37249	530	18629	0	56408
32053196377	SONGKRAN HOSPITALITY, LP	11 GREENWAY PLZ STE 1400	HOUSTON	TX	77046	101	1	SONGKRAN	1101 UPTOWN PARK BLVD STE 8	HOUSTON	TX	77056	101	Y	MB871244	5/5/2014		10/31/2019	7178	8529	2453	0	18160
32057635016	JPN MART USA INC.	3848 W CARSON ST STE 330	TORRANCE	CA	90503	0	1	RAMEN BAR ICHI	1801 S DAIRY ASHFORD RD STE 108	HOUSTON	TX	77077	101	Y	MB977503	3/29/2017		6/30/2019	998	140	2645	0	3783
17601930666	PAPPAS RESTAURANTS, INC.	13939 NORTHWEST FWY	HOUSTON	TX	77040	101	8	PAPPASITO'S CANTINA	6445 RICHMOND AVE	HOUSTON	TX	77057	101	Y	MB155132	12/1/1993		2/28/2019	76202	2091	10972	0	89265
32054484723	SOUTHEAST RESTAURANT GROUP-MAIN, LLC	1201 CANAL ST STE C2	NEW ORLEANS	LA	70112	0	1	TGIFRIDAY'S	12895 GULF FWY	HOUSTON	TX	77034	101	Y	MB885735	9/30/2014	9/12/2019	3/31/2019	33484	1513	9165	0	44162
32056468880	REGAL LICENSING, LLC	7132 REGAL LN	KNOXVILLE	TN	37918	0	3	GREENWAY GRAND PALACE 24	3839 WESLAYAN ST	HOUSTON	TX	77027	101	Y	MB925272	10/29/2015		2/28/2019	10941	4838	9559	0	25338
15623220512	TEOTIHUACAN, INC,	15840 FM 529 RD STE 210	HOUSTON	TX	77095	101	1	TEOTIHUACAN MEXICAN CAFE #1	4624 IRVINGTON BLVD	HOUSTON	TX	77009	101	Y	MB665103	7/9/2007		6/30/2019	4191	0	1842	0	6033
17606210817	I.C.I.T., INC.	15643 SCOLTY REACH LN	HUMBLE	TX	77346	101	1	I.C.I.T., INC.	9115 BLUEBERRY ST	HOUSTON	TX	77049	101	N	MB465452	1/21/2000		10/31/2019	9987	9987	9987	0	29961
19001015791	RED FISH SEAFOOD GRILL INC.	19550 STATE HIGHWAY 249	HOUSTON	TX	77070	101	1	RED FISH GRILL	19550 TOMBALL PKWY	HOUSTON	TX	77070	101	Y	MB547851	11/18/2003		2/28/2019	7515	11633	3220	0	22368
17419934009	LEISURE GROUP, INC.	1260 BLALOCK RD STE 210	HOUSTON	TX	77055	101	2	THE ORIGINAL EL GALLO MEX RESTAURANT II	12527 JONES RD	HOUSTON	TX	77070	101	Y	MB196017	12/1/1993		10/31/2019	4376	89	1328	0	5793
32044021544	HERNANDEZ REYES, INC.	15125 NORTH FWY	HOUSTON	TX	77090	101	1	OSTIONERIA MICHOACAN #8	15125 NORTH FWY	HOUSTON	TX	77090	101	Y	MB786656	10/5/2011		8/31/2019	37053	224	65068	1990	104335
17602156279	EL PALENQUE MEXICAN RESTAURANT AND CANTINA, INC.	1485 SPRING CYPRESS RD	SPRING	TX	77373	101	4	FIESTA EN GUADALAJARA	3522 IRVINGTON BLVD	HOUSTON	TX	77009	101	Y	MB247710	8/4/1994		4/30/2019	50113	158	12130	0	62401
17600327146	ART OF THE SPIRITS, INC.	PO BOX 6826	HOUSTON	TX	77265	101	2	ART OF THE SPIRITS INC	5601 MAIN ST	HOUSTON	TX	77005	101	Y	MB471939	5/25/2000		4/30/2019	0	5284	1023	0	6307
11137246382	VICTORIAN PROPERTIES, L.L.C.	8686 KIRBY DR	HOUSTON	TX	77054	101	1	CATTLEMAN'S CLUB/CACTUS JACKS'/STETSON'S	8686 KIRBY DR	HOUSTON	TX	77054	101	Y	MB618791	1/30/2006		4/30/2019	7161	2088	3213	0	12462
17524461674	OUTBACK BEVERAGES OF TEXAS, LLC	2202 N WEST SHORE BLVD STE 500	TAMPA	FL	33607	0	30	OUTBACK STEAKHOUSE	8731 WEST LOOP S	HOUSTON	TX	77096	101	Y	MB422649	1/1/2008	4/1/2024	11/30/2019	0	0	0	0	0
17601930666	PAPPAS RESTAURANTS, INC.	13939 NORTHWEST FWY	HOUSTON	TX	77040	101	45	PAPPAS SEAFOOD HOUSE & OYSTER BAR#6	6945 GULF FWY	HOUSTON	TX	77087	101	Y	MB491746	4/18/2001		4/30/2019	18568	7222	5356	0	31146
32043582439	SYBARITE PUBS LLC	2802 WHITE OAK DR STE 100	HOUSTON	TX	77007	101	1	PUBLIC HOUSE HEIGHTS	2802 WHITE OAK DR	HOUSTON	TX	77007	101	Y	MB784867	9/13/2011		2/28/2019	34807	2080	10098	0	46985
32039610939	LATRELLE'S GALLEY, LP	2131 GREEN OAK DR	KINGWOOD	TX	77339	101	1	LATRELLE'S GALLEY, LP	3500 N TERMINAL RD	HOUSTON	TX	77032	101	Y	MB837219	4/11/2013		2/28/2019	2041	0	5871	0	7912
